datetime,pow_P,temp,shortwave_radiation (W/m²),direct_radiation (W/m²),diffuse_radiation (W/m²),global_tilted_irradiance (W/m²)
2024-09-16 18:00:00,0.0,0.0,22.5,0.3,22.2,22.5
2024-09-16 19:00:00,0.0,0.0,0.0,0.0,0.0,0.0
2024-09-16 20:00:00,0.0,0.0,0.0,0.0,0.0,0.0
2024-09-16 21:00:00,0.0,0.0,0.0,0.0,0.0,0.0
2024-09-16 22:00:00,0.0,0.0,0.0,0.0,0.0,0.0
2024-09-16 23:00:00,0.0,0.0,0.0,0.0,0.0,0.0
2024-09-17 00:00:00,0.0,0.0,0.0,0.0,0.0,0.0
2024-09-17 01:00:00,0.0,0.0,0.0,0.0,0.0,0.0
2024-09-17 02:00:00,0.0,0.0,0.0,0.0,0.0,0.0
2024-09-17 03:00:00,0.0,0.0,0.0,0.0,0.0,0.0
2024-09-17 04:00:00,0.0,0.0,0.0,0.0,0.0,0.0
2024-09-17 05:00:00,0.0,37.11,0.0,0.0,0.0,0.0
2024-09-17 06:00:00,6902.0,43.56,3.7,-0.2,3.9,3.7
2024-09-17 07:00:00,12230.0,46.17,60.8,6.2,54.7,60.8
2024-09-17 08:00:00,10154.0,47.45,169.3,33.5,135.8,169.3
2024-09-17 09:00:00,32446.0,53.72,193.5,19.5,174.0,193.5
2024-09-17 10:00:00,16953.0,51.13,283.5,26.6,256.9,283.5
2024-09-17 11:00:00,15941.0,47.49,291.5,15.0,276.5,291.5
2024-09-17 12:00:00,25275.0,50.51,246.3,14.1,232.3,246.3
2024-09-17 13:00:00,20403.0,53.69,300.0,18.1,281.9,300.0
2024-09-17 14:00:00,25454.0,52.2,301.8,21.7,280.1,301.8
2024-09-17 15:00:00,6584.0,51.47,263.2,31.1,232.1,263.2
2024-09-17 16:00:00,2858.0,47.59,164.2,18.7,145.4,164.2
2024-09-17 17:00:00,0.0,43.75,80.7,6.8,73.8,80.7
2024-09-17 18:00:00,0.0,0.0,20.2,0.1,20.1,20.2
2024-09-17 19:00:00,0.0,0.0,0.0,0.0,0.0,0.0
2024-09-17 20:00:00,0.0,0.0,0.0,0.0,0.0,0.0
2024-09-17 21:00:00,0.0,0.0,0.0,0.0,0.0,0.0
2024-09-17 22:00:00,0.0,0.0,0.0,0.0,0.0,0.0
2024-09-17 23:00:00,0.0,0.0,0.0,0.0,0.0,0.0
2024-09-18 00:00:00,0.0,0.0,0.0,0.0,0.0,0.0
2024-09-18 01:00:00,0.0,0.0,0.0,0.0,0.0,0.0
2024-09-18 02:00:00,0.0,0.0,0.0,0.0,0.0,0.0
2024-09-18 03:00:00,0.0,0.0,0.0,0.0,0.0,0.0
2024-09-18 04:00:00,0.0,0.0,0.0,0.0,0.0,0.0
2024-09-18 05:00:00,189.0,37.08,0.0,0.0,0.0,0.0
2024-09-18 06:00:00,1119.0,41.31,4.0,-0.2,4.2,4.0
2024-09-18 07:00:00,14184.0,44.48,53.3,4.0,49.3,53.3
2024-09-18 08:00:00,22104.0,45.13,121.3,13.5,107.8,121.3
2024-09-18 09:00:00,11643.0,47.66,222.0,29.8,192.2,222.0
2024-09-18 10:00:00,7341.0,43.26,201.2,6.0,195.2,201.2
2024-09-18 11:00:00,21954.0,47.870000000000005,73.0,1.0,72.0,73.0
2024-09-18 12:00:00,18283.0,50.120000000000005,225.0,11.7,213.3,225.0
2024-09-18 13:00:00,18289.0,51.7,210.8,6.6,204.3,210.8
2024-09-18 14:00:00,20220.0,53.58,192.8,1.7,191.1,192.8
2024-09-18 15:00:00,15196.0,52.72,203.7,12.6,191.1,203.7
2024-09-18 16:00:00,3526.0,50.51,192.2,29.7,162.4,192.2
2024-09-18 17:00:00,0.0,46.34,78.8,6.5,72.4,78.8
2024-09-18 18:00:00,0.0,0.0,28.7,1.6,27.1,28.7
2024-09-18 19:00:00,0.0,0.0,0.0,0.0,0.0,0.0
2024-09-18 20:00:00,0.0,0.0,0.0,0.0,0.0,0.0
2024-09-18 21:00:00,0.0,0.0,0.0,0.0,0.0,0.0
2024-09-18 22:00:00,0.0,0.0,0.0,0.0,0.0,0.0
2024-09-18 23:00:00,0.0,0.0,0.0,0.0,0.0,0.0
2024-09-19 00:00:00,0.0,0.0,0.0,0.0,0.0,0.0
2024-09-19 01:00:00,0.0,0.0,0.0,0.0,0.0,0.0
2024-09-19 02:00:00,0.0,0.0,0.0,0.0,0.0,0.0
2024-09-19 03:00:00,0.0,0.0,0.0,0.0,0.0,0.0
2024-09-19 04:00:00,0.0,0.0,0.0,0.0,0.0,0.0
2024-09-19 05:00:00,868.0,39.09,0.0,0.0,0.0,0.0
2024-09-19 06:00:00,10668.0,44.93,1.5,-0.1,1.6,1.5
2024-09-19 07:00:00,9577.0,44.45,86.3,17.3,69.0,86.3
2024-09-19 08:00:00,4591.0,49.74,201.2,53.0,148.2,201.2
2024-09-19 09:00:00,17474.0,55.75,220.5,29.2,191.3,220.5
2024-09-19 10:00:00,8250.0,49.01,434.3,115.0,319.3,434.3
2024-09-19 11:00:00,73910.0,55.3,310.5,19.6,290.9,310.5
2024-09-19 12:00:00,49100.0,61.23,365.2,37.4,327.8,365.2
2024-09-19 13:00:00,32357.0,61.75,708.3,304.6,403.7,708.3
2024-09-19 14:00:00,59800.0,59.4,657.8,311.3,346.5,657.8
2024-09-19 15:00:00,6962.0,49.08,573.8,315.9,257.9,573.8
2024-09-19 16:00:00,4962.0,49.28,284.8,89.3,195.6,284.8
2024-09-19 17:00:00,0.0,45.56,95.5,11.2,84.3,95.5
2024-09-19 18:00:00,0.0,0.0,15.5,-0.3,15.8,15.5
2024-09-19 19:00:00,0.0,0.0,0.0,0.0,0.0,0.0
2024-09-19 20:00:00,0.0,0.0,0.0,0.0,0.0,0.0
2024-09-19 21:00:00,0.0,0.0,0.0,0.0,0.0,0.0
2024-09-19 22:00:00,0.0,0.0,0.0,0.0,0.0,0.0
2024-09-19 23:00:00,0.0,0.0,0.0,0.0,0.0,0.0
2024-09-20 00:00:00,0.0,0.0,0.0,0.0,0.0,0.0
2024-09-20 01:00:00,0.0,0.0,0.0,0.0,0.0,0.0
2024-09-20 02:00:00,0.0,0.0,0.0,0.0,0.0,0.0
2024-09-20 03:00:00,0.0,0.0,0.0,0.0,0.0,0.0
2024-09-20 04:00:00,0.0,0.0,0.0,0.0,0.0,0.0
2024-09-20 05:00:00,687.0,38.95,0.0,0.0,0.0,0.0
2024-09-20 06:00:00,14844.0,40.65,1.7,-0.1,1.8,1.7
2024-09-20 07:00:00,15280.0,45.42,91.3,20.2,71.2,91.3
2024-09-20 08:00:00,47600.0,54.370000000000005,230.2,75.2,155.0,230.2
2024-09-20 09:00:00,27545.0,53.78,403.8,165.8,238.0,403.8
2024-09-20 10:00:00,78220.0,60.620000000000005,501.8,177.9,324.0,501.8
2024-09-20 11:00:00,45850.0,54.55,677.0,295.3,381.7,677.0
2024-09-20 12:00:00,4958.0,47.63,504.2,104.2,399.9,504.2
2024-09-20 13:00:00,1537.0,44.81,240.8,8.6,232.3,240.8
2024-09-20 14:00:00,757.0,42.69,43.2,0.1,43.0,43.2
2024-09-20 15:00:00,625.0,41.31,21.2,0.0,21.1,21.2
2024-09-20 16:00:00,289.0,44.87,6.8,0.1,6.7,6.8
2024-09-20 17:00:00,0.0,0.0,3.0,0.0,3.0,3.0
2024-09-20 18:00:00,0.0,0.0,20.5,0.2,20.3,20.5
2024-09-20 19:00:00,0.0,0.0,0.0,0.0,0.0,0.0
2024-09-20 20:00:00,0.0,0.0,0.0,0.0,0.0,0.0
2024-09-20 21:00:00,0.0,0.0,0.0,0.0,0.0,0.0
2024-09-20 22:00:00,0.0,0.0,0.0,0.0,0.0,0.0
2024-09-20 23:00:00,0.0,0.0,0.0,0.0,0.0,0.0
2024-09-21 00:00:00,0.0,0.0,0.0,0.0,0.0,0.0
2024-09-21 01:00:00,0.0,0.0,0.0,0.0,0.0,0.0
2024-09-21 02:00:00,0.0,0.0,0.0,0.0,0.0,0.0
2024-09-21 03:00:00,0.0,0.0,0.0,0.0,0.0,0.0
2024-09-21 04:00:00,0.0,0.0,0.0,0.0,0.0,0.0
2024-09-21 05:00:00,1385.0,38.32,0.0,0.0,0.0,0.0
2024-09-21 06:00:00,10258.0,44.78,5.2,-0.2,5.4,5.2
2024-09-21 07:00:00,17013.0,45.53,136.2,54.7,81.5,136.2
2024-09-21 08:00:00,9322.0,47.69,237.0,81.0,156.0,237.0
2024-09-21 09:00:00,39780.0,50.86,273.0,55.6,217.4,273.0
2024-09-21 10:00:00,19079.0,53.86,338.0,50.7,287.3,338.0
2024-09-21 11:00:00,8813.0,46.8,526.8,137.9,389.0,526.8
2024-09-21 12:00:00,10661.0,46.06,172.7,7.7,164.9,172.7
2024-09-21 13:00:00,12881.0,48.04,198.2,5.1,193.1,198.2
2024-09-21 14:00:00,4023.0,47.45,170.7,0.3,170.4,170.7
2024-09-21 15:00:00,4294.0,46.1,66.0,-0.2,66.2,66.0
2024-09-21 16:00:00,1449.0,45.63,22.2,0.3,21.8,22.2
2024-09-21 17:00:00,0.0,0.0,36.8,0.9,36.0,36.8
2024-09-21 18:00:00,0.0,0.0,11.5,-0.4,11.9,11.5
2024-09-21 19:00:00,0.0,0.0,0.0,0.0,0.0,0.0
2024-09-21 20:00:00,0.0,0.0,0.0,0.0,0.0,0.0
2024-09-21 21:00:00,0.0,0.0,0.0,0.0,0.0,0.0
2024-09-21 22:00:00,0.0,0.0,0.0,0.0,0.0,0.0
2024-09-21 23:00:00,0.0,0.0,0.0,0.0,0.0,0.0
2024-09-22 00:00:00,0.0,0.0,0.0,0.0,0.0,0.0
2024-09-22 01:00:00,0.0,0.0,0.0,0.0,0.0,0.0
2024-09-22 02:00:00,0.0,0.0,0.0,0.0,0.0,0.0
2024-09-22 03:00:00,0.0,0.0,0.0,0.0,0.0,0.0
2024-09-22 04:00:00,0.0,0.0,0.0,0.0,0.0,0.0
2024-09-22 05:00:00,0.0,36.11,0.0,0.0,0.0,0.0
2024-09-22 06:00:00,4275.0,43.32,3.3,-0.2,3.5,3.3
2024-09-22 07:00:00,8123.0,40.55,69.7,9.2,60.4,69.7
2024-09-22 08:00:00,13840.0,44.3,128.2,15.6,112.5,128.2
2024-09-22 09:00:00,22820.0,49.57,204.2,23.1,181.1,204.2
2024-09-22 10:00:00,19659.0,51.28,254.7,17.6,237.0,254.7
2024-09-22 11:00:00,22403.0,53.83,229.7,4.9,224.8,229.7
2024-09-22 12:00:00,32770.0,52.22,268.2,14.9,253.3,268.2
2024-09-22 13:00:00,22039.0,53.99,362.3,34.1,328.2,362.3
2024-09-22 14:00:00,24433.0,54.43,418.7,78.8,339.9,418.7
2024-09-22 15:00:00,13909.0,51.82,364.5,92.6,271.9,364.5
2024-09-22 16:00:00,2010.0,48.71,174.8,23.7,151.1,174.8
2024-09-22 17:00:00,0.0,45.28,54.2,2.4,51.8,54.2
2024-09-22 18:00:00,0.0,0.0,11.7,-0.4,12.0,11.7
2024-09-22 19:00:00,0.0,0.0,0.0,0.0,0.0,0.0
2024-09-22 20:00:00,0.0,0.0,0.0,0.0,0.0,0.0
2024-09-22 21:00:00,0.0,0.0,0.0,0.0,0.0,0.0
2024-09-22 22:00:00,0.0,0.0,0.0,0.0,0.0,0.0
2024-09-22 23:00:00,0.0,0.0,0.0,0.0,0.0,0.0
2024-09-23 00:00:00,0.0,0.0,0.0,0.0,0.0,0.0
2024-09-23 01:00:00,0.0,0.0,0.0,0.0,0.0,0.0
2024-09-23 02:00:00,0.0,0.0,0.0,0.0,0.0,0.0
2024-09-23 03:00:00,0.0,0.0,0.0,0.0,0.0,0.0
2024-09-23 04:00:00,0.0,0.0,0.0,0.0,0.0,0.0
2024-09-23 05:00:00,633.0,37.88,0.0,0.0,0.0,0.0
2024-09-23 06:00:00,10298.0,44.63,5.7,-0.2,5.8,5.7
2024-09-23 07:00:00,35080.0,48.1,153.7,70.2,83.5,153.7
2024-09-23 08:00:00,55680.0,56.91,319.8,166.4,153.5,319.8
2024-09-23 09:00:00,50070.0,59.88,549.0,349.4,199.6,549.0
2024-09-23 10:00:00,27188.0,60.94,632.5,337.0,295.5,632.5
2024-09-23 11:00:00,27931.0,51.82,650.0,264.4,385.6,650.0
2024-09-23 12:00:00,37800.0,60.57,541.3,131.1,410.2,541.3
2024-09-23 13:00:00,19101.0,52.6,580.2,170.2,410.0,580.2
2024-09-23 14:00:00,36590.0,54.620000000000005,395.5,65.3,330.2,395.5
2024-09-23 15:00:00,19273.0,53.3,626.2,396.3,229.8,626.2
2024-09-23 16:00:00,349.0,49.53,291.0,97.7,193.3,291.0
2024-09-23 17:00:00,0.0,44.36,116.5,20.3,96.2,116.5
2024-09-23 18:00:00,0.0,0.0,10.7,-0.4,11.0,10.7
2024-09-23 19:00:00,0.0,0.0,0.0,0.0,0.0,0.0
2024-09-23 20:00:00,0.0,0.0,0.0,0.0,0.0,0.0
2024-09-23 21:00:00,0.0,0.0,0.0,0.0,0.0,0.0
2024-09-23 22:00:00,0.0,0.0,0.0,0.0,0.0,0.0
2024-09-23 23:00:00,0.0,0.0,0.0,0.0,0.0,0.0
2024-09-24 00:00:00,0.0,0.0,0.0,0.0,0.0,0.0
2024-09-24 01:00:00,0.0,0.0,0.0,0.0,0.0,0.0
2024-09-24 02:00:00,0.0,0.0,0.0,0.0,0.0,0.0
2024-09-24 03:00:00,0.0,0.0,0.0,0.0,0.0,0.0
2024-09-24 04:00:00,0.0,0.0,0.0,0.0,0.0,0.0
2024-09-24 05:00:00,569.0,38.26,0.0,0.0,0.0,0.0
2024-09-24 06:00:00,8640.0,44.63,3.3,-0.2,3.5,3.3
2024-09-24 07:00:00,15681.0,46.38,92.5,20.8,71.7,92.5
2024-09-24 08:00:00,26670.0,52.27,315.7,161.5,154.1,315.7
2024-09-24 09:00:00,34550.0,53.58,405.7,168.1,237.6,405.7
2024-09-24 10:00:00,33090.0,53.35,490.8,167.7,323.1,490.8
2024-09-24 11:00:00,29934.0,55.28,445.8,79.4,366.4,445.8
2024-09-24 12:00:00,30588.0,54.23,597.2,178.7,418.5,597.2
2024-09-24 13:00:00,30355.0,54.02,491.2,99.6,391.6,491.2
2024-09-24 14:00:00,18805.0,51.31,539.3,181.0,358.3,539.3
2024-09-24 15:00:00,10031.0,51.74,268.8,36.3,232.5,268.8
2024-09-24 16:00:00,3508.0,50.16,146.8,14.8,132.1,146.8
2024-09-24 17:00:00,0.0,46.9,110.2,17.7,92.5,110.2
2024-09-24 18:00:00,0.0,0.0,17.5,-0.1,17.6,17.5
2024-09-24 19:00:00,0.0,0.0,0.0,0.0,0.0,0.0
2024-09-24 20:00:00,0.0,0.0,0.0,0.0,0.0,0.0
2024-09-24 21:00:00,0.0,0.0,0.0,0.0,0.0,0.0
2024-09-24 22:00:00,0.0,0.0,0.0,0.0,0.0,0.0
2024-09-24 23:00:00,0.0,0.0,0.0,0.0,0.0,0.0
2024-09-25 00:00:00,0.0,0.0,0.0,0.0,0.0,0.0
2024-09-25 01:00:00,0.0,0.0,0.0,0.0,0.0,0.0
2024-09-25 02:00:00,0.0,0.0,0.0,0.0,0.0,0.0
2024-09-25 03:00:00,0.0,0.0,0.0,0.0,0.0,0.0
2024-09-25 04:00:00,0.0,0.0,0.0,0.0,0.0,0.0
2024-09-25 05:00:00,2837.0,40.69,0.0,0.0,0.0,0.0
2024-09-25 06:00:00,22525.0,43.69,0.2,0.0,0.2,0.2
2024-09-25 07:00:00,30221.0,50.2,33.5,0.7,32.8,33.5
2024-09-25 08:00:00,49580.0,57.06,275.2,117.2,158.0,275.2
2024-09-25 09:00:00,51360.0,62.72,575.8,387.0,188.8,575.8
2024-09-25 10:00:00,64160.0,68.03,792.7,572.2,220.5,792.7
2024-09-25 11:00:00,69210.0,64.89,874.5,580.8,293.7,874.5
2024-09-25 12:00:00,20449.0,58.96,911.0,581.4,329.6,911.0
2024-09-25 13:00:00,4473.0,49.34,635.7,227.6,408.1,635.7
2024-09-25 14:00:00,14981.0,51.09,107.3,-0.9,108.3,107.3
2024-09-25 15:00:00,24526.0,53.2,654.7,441.2,213.4,654.7
2024-09-25 16:00:00,2187.0,50.19,493.7,338.1,155.6,493.7
2024-09-25 17:00:00,0.0,45.67,246.3,130.8,115.5,246.3
2024-09-25 18:00:00,0.0,0.0,29.2,2.2,26.9,29.2
2024-09-25 19:00:00,0.0,0.0,0.0,0.0,0.0,0.0
2024-09-25 20:00:00,0.0,0.0,0.0,0.0,0.0,0.0
2024-09-25 21:00:00,0.0,0.0,0.0,0.0,0.0,0.0
2024-09-25 22:00:00,0.0,0.0,0.0,0.0,0.0,0.0
2024-09-25 23:00:00,0.0,0.0,0.0,0.0,0.0,0.0
2024-09-26 00:00:00,0.0,0.0,0.0,0.0,0.0,0.0
2024-09-26 01:00:00,0.0,0.0,0.0,0.0,0.0,0.0
2024-09-26 02:00:00,0.0,0.0,0.0,0.0,0.0,0.0
2024-09-26 03:00:00,0.0,0.0,0.0,0.0,0.0,0.0
2024-09-26 04:00:00,0.0,0.0,0.0,0.0,0.0,0.0
2024-09-26 05:00:00,827.0,38.75,0.0,0.0,0.0,0.0
2024-09-26 06:00:00,14169.0,44.81,5.7,-0.2,5.8,5.7
2024-09-26 07:00:00,37120.0,49.61,142.0,59.6,82.4,142.0
2024-09-26 08:00:00,45990.0,56.47,354.5,207.5,147.0,354.5
2024-09-26 09:00:00,50900.0,59.24,486.5,265.4,221.1,486.5
2024-09-26 10:00:00,60900.0,58.51,658.0,373.8,284.2,658.0
2024-09-26 11:00:00,17518.0,53.76,708.5,340.2,368.3,708.5
2024-09-26 12:00:00,38980.0,55.41,619.2,200.8,418.4,619.2
2024-09-26 13:00:00,3132.0,49.61,474.5,89.5,385.0,474.5
2024-09-26 14:00:00,3328.0,48.58,358.0,47.0,311.0,358.0
2024-09-26 15:00:00,6672.0,47.97,326.0,68.5,257.5,326.0
2024-09-26 16:00:00,4069.0,48.01,106.2,6.1,100.1,106.2
2024-09-26 17:00:00,0.0,44.84,14.8,0.1,14.7,14.8
2024-09-26 18:00:00,0.0,0.0,16.5,-0.1,16.6,16.5
2024-09-26 19:00:00,0.0,0.0,0.0,0.0,0.0,0.0
2024-09-26 20:00:00,0.0,0.0,0.0,0.0,0.0,0.0
2024-09-26 21:00:00,0.0,0.0,0.0,0.0,0.0,0.0
2024-09-26 22:00:00,0.0,0.0,0.0,0.0,0.0,0.0
2024-09-26 23:00:00,0.0,0.0,0.0,0.0,0.0,0.0
2024-09-27 00:00:00,0.0,0.0,0.0,0.0,0.0,0.0
2024-09-27 01:00:00,0.0,0.0,0.0,0.0,0.0,0.0
2024-09-27 02:00:00,0.0,0.0,0.0,0.0,0.0,0.0
2024-09-27 03:00:00,0.0,0.0,0.0,0.0,0.0,0.0
2024-09-27 04:00:00,0.0,0.0,0.0,0.0,0.0,0.0
2024-09-27 05:00:00,523.0,39.91,0.0,0.0,0.0,0.0
2024-09-27 06:00:00,2104.0,44.6,1.8,-0.1,2.0,1.8
2024-09-27 07:00:00,9721.0,41.34,47.8,2.8,45.1,47.8
2024-09-27 08:00:00,52990.0,55.21,85.2,5.2,80.0,85.2
2024-09-27 09:00:00,22965.0,56.65,540.2,337.9,202.3,540.2
2024-09-27 10:00:00,27681.0,57.43,511.5,190.2,321.3,511.5
2024-09-27 11:00:00,27681.0,57.43,692.0,319.6,372.4,692.0
2024-09-27 12:00:00,27681.0,57.43,973.2,680.9,292.2,973.2
2024-09-27 13:00:00,27681.0,57.43,978.7,711.6,267.1,978.7
2024-09-27 14:00:00,27681.0,57.43,749.7,455.1,294.6,749.7
2024-09-27 15:00:00,27681.0,57.43,394.8,122.2,272.6,394.8
2024-09-27 16:00:00,27681.0,57.43,434.0,263.5,170.5,434.0
2024-09-27 17:00:00,27681.0,57.43,86.3,9.3,77.0,86.3
2024-09-27 18:00:00,27681.0,57.43,31.2,3.1,28.1,31.2
2024-09-27 19:00:00,27681.0,57.43,0.0,0.0,0.0,0.0
2024-09-27 20:00:00,27681.0,57.43,0.0,0.0,0.0,0.0
2024-09-27 21:00:00,27681.0,57.43,0.0,0.0,0.0,0.0
2024-09-27 22:00:00,0.0,0.0,0.0,0.0,0.0,0.0
2024-09-27 23:00:00,0.0,0.0,0.0,0.0,0.0,0.0
2024-09-28 00:00:00,0.0,0.0,0.0,0.0,0.0,0.0
2024-09-28 01:00:00,0.0,0.0,0.0,0.0,0.0,0.0
2024-09-28 02:00:00,0.0,0.0,0.0,0.0,0.0,0.0
2024-09-28 03:00:00,0.0,0.0,0.0,0.0,0.0,0.0
2024-09-28 04:00:00,0.0,0.0,0.0,0.0,0.0,0.0
2024-09-28 05:00:00,988.0,38.23,0.0,0.0,0.0,0.0
2024-09-28 06:00:00,15759.0,45.02,5.0,-0.2,5.2,5.0
2024-09-28 07:00:00,35140.0,51.2,157.2,73.2,84.0,157.2
2024-09-28 08:00:00,57830.0,56.93,394.8,255.5,139.3,394.8
2024-09-28 09:00:00,65210.0,66.22,573.3,384.2,189.1,573.3
2024-09-28 10:00:00,19559.0,59.8,719.8,465.0,254.8,719.8
2024-09-28 11:00:00,24190.0,52.42,684.7,311.1,373.5,684.7
2024-09-28 12:00:00,75450.0,56.53,534.7,127.6,407.1,534.7
2024-09-28 13:00:00,55900.0,59.08,649.5,246.4,403.1,649.5
2024-09-28 14:00:00,15099.0,59.0,703.3,389.9,313.4,703.3
2024-09-28 15:00:00,11128.0,52.31,567.8,323.4,244.5,567.8
2024-09-28 16:00:00,9149.0,51.15,381.0,198.2,182.8,381.0
2024-09-28 17:00:00,0.0,48.81,159.3,49.4,109.9,159.3
2024-09-28 18:00:00,0.0,0.0,0.5,0.0,0.5,0.5
2024-09-28 19:00:00,0.0,0.0,0.0,0.0,0.0,0.0
2024-09-28 20:00:00,0.0,0.0,0.0,0.0,0.0,0.0
2024-09-28 21:00:00,0.0,0.0,0.0,0.0,0.0,0.0
2024-09-28 22:00:00,0.0,0.0,0.0,0.0,0.0,0.0
2024-09-28 23:00:00,0.0,0.0,0.0,0.0,0.0,0.0
2024-09-29 00:00:00,0.0,0.0,0.0,0.0,0.0,0.0
2024-09-29 01:00:00,0.0,0.0,0.0,0.0,0.0,0.0
2024-09-29 02:00:00,0.0,0.0,0.0,0.0,0.0,0.0
2024-09-29 03:00:00,0.0,0.0,0.0,0.0,0.0,0.0
2024-09-29 04:00:00,0.0,0.0,0.0,0.0,0.0,0.0
2024-09-29 05:00:00,990.0,39.79,0.0,0.0,0.0,0.0
2024-09-29 06:00:00,11589.0,42.51,4.3,-0.2,4.6,4.3
2024-09-29 07:00:00,22985.0,49.54,150.0,66.8,83.2,150.0
2024-09-29 08:00:00,15948.0,52.01,364.0,219.0,145.0,364.0
2024-09-29 09:00:00,33570.0,57.56,427.2,193.0,234.1,427.2
2024-09-29 10:00:00,63010.0,61.370000000000005,544.2,227.7,316.5,544.2
2024-09-29 11:00:00,66980.0,67.15,846.7,542.8,303.8,846.7
2024-09-29 12:00:00,59380.0,67.82000000000001,940.7,633.6,307.0,940.7
2024-09-29 13:00:00,49590.0,64.71000000000001,952.7,675.5,277.2,952.7
2024-09-29 14:00:00,7448.0,53.27,843.8,601.9,242.0,843.8
2024-09-29 15:00:00,7600.0,50.51,553.3,305.4,247.9,553.3
2024-09-29 16:00:00,4131.0,51.74,338.8,150.7,188.1,338.8
2024-09-29 17:00:00,0.0,49.34,40.3,1.1,39.2,40.3
2024-09-29 18:00:00,0.0,0.0,1.3,-0.1,1.4,1.3
2024-09-29 19:00:00,0.0,0.0,0.0,0.0,0.0,0.0
2024-09-29 20:00:00,0.0,0.0,0.0,0.0,0.0,0.0
2024-09-29 21:00:00,0.0,0.0,0.0,0.0,0.0,0.0
2024-09-29 22:00:00,0.0,0.0,0.0,0.0,0.0,0.0
2024-09-29 23:00:00,0.0,0.0,0.0,0.0,0.0,0.0
2024-09-30 00:00:00,0.0,0.0,0.0,0.0,0.0,0.0
2024-09-30 01:00:00,0.0,0.0,0.0,0.0,0.0,0.0
2024-09-30 02:00:00,0.0,0.0,0.0,0.0,0.0,0.0
2024-09-30 03:00:00,0.0,0.0,0.0,0.0,0.0,0.0
2024-09-30 04:00:00,0.0,0.0,0.0,0.0,0.0,0.0
2024-09-30 05:00:00,1170.0,39.96,0.0,0.0,0.0,0.0
2024-09-30 06:00:00,12806.0,41.44,4.7,-0.2,4.9,4.7
2024-09-30 07:00:00,40020.0,50.59,143.7,61.1,82.6,143.7
2024-09-30 08:00:00,44300.0,54.09,321.3,168.4,152.9,321.3
2024-09-30 09:00:00,60440.0,61.33,498.3,282.0,216.3,498.3
2024-09-30 10:00:00,65280.0,67.0,760.0,526.5,233.5,760.0
2024-09-30 11:00:00,61680.0,70.3,876.5,590.0,286.5,876.5
2024-09-30 12:00:00,60360.0,72.49,970.2,681.3,288.8,970.2
2024-09-30 13:00:00,53150.0,68.84,956.5,683.6,272.9,956.5
2024-09-30 14:00:00,38930.0,63.9,844.3,604.8,239.5,844.3
2024-09-30 15:00:00,9973.0,51.92,696.2,509.9,186.3,696.2
2024-09-30 16:00:00,4728.0,51.01,427.5,259.0,168.5,427.5
2024-09-30 17:00:00,0.0,0.0,24.8,0.3,24.5,24.8
2024-09-30 18:00:00,0.0,0.0,4.8,-0.2,5.1,4.8
2024-09-30 19:00:00,0.0,0.0,0.0,0.0,0.0,0.0
2024-09-30 20:00:00,0.0,0.0,0.0,0.0,0.0,0.0
2024-09-30 21:00:00,0.0,0.0,0.0,0.0,0.0,0.0
2024-09-30 22:00:00,0.0,0.0,0.0,0.0,0.0,0.0
2024-09-30 23:00:00,0.0,0.0,0.0,0.0,0.0,0.0
2024-10-01 00:00:00,0.0,0.0,0.0,0.0,0.0,0.0
2024-10-01 01:00:00,0.0,0.0,0.0,0.0,0.0,0.0
2024-10-01 02:00:00,0.0,0.0,0.0,0.0,0.0,0.0
2024-10-01 03:00:00,0.0,0.0,0.0,0.0,0.0,0.0
2024-10-01 04:00:00,0.0,0.0,0.0,0.0,0.0,0.0
2024-10-01 05:00:00,1263.0,39.85,0.0,0.0,0.0,0.0
2024-10-01 06:00:00,14696.0,44.21,5.0,-0.2,5.2,5.0
2024-10-01 07:00:00,32970.0,48.17,154.7,71.0,83.7,154.7
2024-10-01 08:00:00,9676.0,51.0,328.3,176.7,151.7,328.3
2024-10-01 09:00:00,12434.0,53.08,462.7,236.3,226.3,462.7
2024-10-01 10:00:00,62240.0,60.43,397.5,89.5,308.0,397.5
2024-10-01 11:00:00,21510.0,54.96,704.2,339.7,364.5,704.2
2024-10-01 12:00:00,64070.0,59.76,633.2,218.9,414.3,633.2
2024-10-01 13:00:00,13638.0,57.24,697.8,308.5,389.4,697.8
2024-10-01 14:00:00,40160.0,56.61,730.2,435.0,295.2,730.2
2024-10-01 15:00:00,8225.0,53.21,632.2,419.7,212.4,632.2
2024-10-01 16:00:00,4289.0,49.77,434.0,268.6,165.4,434.0
2024-10-01 17:00:00,0.0,47.18,169.0,59.2,109.8,169.0
2024-10-01 18:00:00,0.0,0.0,5.8,-0.3,6.1,5.8
2024-10-01 19:00:00,0.0,0.0,0.0,0.0,0.0,0.0
2024-10-01 20:00:00,0.0,0.0,0.0,0.0,0.0,0.0
2024-10-01 21:00:00,0.0,0.0,0.0,0.0,0.0,0.0
2024-10-01 22:00:00,0.0,0.0,0.0,0.0,0.0,0.0
2024-10-01 23:00:00,0.0,0.0,0.0,0.0,0.0,0.0
2024-10-02 00:00:00,0.0,0.0,0.0,0.0,0.0,0.0
2024-10-02 01:00:00,0.0,0.0,0.0,0.0,0.0,0.0
2024-10-02 02:00:00,0.0,0.0,0.0,0.0,0.0,0.0
2024-10-02 03:00:00,0.0,0.0,0.0,0.0,0.0,0.0
2024-10-02 04:00:00,0.0,0.0,0.0,0.0,0.0,0.0
2024-10-02 05:00:00,959.0,38.89,0.0,0.0,0.0,0.0
2024-10-02 06:00:00,13317.0,43.29,6.0,-0.2,6.2,6.0
2024-10-02 07:00:00,37830.0,49.84,149.2,66.1,83.1,149.2
2024-10-02 08:00:00,46580.0,54.38,377.0,234.9,142.1,377.0
2024-10-02 09:00:00,16741.0,58.51,565.7,374.9,190.8,565.7
2024-10-02 10:00:00,62620.0,63.84,700.8,440.0,260.8,700.8
2024-10-02 11:00:00,25753.0,66.76,855.3,560.2,295.1,855.3
2024-10-02 12:00:00,25362.0,60.05,887.2,556.5,330.7,887.2
2024-10-02 13:00:00,36980.0,50.66,823.3,483.8,339.5,823.3
2024-10-02 14:00:00,23572.0,53.53,503.3,155.9,347.5,503.3
2024-10-02 15:00:00,7245.0,52.03,297.0,54.7,242.3,297.0
2024-10-02 16:00:00,2935.0,50.2,184.0,30.5,153.5,184.0
2024-10-02 17:00:00,0.0,47.59,44.2,1.5,42.7,44.2
2024-10-02 18:00:00,0.0,0.0,4.5,-0.2,4.7,4.5
2024-10-02 19:00:00,0.0,0.0,0.0,0.0,0.0,0.0
2024-10-02 20:00:00,0.0,0.0,0.0,0.0,0.0,0.0
2024-10-02 21:00:00,0.0,0.0,0.0,0.0,0.0,0.0
2024-10-02 22:00:00,0.0,0.0,0.0,0.0,0.0,0.0
2024-10-02 23:00:00,0.0,0.0,0.0,0.0,0.0,0.0
2024-10-03 00:00:00,0.0,0.0,0.0,0.0,0.0,0.0
2024-10-03 01:00:00,0.0,0.0,0.0,0.0,0.0,0.0
2024-10-03 02:00:00,0.0,0.0,0.0,0.0,0.0,0.0
2024-10-03 03:00:00,0.0,0.0,0.0,0.0,0.0,0.0
2024-10-03 04:00:00,0.0,0.0,0.0,0.0,0.0,0.0
2024-10-03 05:00:00,1513.0,39.21,0.0,0.0,0.0,0.0
2024-10-03 06:00:00,13932.0,44.39,5.5,-0.2,5.7,5.5
2024-10-03 07:00:00,32180.0,49.97,145.3,62.7,82.7,145.3
2024-10-03 08:00:00,51410.0,55.120000000000005,368.5,224.8,143.7,368.5
2024-10-03 09:00:00,17913.0,53.21,472.7,249.7,223.0,472.7
2024-10-03 10:00:00,31414.0,57.24,406.3,96.7,309.6,406.3
2024-10-03 11:00:00,9268.0,48.41,314.3,21.9,292.5,314.3
2024-10-03 12:00:00,21976.0,49.9,255.3,10.0,245.3,255.3
2024-10-03 13:00:00,8058.0,49.44,352.0,31.5,320.5,352.0
2024-10-03 14:00:00,1361.0,47.08,104.3,-1.0,105.3,104.3
2024-10-03 15:00:00,106.0,48.78,27.0,0.1,26.9,27.0
2024-10-03 16:00:00,0.0,47.45,30.8,0.5,30.3,30.8
2024-10-03 17:00:00,0.0,0.0,3.7,0.0,3.6,3.7
2024-10-03 18:00:00,0.0,0.0,7.2,-0.3,7.5,7.2
2024-10-03 19:00:00,0.0,0.0,0.0,0.0,0.0,0.0
2024-10-03 20:00:00,0.0,0.0,0.0,0.0,0.0,0.0
2024-10-03 21:00:00,0.0,0.0,0.0,0.0,0.0,0.0
2024-10-03 22:00:00,0.0,0.0,0.0,0.0,0.0,0.0
2024-10-03 23:00:00,0.0,0.0,0.0,0.0,0.0,0.0
2024-10-04 00:00:00,0.0,0.0,0.0,0.0,0.0,0.0
2024-10-04 01:00:00,0.0,0.0,0.0,0.0,0.0,0.0
2024-10-04 02:00:00,0.0,0.0,0.0,0.0,0.0,0.0
2024-10-04 03:00:00,0.0,0.0,0.0,0.0,0.0,0.0
2024-10-04 04:00:00,0.0,0.0,0.0,0.0,0.0,0.0
2024-10-04 05:00:00,1167.0,38.14,0.0,0.0,0.0,0.0
2024-10-04 06:00:00,10732.0,44.3,4.2,-0.2,4.4,4.2
2024-10-04 07:00:00,34960.0,50.59,106.2,29.9,76.3,106.2
2024-10-04 08:00:00,47650.0,54.45,365.7,221.6,144.1,365.7
2024-10-04 09:00:00,57730.0,59.24,605.2,430.4,174.8,605.2
2024-10-04 10:00:00,63630.0,63.86,793.7,580.1,213.5,793.7
2024-10-04 11:00:00,62010.0,67.23,920.7,663.9,256.7,920.7
2024-10-04 12:00:00,59770.0,67.92,970.7,689.7,281.0,970.7
2024-10-04 13:00:00,54630.0,65.96000000000001,959.2,696.8,262.4,959.2
2024-10-04 14:00:00,47650.0,64.4,858.2,634.7,223.5,858.2
2024-10-04 15:00:00,1538.0,53.09,553.2,314.1,239.1,553.2
2024-10-04 16:00:00,1340.0,48.51,24.7,0.4,24.2,24.7
2024-10-04 17:00:00,0.0,0.0,36.0,0.8,35.2,36.0
2024-10-04 18:00:00,0.0,0.0,0.3,0.0,0.4,0.3
2024-10-04 19:00:00,0.0,0.0,0.0,0.0,0.0,0.0
2024-10-04 20:00:00,0.0,0.0,0.0,0.0,0.0,0.0
2024-10-04 21:00:00,0.0,0.0,0.0,0.0,0.0,0.0
2024-10-04 22:00:00,0.0,0.0,0.0,0.0,0.0,0.0
2024-10-04 23:00:00,0.0,0.0,0.0,0.0,0.0,0.0
2024-10-05 00:00:00,0.0,0.0,0.0,0.0,0.0,0.0
2024-10-05 01:00:00,0.0,0.0,0.0,0.0,0.0,0.0
2024-10-05 02:00:00,0.0,0.0,0.0,0.0,0.0,0.0
2024-10-05 03:00:00,0.0,0.0,0.0,0.0,0.0,0.0
2024-10-05 04:00:00,0.0,0.0,0.0,0.0,0.0,0.0
2024-10-05 05:00:00,1706.0,38.95,0.0,0.0,0.0,0.0
2024-10-05 06:00:00,13658.0,44.9,4.7,-0.2,4.9,4.7
2024-10-05 07:00:00,21207.0,49.31,145.5,62.9,82.6,145.5
2024-10-05 08:00:00,31128.0,54.42,379.8,238.6,141.2,379.8
2024-10-05 09:00:00,39600.0,59.44,594.7,416.3,178.3,594.7
2024-10-05 10:00:00,63000.0,65.66,776.7,555.8,220.9,776.7
2024-10-05 11:00:00,22309.0,61.17,916.2,658.6,257.6,916.2
2024-10-05 12:00:00,9859.0,55.51,841.7,493.6,348.1,841.7
2024-10-05 13:00:00,7435.0,49.14,575.7,178.1,397.6,575.7
2024-10-05 14:00:00,8934.0,51.42,722.2,432.4,289.8,722.2
2024-10-05 15:00:00,4509.0,48.370000000000005,393.0,129.0,264.0,393.0
2024-10-05 16:00:00,5997.0,47.83,174.3,27.1,147.3,174.3
2024-10-05 17:00:00,0.0,0.0,137.0,36.4,100.6,137.0
2024-10-05 18:00:00,0.0,0.0,15.5,-0.1,15.6,15.5
2024-10-05 19:00:00,0.0,0.0,0.0,0.0,0.0,0.0
2024-10-05 20:00:00,0.0,0.0,0.0,0.0,0.0,0.0
2024-10-05 21:00:00,0.0,0.0,0.0,0.0,0.0,0.0
2024-10-05 22:00:00,0.0,0.0,0.0,0.0,0.0,0.0
2024-10-05 23:00:00,0.0,0.0,0.0,0.0,0.0,0.0
2024-10-06 00:00:00,0.0,0.0,0.0,0.0,0.0,0.0
2024-10-06 01:00:00,0.0,0.0,0.0,0.0,0.0,0.0
2024-10-06 02:00:00,0.0,0.0,0.0,0.0,0.0,0.0
2024-10-06 03:00:00,0.0,0.0,0.0,0.0,0.0,0.0
2024-10-06 04:00:00,0.0,0.0,0.0,0.0,0.0,0.0
2024-10-06 05:00:00,379.0,35.910000000000004,0.0,0.0,0.0,0.0
2024-10-06 06:00:00,7651.0,44.9,1.3,-0.1,1.4,1.3
2024-10-06 07:00:00,0.0,0.0,48.0,2.8,45.2,48.0
2024-10-06 08:00:00,0.0,0.0,279.7,122.8,156.8,279.7
2024-10-06 09:00:00,0.0,0.0,589.2,409.2,180.0,589.2
2024-10-06 10:00:00,0.0,0.0,616.0,323.3,292.7,616.0
2024-10-06 11:00:00,0.0,0.0,691.7,329.5,362.2,691.7
2024-10-06 12:00:00,0.0,0.0,863.3,528.1,335.2,863.3
2024-10-06 13:00:00,0.0,0.0,882.2,582.5,299.6,882.2
2024-10-06 14:00:00,0.0,0.0,753.0,480.5,272.5,753.0
2024-10-06 15:00:00,813.0,44.69,210.3,18.9,191.5,210.3
2024-10-06 16:00:00,1106.0,43.29,79.3,3.2,76.1,79.3
2024-10-06 17:00:00,0.0,0.0,38.3,1.0,37.4,38.3
2024-10-06 18:00:00,0.0,0.0,8.8,-0.4,9.2,8.8
2024-10-06 19:00:00,0.0,0.0,0.0,0.0,0.0,0.0
2024-10-06 20:00:00,0.0,0.0,0.0,0.0,0.0,0.0
2024-10-06 21:00:00,0.0,0.0,0.0,0.0,0.0,0.0
2024-10-06 22:00:00,0.0,0.0,0.0,0.0,0.0,0.0
2024-10-06 23:00:00,0.0,0.0,0.0,0.0,0.0,0.0
2024-10-07 00:00:00,0.0,0.0,0.0,0.0,0.0,0.0
2024-10-07 01:00:00,0.0,0.0,0.0,0.0,0.0,0.0
2024-10-07 02:00:00,0.0,0.0,0.0,0.0,0.0,0.0
2024-10-07 03:00:00,0.0,0.0,0.0,0.0,0.0,0.0
2024-10-07 04:00:00,0.0,0.0,0.0,0.0,0.0,0.0
2024-10-07 05:00:00,613.0,36.33,0.0,0.0,0.0,0.0
2024-10-07 06:00:00,6149.0,44.81,1.5,-0.1,1.6,1.5
2024-10-07 07:00:00,26661.0,49.31,82.8,15.3,67.5,82.8
2024-10-07 08:00:00,47820.0,56.86,330.7,180.3,150.4,330.7
2024-10-07 09:00:00,63870.0,63.13,534.7,334.1,200.6,534.7
2024-10-07 10:00:00,49350.0,56.57,712.8,462.5,250.4,712.8
2024-10-07 11:00:00,54160.0,66.43,736.0,391.2,344.8,736.0
2024-10-07 12:00:00,17524.0,66.5,930.2,633.0,297.1,930.2
2024-10-07 13:00:00,51590.0,64.61,916.5,638.2,278.3,916.5
2024-10-07 14:00:00,38690.0,60.1,825.5,592.4,233.1,825.5
2024-10-07 15:00:00,16429.0,53.75,648.3,454.2,194.1,648.3
2024-10-07 16:00:00,2429.0,50.19,271.8,92.0,179.8,271.8
2024-10-07 17:00:00,0.0,48.78,19.0,0.1,18.9,19.0
2024-10-07 18:00:00,0.0,0.0,5.8,-0.3,6.1,5.8
2024-10-07 19:00:00,0.0,0.0,0.0,0.0,0.0,0.0
2024-10-07 20:00:00,0.0,0.0,0.0,0.0,0.0,0.0
2024-10-07 21:00:00,0.0,0.0,0.0,0.0,0.0,0.0
2024-10-07 22:00:00,0.0,0.0,0.0,0.0,0.0,0.0
2024-10-07 23:00:00,0.0,0.0,0.0,0.0,0.0,0.0
2024-10-08 00:00:00,0.0,0.0,0.0,0.0,0.0,0.0
2024-10-08 01:00:00,0.0,0.0,0.0,0.0,0.0,0.0
2024-10-08 02:00:00,0.0,0.0,0.0,0.0,0.0,0.0
2024-10-08 03:00:00,0.0,0.0,0.0,0.0,0.0,0.0
2024-10-08 04:00:00,0.0,0.0,0.0,0.0,0.0,0.0
2024-10-08 05:00:00,330.0,36.94,0.0,0.0,0.0,0.0
2024-10-08 06:00:00,17247.0,43.22,5.7,-0.2,5.8,5.7
2024-10-08 07:00:00,14446.0,47.11,112.8,35.1,77.8,112.8
2024-10-08 08:00:00,50260.0,53.35,262.0,105.2,156.8,262.0
2024-10-08 09:00:00,20860.0,52.31,550.7,356.7,193.9,550.7
2024-10-08 10:00:00,26467.0,55.47,334.7,52.4,282.2,334.7
2024-10-08 11:00:00,48060.0,56.82,333.0,28.8,304.2,333.0
2024-10-08 12:00:00,27135.0,52.08,566.7,160.8,405.9,566.7
2024-10-08 13:00:00,15662.0,50.620000000000005,522.5,133.7,388.8,522.5
2024-10-08 14:00:00,7830.0,50.03,622.0,299.9,322.1,622.0
2024-10-08 15:00:00,10940.0,49.51,482.0,229.0,253.0,482.0
2024-10-08 16:00:00,3280.0,47.69,157.2,20.9,136.2,157.2
2024-10-08 17:00:00,0.0,0.0,57.2,3.2,53.9,57.2
2024-10-08 18:00:00,0.0,0.0,2.2,-0.1,2.3,2.2
2024-10-08 19:00:00,0.0,0.0,0.0,0.0,0.0,0.0
2024-10-08 20:00:00,0.0,0.0,0.0,0.0,0.0,0.0
2024-10-08 21:00:00,0.0,0.0,0.0,0.0,0.0,0.0
2024-10-08 22:00:00,0.0,0.0,0.0,0.0,0.0,0.0
2024-10-08 23:00:00,0.0,0.0,0.0,0.0,0.0,0.0
2024-10-09 00:00:00,0.0,0.0,0.0,0.0,0.0,0.0
2024-10-09 01:00:00,0.0,0.0,0.0,0.0,0.0,0.0
2024-10-09 02:00:00,0.0,0.0,0.0,0.0,0.0,0.0
2024-10-09 03:00:00,0.0,0.0,0.0,0.0,0.0,0.0
2024-10-09 04:00:00,0.0,0.0,0.0,0.0,0.0,0.0
2024-10-09 05:00:00,1016.0,38.81,0.0,0.0,0.0,0.0
2024-10-09 06:00:00,8218.0,44.96,6.0,-0.1,6.1,6.0
2024-10-09 07:00:00,36780.0,48.61,159.0,75.0,84.0,159.0
2024-10-09 08:00:00,48880.0,55.47,400.0,262.6,137.4,400.0
2024-10-09 09:00:00,40810.0,62.86,601.8,428.1,173.8,601.8
2024-10-09 10:00:00,14294.0,56.53,692.0,433.9,258.1,692.0
2024-10-09 11:00:00,19631.0,53.27,538.2,159.3,378.9,538.2
2024-10-09 12:00:00,14920.0,55.3,524.8,126.4,398.4,524.8
2024-10-09 13:00:00,59350.0,54.5,676.0,295.7,380.3,676.0
2024-10-09 14:00:00,35420.0,51.93,825.8,597.7,228.1,825.8
2024-10-09 15:00:00,8379.0,49.74,241.7,31.1,210.6,241.7
2024-10-09 16:00:00,933.0,47.9,56.7,1.5,55.1,56.7
2024-10-09 17:00:00,0.0,0.0,21.8,0.2,21.6,21.8
2024-10-09 18:00:00,0.0,0.0,4.3,-0.2,4.6,4.3
2024-10-09 19:00:00,0.0,0.0,0.0,0.0,0.0,0.0
2024-10-09 20:00:00,0.0,0.0,0.0,0.0,0.0,0.0
2024-10-09 21:00:00,0.0,0.0,0.0,0.0,0.0,0.0
2024-10-09 22:00:00,0.0,0.0,0.0,0.0,0.0,0.0
2024-10-09 23:00:00,0.0,0.0,0.0,0.0,0.0,0.0
2024-10-10 00:00:00,0.0,0.0,0.0,0.0,0.0,0.0
2024-10-10 01:00:00,0.0,0.0,0.0,0.0,0.0,0.0
2024-10-10 02:00:00,0.0,0.0,0.0,0.0,0.0,0.0
2024-10-10 03:00:00,0.0,0.0,0.0,0.0,0.0,0.0
2024-10-10 04:00:00,0.0,0.0,0.0,0.0,0.0,0.0
2024-10-10 05:00:00,1666.0,39.82,0.0,0.0,0.0,0.0
2024-10-10 06:00:00,17473.0,44.39,5.2,-0.2,5.4,5.2
2024-10-10 07:00:00,33250.0,51.09,143.0,60.9,82.1,143.0
2024-10-10 08:00:00,54000.0,56.22,388.2,249.2,139.0,388.2
2024-10-10 09:00:00,57440.0,61.31,575.2,391.8,183.3,575.2
2024-10-10 10:00:00,65450.0,54.41,690.3,432.6,257.7,690.3
2024-10-10 11:00:00,13577.0,56.09,657.5,291.2,366.3,657.5
2024-10-10 12:00:00,53860.0,58.51,698.0,305.0,393.0,698.0
2024-10-10 13:00:00,36760.0,66.63,854.3,549.9,304.4,854.3
2024-10-10 14:00:00,4909.0,52.120000000000005,825.5,599.6,225.9,825.5
2024-10-10 15:00:00,4843.0,49.28,615.0,412.2,202.8,615.0
2024-10-10 16:00:00,859.0,48.27,345.5,170.7,174.8,345.5
2024-10-10 17:00:00,0.0,0.0,89.3,12.1,77.2,89.3
2024-10-10 18:00:00,0.0,0.0,6.5,-0.3,6.8,6.5
2024-10-10 19:00:00,0.0,0.0,0.0,0.0,0.0,0.0
2024-10-10 20:00:00,0.0,0.0,0.0,0.0,0.0,0.0
2024-10-10 21:00:00,0.0,0.0,0.0,0.0,0.0,0.0
2024-10-10 22:00:00,0.0,0.0,0.0,0.0,0.0,0.0
2024-10-10 23:00:00,0.0,0.0,0.0,0.0,0.0,0.0
2024-10-11 00:00:00,0.0,0.0,0.0,0.0,0.0,0.0
2024-10-11 01:00:00,0.0,0.0,0.0,0.0,0.0,0.0
2024-10-11 02:00:00,0.0,0.0,0.0,0.0,0.0,0.0
2024-10-11 03:00:00,0.0,0.0,0.0,0.0,0.0,0.0
2024-10-11 04:00:00,0.0,0.0,0.0,0.0,0.0,0.0
2024-10-11 05:00:00,316.0,35.2,0.0,0.0,0.0,0.0
2024-10-11 06:00:00,11493.0,44.72,4.2,-0.2,4.4,4.2
2024-10-11 07:00:00,34580.0,48.64,103.8,28.5,75.3,103.8
2024-10-11 08:00:00,40670.0,51.83,346.3,199.8,146.6,346.3
2024-10-11 09:00:00,35470.0,54.81,509.8,302.5,207.3,509.8
2024-10-11 10:00:00,73300.0,62.3,724.3,484.1,240.2,724.3
2024-10-11 11:00:00,50240.0,62.67,832.7,540.6,292.1,832.7
2024-10-11 12:00:00,24054.0,60.51,845.8,512.6,333.2,845.8
2024-10-11 13:00:00,1223.0,53.98,824.0,506.4,317.6,824.0
2024-10-11 14:00:00,9968.0,49.01,677.2,381.5,295.7,677.2
2024-10-11 15:00:00,5610.0,48.58,134.0,4.2,129.8,134.0
2024-10-11 16:00:00,1159.0,47.59,24.0,0.4,23.6,24.0
2024-10-11 17:00:00,0.0,0.0,43.8,1.5,42.3,43.8
2024-10-11 18:00:00,0.0,0.0,5.7,-0.3,6.0,5.7
2024-10-11 19:00:00,0.0,0.0,0.0,0.0,0.0,0.0
2024-10-11 20:00:00,0.0,0.0,0.0,0.0,0.0,0.0
2024-10-11 21:00:00,0.0,0.0,0.0,0.0,0.0,0.0
2024-10-11 22:00:00,0.0,0.0,0.0,0.0,0.0,0.0
2024-10-11 23:00:00,0.0,0.0,0.0,0.0,0.0,0.0
2024-10-12 00:00:00,0.0,0.0,0.0,0.0,0.0,0.0
2024-10-12 01:00:00,0.0,0.0,0.0,0.0,0.0,0.0
2024-10-12 02:00:00,0.0,0.0,0.0,0.0,0.0,0.0
2024-10-12 03:00:00,0.0,0.0,0.0,0.0,0.0,0.0
2024-10-12 04:00:00,0.0,0.0,0.0,0.0,0.0,0.0
2024-10-12 05:00:00,1638.0,39.96,0.0,0.0,0.0,0.0
2024-10-12 06:00:00,14219.0,42.21,2.2,-0.2,2.3,2.2
2024-10-12 07:00:00,23294.0,47.52,107.0,30.9,76.1,107.0
2024-10-12 08:00:00,23188.0,53.39,323.2,172.6,150.5,323.2
2024-10-12 09:00:00,64360.0,58.35,411.5,180.1,231.4,411.5
2024-10-12 10:00:00,21234.0,60.67,575.7,276.3,299.4,575.7
2024-10-12 11:00:00,66090.0,66.49,780.2,463.4,316.8,780.2
2024-10-12 12:00:00,63930.0,71.91,872.2,554.9,317.2,872.2
2024-10-12 13:00:00,5543.0,59.72,892.2,613.5,278.7,892.2
2024-10-12 14:00:00,2649.0,50.53,625.5,312.8,312.7,625.5
2024-10-12 15:00:00,305.0,45.92,381.0,125.7,255.3,381.0
2024-10-12 16:00:00,209.0,44.6,42.5,0.9,41.6,42.5
2024-10-12 17:00:00,0.0,0.0,30.8,0.5,30.3,30.8
2024-10-12 18:00:00,0.0,0.0,5.8,-0.3,6.1,5.8
2024-10-12 19:00:00,0.0,0.0,0.0,0.0,0.0,0.0
2024-10-12 20:00:00,0.0,0.0,0.0,0.0,0.0,0.0
2024-10-12 21:00:00,0.0,0.0,0.0,0.0,0.0,0.0
2024-10-12 22:00:00,0.0,0.0,0.0,0.0,0.0,0.0
2024-10-12 23:00:00,0.0,0.0,0.0,0.0,0.0,0.0
2024-10-13 00:00:00,0.0,0.0,0.0,0.0,0.0,0.0
2024-10-13 01:00:00,0.0,0.0,0.0,0.0,0.0,0.0
2024-10-13 02:00:00,0.0,0.0,0.0,0.0,0.0,0.0
2024-10-13 03:00:00,0.0,0.0,0.0,0.0,0.0,0.0
2024-10-13 04:00:00,0.0,0.0,0.0,0.0,0.0,0.0
2024-10-13 05:00:00,900.0,38.49,0.0,0.0,0.0,0.0
2024-10-13 06:00:00,10157.0,44.6,5.5,-0.2,5.7,5.5
2024-10-13 07:00:00,33390.0,49.14,153.8,70.8,83.0,153.8
2024-10-13 08:00:00,47180.0,55.25,390.0,251.9,138.1,390.0
2024-10-13 09:00:00,56840.0,59.76,608.2,438.9,169.3,608.2
2024-10-13 10:00:00,0.0,0.0,793.7,589.6,204.1,793.7
2024-10-13 11:00:00,0.0,0.0,921.0,679.9,241.1,921.0
2024-10-13 12:00:00,0.0,0.0,950.2,678.0,272.2,950.2
2024-10-13 13:00:00,0.0,0.0,941.2,691.6,249.6,941.2
2024-10-13 14:00:00,0.0,0.0,846.7,637.9,208.7,846.7
2024-10-13 15:00:00,0.0,0.0,672.7,498.8,173.9,672.7
2024-10-13 16:00:00,0.0,0.0,97.2,5.9,91.2,97.2
2024-10-13 17:00:00,0.0,0.0,5.8,0.0,5.8,5.8
2024-10-13 18:00:00,0.0,0.0,3.0,-0.2,3.2,3.0
2024-10-13 19:00:00,0.0,0.0,0.0,0.0,0.0,0.0
2024-10-13 20:00:00,0.0,0.0,0.0,0.0,0.0,0.0
2024-10-13 21:00:00,0.0,0.0,0.0,0.0,0.0,0.0
2024-10-13 22:00:00,0.0,0.0,0.0,0.0,0.0,0.0
2024-10-13 23:00:00,0.0,0.0,0.0,0.0,0.0,0.0
2024-10-14 00:00:00,0.0,0.0,0.0,0.0,0.0,0.0
2024-10-14 01:00:00,0.0,0.0,0.0,0.0,0.0,0.0
2024-10-14 02:00:00,0.0,0.0,0.0,0.0,0.0,0.0
2024-10-14 03:00:00,0.0,0.0,0.0,0.0,0.0,0.0
2024-10-14 04:00:00,0.0,0.0,0.0,0.0,0.0,0.0
2024-10-14 05:00:00,0.0,0.0,0.0,0.0,0.0,0.0
2024-10-14 06:00:00,0.0,0.0,4.5,-0.2,4.7,4.5
2024-10-14 07:00:00,0.0,0.0,138.3,57.1,81.2,138.3
2024-10-14 08:00:00,46170.0,54.71,355.0,211.0,144.0,355.0
2024-10-14 09:00:00,52520.0,59.0,598.7,426.6,172.0,598.7
2024-10-14 10:00:00,67200.0,57.77,770.0,555.9,214.1,770.0
2024-10-14 11:00:00,18636.0,54.84,785.3,474.9,310.5,785.3
2024-10-14 12:00:00,18636.0,54.84,574.7,174.7,400.0,574.7
2024-10-14 13:00:00,45290.0,57.03,676.7,306.5,370.2,676.7
2024-10-14 14:00:00,29966.0,51.35,752.8,499.6,253.2,752.8
2024-10-14 15:00:00,6753.0,52.92,498.0,258.8,239.2,498.0
2024-10-14 16:00:00,4383.0,49.17,294.0,118.9,175.1,294.0
2024-10-14 17:00:00,0.0,0.0,76.3,8.1,68.2,76.3
2024-10-14 18:00:00,0.0,0.0,0.3,0.0,0.4,0.3
2024-10-14 19:00:00,0.0,0.0,0.0,0.0,0.0,0.0
2024-10-14 20:00:00,0.0,0.0,0.0,0.0,0.0,0.0
2024-10-14 21:00:00,0.0,0.0,0.0,0.0,0.0,0.0
2024-10-14 22:00:00,0.0,0.0,0.0,0.0,0.0,0.0
2024-10-14 23:00:00,0.0,0.0,0.0,0.0,0.0,0.0
2024-10-15 00:00:00,0.0,0.0,0.0,0.0,0.0,0.0
2024-10-15 01:00:00,0.0,0.0,0.0,0.0,0.0,0.0
2024-10-15 02:00:00,0.0,0.0,0.0,0.0,0.0,0.0
2024-10-15 03:00:00,0.0,0.0,0.0,0.0,0.0,0.0
2024-10-15 04:00:00,0.0,0.0,0.0,0.0,0.0,0.0
2024-10-15 05:00:00,1119.0,39.09,0.0,0.0,0.0,0.0
2024-10-15 06:00:00,13313.0,44.66,5.2,-0.2,5.4,5.2
2024-10-15 07:00:00,16111.0,47.11,111.5,34.6,76.9,111.5
2024-10-15 08:00:00,48510.0,55.51,310.2,158.5,151.7,310.2
2024-10-15 09:00:00,60040.0,54.09,519.8,318.8,201.0,519.8
2024-10-15 10:00:00,36490.0,52.31,611.0,326.2,284.8,611.0
2024-10-15 11:00:00,18534.0,50.43,496.5,128.1,368.4,496.5
2024-10-15 12:00:00,21780.0,54.38,234.3,5.7,228.6,234.3
2024-10-15 13:00:00,16489.0,52.41,279.7,13.3,266.4,279.7
2024-10-15 14:00:00,11347.0,51.16,208.8,6.6,202.2,208.8
2024-10-15 15:00:00,8162.0,49.77,173.7,11.4,162.2,173.7
2024-10-15 16:00:00,3632.0,48.27,117.0,10.0,107.0,117.0
2024-10-15 17:00:00,0.0,0.0,46.0,1.8,44.2,46.0
2024-10-15 18:00:00,0.0,0.0,6.7,-0.3,7.0,6.7
2024-10-15 19:00:00,0.0,0.0,0.0,0.0,0.0,0.0
2024-10-15 20:00:00,0.0,0.0,0.0,0.0,0.0,0.0
2024-10-15 21:00:00,0.0,0.0,0.0,0.0,0.0,0.0
2024-10-15 22:00:00,0.0,0.0,0.0,0.0,0.0,0.0
2024-10-15 23:00:00,0.0,0.0,0.0,0.0,0.0,0.0
2024-10-16 00:00:00,0.0,0.0,0.0,0.0,0.0,0.0
2024-10-16 01:00:00,0.0,0.0,0.0,0.0,0.0,0.0
2024-10-16 02:00:00,0.0,0.0,0.0,0.0,0.0,0.0
2024-10-16 03:00:00,0.0,0.0,0.0,0.0,0.0,0.0
2024-10-16 04:00:00,0.0,0.0,0.0,0.0,0.0,0.0
2024-10-16 05:00:00,912.0,38.03,0.0,0.0,0.0,0.0
2024-10-16 06:00:00,8726.0,44.54,5.3,-0.2,5.5,5.3
2024-10-16 07:00:00,20285.0,43.99,117.8,39.7,78.1,117.8
2024-10-16 08:00:00,26020.0,49.47,272.5,117.6,154.9,272.5
2024-10-16 09:00:00,65850.0,60.57,380.5,148.8,231.7,380.5
2024-10-16 10:00:00,21041.0,59.52,672.2,413.8,258.4,672.2
2024-10-16 11:00:00,70670.0,60.43,641.0,279.7,361.3,641.0
2024-10-16 12:00:00,7853.0,49.7,602.7,205.1,397.5,602.7
2024-10-16 13:00:00,5207.0,48.51,267.0,10.8,256.2,267.0
2024-10-16 14:00:00,11501.0,47.52,89.2,-0.8,90.0,89.2
2024-10-16 15:00:00,8211.0,47.93,247.2,36.4,210.7,247.2
2024-10-16 16:00:00,587.0,47.12,109.2,8.4,100.8,109.2
2024-10-16 17:00:00,0.0,0.0,21.2,0.1,21.0,21.2
2024-10-16 18:00:00,0.0,0.0,5.7,-0.3,6.0,5.7
2024-10-16 19:00:00,0.0,0.0,0.0,0.0,0.0,0.0
2024-10-16 20:00:00,0.0,0.0,0.0,0.0,0.0,0.0
2024-10-16 21:00:00,0.0,0.0,0.0,0.0,0.0,0.0
2024-10-16 22:00:00,0.0,0.0,0.0,0.0,0.0,0.0
2024-10-16 23:00:00,0.0,0.0,0.0,0.0,0.0,0.0
2024-10-17 00:00:00,0.0,0.0,0.0,0.0,0.0,0.0
2024-10-17 01:00:00,0.0,0.0,0.0,0.0,0.0,0.0
2024-10-17 02:00:00,0.0,0.0,0.0,0.0,0.0,0.0
2024-10-17 03:00:00,0.0,0.0,0.0,0.0,0.0,0.0
2024-10-17 04:00:00,0.0,0.0,0.0,0.0,0.0,0.0
2024-10-17 05:00:00,0.0,36.47,0.0,0.0,0.0,0.0
2024-10-17 06:00:00,5282.0,43.87,5.0,-0.2,5.2,5.0
2024-10-17 07:00:00,33290.0,43.81,132.7,52.5,80.2,132.7
2024-10-17 08:00:00,49520.0,56.32,337.5,191.1,146.4,337.5
2024-10-17 09:00:00,57970.0,56.74,507.5,303.6,203.9,507.5
2024-10-17 10:00:00,74300.0,58.92,637.2,365.0,272.1,637.2
2024-10-17 11:00:00,57300.0,58.71,743.0,418.6,324.4,743.0
2024-10-17 12:00:00,53190.0,62.3,668.8,281.3,387.5,668.8
2024-10-17 13:00:00,12528.0,54.34,717.8,367.5,350.3,717.8
2024-10-17 14:00:00,4780.0,49.14,490.2,163.9,326.3,490.2
2024-10-17 15:00:00,3963.0,48.1,37.3,0.1,37.2,37.3
2024-10-17 16:00:00,1774.0,46.59,127.5,12.9,114.6,127.5
2024-10-17 17:00:00,0.0,0.0,116.3,27.6,88.8,116.3
2024-10-17 18:00:00,0.0,0.0,6.5,-0.3,6.8,6.5
2024-10-17 19:00:00,0.0,0.0,0.0,0.0,0.0,0.0
2024-10-17 20:00:00,0.0,0.0,0.0,0.0,0.0,0.0
2024-10-17 21:00:00,0.0,0.0,0.0,0.0,0.0,0.0
2024-10-17 22:00:00,0.0,0.0,0.0,0.0,0.0,0.0
2024-10-17 23:00:00,0.0,0.0,0.0,0.0,0.0,0.0
2024-10-18 00:00:00,0.0,0.0,0.0,0.0,0.0,0.0
2024-10-18 01:00:00,0.0,0.0,0.0,0.0,0.0,0.0
2024-10-18 02:00:00,0.0,0.0,0.0,0.0,0.0,0.0
2024-10-18 03:00:00,0.0,0.0,0.0,0.0,0.0,0.0
2024-10-18 04:00:00,0.0,0.0,0.0,0.0,0.0,0.0
2024-10-18 05:00:00,204.0,36.96,0.0,0.0,0.0,0.0
2024-10-18 06:00:00,5706.0,44.51,4.7,-0.2,4.9,4.7
2024-10-18 07:00:00,24603.0,44.48,53.8,4.3,49.6,53.8
2024-10-18 08:00:00,29276.0,53.17,180.5,41.3,139.2,180.5
2024-10-18 09:00:00,46390.0,54.69,404.2,175.4,228.7,404.2
2024-10-18 10:00:00,16070.0,51.82,693.2,447.4,245.8,693.2
2024-10-18 11:00:00,13971.0,50.1,493.8,128.7,365.1,493.8
2024-10-18 12:00:00,633.0,48.58,335.3,26.8,308.6,335.3
2024-10-18 13:00:00,11545.0,47.08,180.8,0.8,180.1,180.8
2024-10-18 14:00:00,10886.0,47.04,250.2,16.2,234.0,250.2
2024-10-18 15:00:00,9438.0,47.56,380.5,131.7,248.8,380.5
2024-10-18 16:00:00,2920.0,46.45,423.2,274.8,148.4,423.2
2024-10-18 17:00:00,0.0,0.0,171.3,72.7,98.6,171.3
2024-10-18 18:00:00,0.0,0.0,8.7,-0.3,9.0,8.7
2024-10-18 19:00:00,0.0,0.0,0.0,0.0,0.0,0.0
2024-10-18 20:00:00,0.0,0.0,0.0,0.0,0.0,0.0
2024-10-18 21:00:00,0.0,0.0,0.0,0.0,0.0,0.0
2024-10-18 22:00:00,0.0,0.0,0.0,0.0,0.0,0.0
2024-10-18 23:00:00,0.0,0.0,0.0,0.0,0.0,0.0
2024-10-19 00:00:00,0.0,0.0,0.0,0.0,0.0,0.0
2024-10-19 01:00:00,0.0,0.0,0.0,0.0,0.0,0.0
2024-10-19 02:00:00,0.0,0.0,0.0,0.0,0.0,0.0
2024-10-19 03:00:00,0.0,0.0,0.0,0.0,0.0,0.0
2024-10-19 04:00:00,0.0,0.0,0.0,0.0,0.0,0.0
2024-10-19 05:00:00,1334.0,37.71,0.0,0.0,0.0,0.0
2024-10-19 06:00:00,13178.0,44.93,4.3,-0.2,4.5,4.3
2024-10-19 07:00:00,29970.0,48.51,149.2,67.5,81.7,149.2
2024-10-19 08:00:00,45650.0,55.34,374.3,235.5,138.8,374.3
2024-10-19 09:00:00,25827.0,59.92,575.7,398.8,176.8,575.7
2024-10-19 10:00:00,48970.0,66.29,647.7,382.7,264.9,647.7
2024-10-19 11:00:00,71380.0,66.43,705.2,369.0,336.1,705.2
2024-10-19 12:00:00,58710.0,66.01,723.8,355.7,368.2,723.8
2024-10-19 13:00:00,30174.0,62.61,771.3,448.4,322.9,771.3
2024-10-19 14:00:00,3732.0,48.78,571.2,257.2,314.0,571.2
2024-10-19 15:00:00,10839.0,47.870000000000005,468.3,229.2,239.1,468.3
2024-10-19 16:00:00,342.0,47.08,86.8,4.7,82.1,86.8
2024-10-19 17:00:00,0.0,0.0,87.0,12.7,74.3,87.0
2024-10-19 18:00:00,0.0,0.0,7.5,-0.3,7.8,7.5
2024-10-19 19:00:00,0.0,0.0,0.0,0.0,0.0,0.0
2024-10-19 20:00:00,0.0,0.0,0.0,0.0,0.0,0.0
2024-10-19 21:00:00,0.0,0.0,0.0,0.0,0.0,0.0
2024-10-19 22:00:00,0.0,0.0,0.0,0.0,0.0,0.0
2024-10-19 23:00:00,0.0,0.0,0.0,0.0,0.0,0.0
2024-10-20 00:00:00,0.0,0.0,0.0,0.0,0.0,0.0
2024-10-20 01:00:00,0.0,0.0,0.0,0.0,0.0,0.0
2024-10-20 02:00:00,0.0,0.0,0.0,0.0,0.0,0.0
2024-10-20 03:00:00,0.0,0.0,0.0,0.0,0.0,0.0
2024-10-20 04:00:00,0.0,0.0,0.0,0.0,0.0,0.0
2024-10-20 05:00:00,775.0,38.46,0.0,0.0,0.0,0.0
2024-10-20 06:00:00,13902.0,44.9,4.3,-0.2,4.5,4.3
2024-10-20 07:00:00,32051.0,49.08,151.2,69.4,81.8,151.2
2024-10-20 08:00:00,59160.0,50.74,384.8,248.0,136.9,384.8
2024-10-20 09:00:00,60530.0,58.96,559.7,377.7,182.0,559.7
2024-10-20 10:00:00,53170.0,61.28,698.7,458.5,240.2,698.7
2024-10-20 11:00:00,19973.0,61.23,762.3,452.9,309.4,762.3
2024-10-20 12:00:00,25036.0,56.74,731.3,367.9,363.4,731.3
2024-10-20 13:00:00,39860.0,56.06,717.7,374.2,343.5,717.7
2024-10-20 14:00:00,14838.0,53.91,535.5,216.7,318.8,535.5
2024-10-20 15:00:00,16257.0,51.81,483.0,249.0,234.0,483.0
2024-10-20 16:00:00,341.0,50.0,205.5,49.2,156.3,205.5
2024-10-20 17:00:00,0.0,0.0,62.2,4.8,57.4,62.2
2024-10-20 18:00:00,0.0,0.0,5.0,-0.3,5.3,5.0
2024-10-20 19:00:00,0.0,0.0,0.0,0.0,0.0,0.0
2024-10-20 20:00:00,0.0,0.0,0.0,0.0,0.0,0.0
2024-10-20 21:00:00,0.0,0.0,0.0,0.0,0.0,0.0
2024-10-20 22:00:00,0.0,0.0,0.0,0.0,0.0,0.0
2024-10-20 23:00:00,0.0,0.0,0.0,0.0,0.0,0.0
2024-10-21 00:00:00,0.0,0.0,0.0,0.0,0.0,0.0
2024-10-21 01:00:00,0.0,0.0,0.0,0.0,0.0,0.0
2024-10-21 02:00:00,0.0,0.0,0.0,0.0,0.0,0.0
2024-10-21 03:00:00,0.0,0.0,0.0,0.0,0.0,0.0
2024-10-21 04:00:00,0.0,0.0,0.0,0.0,0.0,0.0
2024-10-21 05:00:00,923.0,37.32,0.0,0.0,0.0,0.0
2024-10-21 06:00:00,6035.0,43.63,3.5,-0.2,3.7,3.5
2024-10-21 07:00:00,19001.0,43.04,75.8,12.5,63.3,75.8
2024-10-21 08:00:00,32664.0,50.23,242.2,89.5,152.7,242.2
2024-10-21 09:00:00,50430.0,54.05,329.7,103.4,226.3,329.7
2024-10-21 10:00:00,64800.0,57.52,625.2,353.9,271.2,625.2
2024-10-21 11:00:00,19608.0,58.71,718.3,391.4,326.9,718.3
2024-10-21 12:00:00,62040.0,64.85,915.5,644.3,271.2,915.5
2024-10-21 13:00:00,50490.0,62.7,908.3,661.9,246.5,908.3
2024-10-21 14:00:00,36610.0,58.02,797.3,582.4,214.9,797.3
2024-10-21 15:00:00,7395.0,49.67,576.3,376.8,199.6,576.3
2024-10-21 16:00:00,4096.0,50.0,417.8,270.9,146.9,417.8
2024-10-21 17:00:00,0.0,48.04,118.8,30.5,88.3,118.8
2024-10-21 18:00:00,0.0,0.0,3.3,-0.2,3.5,3.3
2024-10-21 19:00:00,0.0,0.0,0.0,0.0,0.0,0.0
2024-10-21 20:00:00,0.0,0.0,0.0,0.0,0.0,0.0
2024-10-21 21:00:00,0.0,0.0,0.0,0.0,0.0,0.0
2024-10-21 22:00:00,0.0,0.0,0.0,0.0,0.0,0.0
2024-10-21 23:00:00,0.0,0.0,0.0,0.0,0.0,0.0
2024-10-22 00:00:00,0.0,0.0,0.0,0.0,0.0,0.0
2024-10-22 01:00:00,0.0,0.0,0.0,0.0,0.0,0.0
2024-10-22 02:00:00,0.0,0.0,0.0,0.0,0.0,0.0
2024-10-22 03:00:00,0.0,0.0,0.0,0.0,0.0,0.0
2024-10-22 04:00:00,0.0,0.0,0.0,0.0,0.0,0.0
2024-10-22 05:00:00,355.0,37.14,0.0,0.0,0.0,0.0
2024-10-22 06:00:00,2439.0,44.54,3.0,-0.2,3.2,3.0
2024-10-22 07:00:00,8715.0,41.25,89.5,20.1,69.4,89.5
2024-10-22 08:00:00,24943.0,47.91,155.7,28.2,127.5,155.7
2024-10-22 09:00:00,23627.0,53.17,229.2,36.7,192.4,229.2
2024-10-22 10:00:00,25396.0,53.96,399.7,102.2,297.4,399.7
2024-10-22 11:00:00,25959.0,53.3,496.3,134.9,361.4,496.3
2024-10-22 12:00:00,27629.0,53.870000000000005,439.2,76.3,362.8,439.2
2024-10-22 13:00:00,30708.0,54.74,415.7,70.3,345.4,415.7
2024-10-22 14:00:00,22260.0,51.83,281.7,27.5,254.1,281.7
2024-10-22 15:00:00,15615.0,51.08,217.8,26.4,191.5,217.8
2024-10-22 16:00:00,2393.0,49.21,242.3,77.2,165.1,242.3
2024-10-22 17:00:00,0.0,0.0,102.7,20.9,81.8,102.7
2024-10-22 18:00:00,0.0,0.0,3.5,-0.2,3.7,3.5
2024-10-22 19:00:00,0.0,0.0,0.0,0.0,0.0,0.0
2024-10-22 20:00:00,0.0,0.0,0.0,0.0,0.0,0.0
2024-10-22 21:00:00,0.0,0.0,0.0,0.0,0.0,0.0
2024-10-22 22:00:00,0.0,0.0,0.0,0.0,0.0,0.0
2024-10-22 23:00:00,0.0,0.0,0.0,0.0,0.0,0.0
2024-10-23 00:00:00,0.0,0.0,0.0,0.0,0.0,0.0
2024-10-23 01:00:00,0.0,0.0,0.0,0.0,0.0,0.0
2024-10-23 02:00:00,0.0,0.0,0.0,0.0,0.0,0.0
2024-10-23 03:00:00,0.0,0.0,0.0,0.0,0.0,0.0
2024-10-23 04:00:00,0.0,0.0,0.0,0.0,0.0,0.0
2024-10-23 05:00:00,0.0,36.9,0.0,0.0,0.0,0.0
2024-10-23 06:00:00,6558.0,44.21,1.7,-0.1,1.8,1.7
2024-10-23 07:00:00,9773.0,41.57,64.5,7.8,56.7,64.5
2024-10-23 08:00:00,16940.0,46.48,159.3,30.2,129.2,159.3
2024-10-23 09:00:00,19195.0,49.28,221.2,33.3,187.9,221.2
2024-10-23 10:00:00,22409.0,54.69,240.8,18.4,222.4,240.8
2024-10-23 11:00:00,40590.0,55.85,387.2,58.8,328.3,387.2
2024-10-23 12:00:00,40910.0,56.49,563.5,175.6,387.9,563.5
2024-10-23 13:00:00,36660.0,55.72,535.5,164.2,371.3,535.5
2024-10-23 14:00:00,17596.0,50.370000000000005,509.7,192.8,316.9,509.7
2024-10-23 15:00:00,12688.0,52.38,259.2,45.5,213.7,259.2
2024-10-23 16:00:00,1956.0,50.47,190.5,41.1,149.4,190.5
2024-10-23 17:00:00,0.0,0.0,99.3,19.3,80.1,99.3
2024-10-23 18:00:00,0.0,0.0,5.7,-0.3,6.0,5.7
2024-10-23 19:00:00,0.0,0.0,0.0,0.0,0.0,0.0
2024-10-23 20:00:00,0.0,0.0,0.0,0.0,0.0,0.0
2024-10-23 21:00:00,0.0,0.0,0.0,0.0,0.0,0.0
2024-10-23 22:00:00,0.0,0.0,0.0,0.0,0.0,0.0
2024-10-23 23:00:00,0.0,0.0,0.0,0.0,0.0,0.0
2024-10-24 00:00:00,0.0,0.0,0.0,0.0,0.0,0.0
2024-10-24 01:00:00,0.0,0.0,0.0,0.0,0.0,0.0
2024-10-24 02:00:00,0.0,0.0,0.0,0.0,0.0,0.0
2024-10-24 03:00:00,0.0,0.0,0.0,0.0,0.0,0.0
2024-10-24 04:00:00,0.0,0.0,0.0,0.0,0.0,0.0
2024-10-24 05:00:00,691.0,35.65,0.0,0.0,0.0,0.0
2024-10-24 06:00:00,14605.0,44.6,4.2,-0.2,4.4,4.2
2024-10-24 07:00:00,25179.0,48.61,146.5,66.1,80.4,146.5
2024-10-24 08:00:00,33190.0,55.32,383.5,247.8,135.7,383.5
2024-10-24 09:00:00,56140.0,59.64,586.8,418.3,168.5,586.8
2024-10-24 10:00:00,57890.0,62.35,780.5,585.3,195.2,780.5
2024-10-24 11:00:00,61110.0,63.09,897.7,667.1,230.6,897.7
2024-10-24 12:00:00,32058.0,65.28,929.3,673.4,255.9,929.3
2024-10-24 13:00:00,42620.0,62.89,858.5,593.3,265.2,858.5
2024-10-24 14:00:00,17352.0,56.91,795.0,585.4,209.6,795.0
2024-10-24 15:00:00,15493.0,52.3,584.3,392.8,191.5,584.3
2024-10-24 16:00:00,2011.0,49.97,424.3,281.2,143.1,424.3
2024-10-24 17:00:00,0.0,0.0,167.8,72.8,95.0,167.8
2024-10-24 18:00:00,0.0,0.0,3.2,-0.2,3.4,3.2
2024-10-24 19:00:00,0.0,0.0,0.0,0.0,0.0,0.0
2024-10-24 20:00:00,0.0,0.0,0.0,0.0,0.0,0.0
2024-10-24 21:00:00,0.0,0.0,0.0,0.0,0.0,0.0
2024-10-24 22:00:00,0.0,0.0,0.0,0.0,0.0,0.0
2024-10-24 23:00:00,0.0,0.0,0.0,0.0,0.0,0.0
2024-10-25 00:00:00,0.0,0.0,0.0,0.0,0.0,0.0
2024-10-25 01:00:00,0.0,0.0,0.0,0.0,0.0,0.0
2024-10-25 02:00:00,0.0,0.0,0.0,0.0,0.0,0.0
2024-10-25 03:00:00,0.0,0.0,0.0,0.0,0.0,0.0
2024-10-25 04:00:00,0.0,0.0,0.0,0.0,0.0,0.0
2024-10-25 05:00:00,1502.0,39.63,0.0,0.0,0.0,0.0
2024-10-25 06:00:00,14858.0,44.9,2.2,-0.2,2.3,2.2
2024-10-25 07:00:00,34580.0,48.84,133.8,55.2,78.7,133.8
2024-10-25 08:00:00,46920.0,54.92,358.7,219.7,139.0,358.7
2024-10-25 09:00:00,38300.0,59.44,551.2,370.7,180.5,551.2
2024-10-25 10:00:00,74170.0,64.89,747.7,539.0,208.7,747.7
2024-10-25 11:00:00,24610.0,62.89,742.3,434.4,307.9,742.3
2024-10-25 12:00:00,61230.0,61.23,828.5,521.1,307.4,828.5
2024-10-25 13:00:00,43540.0,59.96,757.3,443.0,314.3,757.3
2024-10-25 14:00:00,29330.0,54.48,754.8,527.9,227.0,754.8
2024-10-25 15:00:00,10670.0,50.73,515.3,299.0,216.4,515.3
2024-10-25 16:00:00,2804.0,49.53,312.3,147.9,164.4,312.3
2024-10-25 17:00:00,0.0,0.0,115.5,29.6,85.9,115.5
2024-10-25 18:00:00,0.0,0.0,2.5,-0.2,2.7,2.5
2024-10-25 19:00:00,0.0,0.0,0.0,0.0,0.0,0.0
2024-10-25 20:00:00,0.0,0.0,0.0,0.0,0.0,0.0
2024-10-25 21:00:00,0.0,0.0,0.0,0.0,0.0,0.0
2024-10-25 22:00:00,0.0,0.0,0.0,0.0,0.0,0.0
2024-10-25 23:00:00,0.0,0.0,0.0,0.0,0.0,0.0
2024-10-26 00:00:00,0.0,0.0,0.0,0.0,0.0,0.0
2024-10-26 01:00:00,0.0,0.0,0.0,0.0,0.0,0.0
2024-10-26 02:00:00,0.0,0.0,0.0,0.0,0.0,0.0
2024-10-26 03:00:00,0.0,0.0,0.0,0.0,0.0,0.0
2024-10-26 04:00:00,0.0,0.0,0.0,0.0,0.0,0.0
2024-10-26 05:00:00,736.0,38.52,0.0,0.0,0.0,0.0
2024-10-26 06:00:00,8720.0,44.51,2.7,-0.2,2.8,2.7
2024-10-26 07:00:00,32497.0,47.66,113.2,37.8,75.4,113.2
2024-10-26 08:00:00,51490.0,53.69,360.0,221.7,138.3,360.0
2024-10-26 09:00:00,40140.0,54.8,559.7,383.3,176.4,559.7
2024-10-26 10:00:00,61300.0,60.67,680.7,441.8,238.9,680.7
2024-10-26 11:00:00,32407.0,57.48,835.0,576.2,258.8,835.0
2024-10-26 12:00:00,60800.0,56.95,788.0,463.0,325.0,788.0
2024-10-26 13:00:00,48020.0,59.56,788.0,491.2,296.8,788.0
2024-10-26 14:00:00,22025.0,54.19,737.2,503.7,233.5,737.2
2024-10-26 15:00:00,11769.0,50.88,597.0,413.6,183.4,597.0
2024-10-26 16:00:00,2433.0,49.77,253.3,89.1,164.3,253.3
2024-10-26 17:00:00,0.0,0.0,103.2,22.1,81.0,103.2
2024-10-26 18:00:00,0.0,0.0,0.7,0.0,0.7,0.7
2024-10-26 19:00:00,0.0,0.0,0.0,0.0,0.0,0.0
2024-10-26 20:00:00,0.0,0.0,0.0,0.0,0.0,0.0
2024-10-26 21:00:00,0.0,0.0,0.0,0.0,0.0,0.0
2024-10-26 22:00:00,0.0,0.0,0.0,0.0,0.0,0.0
2024-10-26 23:00:00,0.0,0.0,0.0,0.0,0.0,0.0
2024-10-27 00:00:00,0.0,0.0,0.0,0.0,0.0,0.0
2024-10-27 01:00:00,0.0,0.0,0.0,0.0,0.0,0.0
2024-10-27 02:00:00,0.0,0.0,0.0,0.0,0.0,0.0
2024-10-27 03:00:00,0.0,0.0,0.0,0.0,0.0,0.0
2024-10-27 04:00:00,0.0,0.0,0.0,0.0,0.0,0.0
2024-10-27 05:00:00,0.0,37.32,0.0,0.0,0.0,0.0
2024-10-27 06:00:00,1199.0,43.93,2.5,-0.2,2.7,2.5
2024-10-27 07:00:00,411.0,44.78,54.3,4.7,49.6,54.3
2024-10-27 08:00:00,9752.0,43.47,28.3,0.6,27.8,28.3
2024-10-27 09:00:00,4631.0,43.5,115.2,4.7,110.5,115.2
2024-10-27 10:00:00,15655.0,43.99,92.3,-0.4,92.7,92.3
2024-10-27 11:00:00,31853.0,54.16,268.3,14.3,254.0,268.3
2024-10-27 12:00:00,31761.0,53.38,399.5,57.2,342.3,399.5
2024-10-27 13:00:00,25142.0,53.120000000000005,537.2,171.7,365.5,537.2
2024-10-27 14:00:00,10154.0,47.56,476.8,164.3,312.5,476.8
2024-10-27 15:00:00,3225.0,46.52,156.5,9.8,146.7,156.5
2024-10-27 16:00:00,983.0,45.49,18.3,0.3,18.0,18.3
2024-10-27 17:00:00,0.0,0.0,42.7,1.5,41.1,42.7
2024-10-27 18:00:00,0.0,0.0,7.2,-0.3,7.5,7.2
2024-10-27 19:00:00,0.0,0.0,0.0,0.0,0.0,0.0
2024-10-27 20:00:00,0.0,0.0,0.0,0.0,0.0,0.0
2024-10-27 21:00:00,0.0,0.0,0.0,0.0,0.0,0.0
2024-10-27 22:00:00,0.0,0.0,0.0,0.0,0.0,0.0
2024-10-27 23:00:00,0.0,0.0,0.0,0.0,0.0,0.0
2024-10-28 00:00:00,0.0,0.0,0.0,0.0,0.0,0.0
2024-10-28 01:00:00,0.0,0.0,0.0,0.0,0.0,0.0
2024-10-28 02:00:00,0.0,0.0,0.0,0.0,0.0,0.0
2024-10-28 03:00:00,0.0,0.0,0.0,0.0,0.0,0.0
2024-10-28 04:00:00,0.0,0.0,0.0,0.0,0.0,0.0
2024-10-28 05:00:00,0.0,32.76,0.0,0.0,0.0,0.0
2024-10-28 06:00:00,3489.0,41.86,2.2,-0.2,2.3,2.2
2024-10-28 07:00:00,17513.0,42.12,71.3,11.0,60.3,71.3
2024-10-28 08:00:00,20978.0,45.21,206.7,61.7,145.0,206.7
2024-10-28 09:00:00,22333.0,48.58,165.7,14.5,151.2,165.7
2024-10-28 10:00:00,11216.0,45.75,242.8,20.3,222.5,242.8
2024-10-28 11:00:00,29692.0,54.95,85.2,-0.7,85.8,85.2
2024-10-28 12:00:00,17790.0,52.54,487.5,115.3,372.2,487.5
2024-10-28 13:00:00,20809.0,53.21,292.8,19.6,273.2,292.8
2024-10-28 14:00:00,18923.0,52.16,320.0,47.1,272.9,320.0
2024-10-28 15:00:00,4136.0,50.120000000000005,262.5,49.6,212.9,262.5
2024-10-28 16:00:00,491.0,47.52,149.3,22.1,127.3,149.3
2024-10-28 17:00:00,0.0,0.0,20.0,0.0,20.0,20.0
2024-10-28 18:00:00,0.0,0.0,5.8,-0.3,6.1,5.8
2024-10-28 19:00:00,0.0,0.0,0.0,0.0,0.0,0.0
2024-10-28 20:00:00,0.0,0.0,0.0,0.0,0.0,0.0
2024-10-28 21:00:00,0.0,0.0,0.0,0.0,0.0,0.0
2024-10-28 22:00:00,0.0,0.0,0.0,0.0,0.0,0.0
2024-10-28 23:00:00,0.0,0.0,0.0,0.0,0.0,0.0
2024-10-29 00:00:00,0.0,0.0,0.0,0.0,0.0,0.0
2024-10-29 01:00:00,0.0,0.0,0.0,0.0,0.0,0.0
2024-10-29 02:00:00,0.0,0.0,0.0,0.0,0.0,0.0
2024-10-29 03:00:00,0.0,0.0,0.0,0.0,0.0,0.0
2024-10-29 04:00:00,0.0,0.0,0.0,0.0,0.0,0.0
2024-10-29 05:00:00,0.0,36.02,0.0,0.0,0.0,0.0
2024-10-29 06:00:00,6055.0,43.26,2.0,-0.1,2.1,2.0
2024-10-29 07:00:00,27665.0,45.42,117.0,41.7,75.3,117.0
2024-10-29 08:00:00,38070.0,53.21,335.7,194.7,141.0,335.7
2024-10-29 09:00:00,56830.0,55.89,440.5,227.5,213.0,440.5
2024-10-29 10:00:00,25265.0,52.17,691.2,462.4,228.7,691.2
2024-10-29 11:00:00,34380.0,56.02,395.3,67.5,327.8,395.3
2024-10-29 12:00:00,28524.0,54.49,432.3,77.4,354.9,432.3
2024-10-29 13:00:00,54180.0,53.76,536.0,173.5,362.5,536.0
2024-10-29 14:00:00,24929.0,54.95,369.7,76.9,292.8,369.7
2024-10-29 15:00:00,22388.0,51.65,319.7,88.5,231.1,319.7
2024-10-29 16:00:00,2968.0,49.31,175.5,34.6,140.9,175.5
2024-10-29 17:00:00,0.0,0.0,89.8,15.6,74.3,89.8
2024-10-29 18:00:00,0.0,0.0,4.2,-0.2,4.4,4.2
2024-10-29 19:00:00,0.0,0.0,0.0,0.0,0.0,0.0
2024-10-29 20:00:00,0.0,0.0,0.0,0.0,0.0,0.0
2024-10-29 21:00:00,0.0,0.0,0.0,0.0,0.0,0.0
2024-10-29 22:00:00,0.0,0.0,0.0,0.0,0.0,0.0
2024-10-29 23:00:00,0.0,0.0,0.0,0.0,0.0,0.0
2024-10-30 00:00:00,0.0,0.0,0.0,0.0,0.0,0.0
2024-10-30 01:00:00,0.0,0.0,0.0,0.0,0.0,0.0
2024-10-30 02:00:00,0.0,0.0,0.0,0.0,0.0,0.0
2024-10-30 03:00:00,0.0,0.0,0.0,0.0,0.0,0.0
2024-10-30 04:00:00,0.0,0.0,0.0,0.0,0.0,0.0
2024-10-30 05:00:00,730.0,37.89,0.0,0.0,0.0,0.0
2024-10-30 06:00:00,10706.0,44.45,3.0,-0.2,3.2,3.0
2024-10-30 07:00:00,29922.0,44.84,124.0,47.9,76.1,124.0
2024-10-30 08:00:00,42430.0,54.31,294.2,147.3,146.9,294.2
2024-10-30 09:00:00,56600.0,57.94,527.7,343.7,183.9,527.7
2024-10-30 10:00:00,62890.0,61.33,707.8,488.8,219.1,707.8
2024-10-30 11:00:00,69230.0,62.67,857.2,619.4,237.8,857.2
2024-10-30 12:00:00,57290.0,57.77,774.5,453.4,321.1,774.5
2024-10-30 13:00:00,45440.0,54.63,621.7,270.3,351.3,621.7
2024-10-30 14:00:00,8697.0,53.2,727.0,497.1,229.9,727.0
2024-10-30 15:00:00,12501.0,49.38,592.8,413.4,179.4,592.8
2024-10-30 16:00:00,3266.0,49.51,391.0,245.8,145.2,391.0
2024-10-30 17:00:00,0.0,0.0,85.8,13.8,72.0,85.8
2024-10-30 18:00:00,0.0,0.0,1.7,-0.1,1.8,1.7
2024-10-30 19:00:00,0.0,0.0,0.0,0.0,0.0,0.0
2024-10-30 20:00:00,0.0,0.0,0.0,0.0,0.0,0.0
2024-10-30 21:00:00,0.0,0.0,0.0,0.0,0.0,0.0
2024-10-30 22:00:00,0.0,0.0,0.0,0.0,0.0,0.0
2024-10-30 23:00:00,0.0,0.0,0.0,0.0,0.0,0.0
2024-10-31 00:00:00,0.0,0.0,0.0,0.0,0.0,0.0
2024-10-31 01:00:00,0.0,0.0,0.0,0.0,0.0,0.0
2024-10-31 02:00:00,0.0,0.0,0.0,0.0,0.0,0.0
2024-10-31 03:00:00,0.0,0.0,0.0,0.0,0.0,0.0
2024-10-31 04:00:00,0.0,0.0,0.0,0.0,0.0,0.0
2024-10-31 05:00:00,980.0,38.46,0.0,0.0,0.0,0.0
2024-10-31 06:00:00,11480.0,44.57,3.3,-0.2,3.5,3.3
2024-10-31 07:00:00,33810.0,47.08,134.2,57.1,77.1,134.2
2024-10-31 08:00:00,47510.0,54.85,361.2,225.4,135.7,361.2
2024-10-31 09:00:00,68480.0,57.24,568.2,399.8,168.4,568.2
2024-10-31 10:00:00,71840.0,60.53,612.5,352.4,260.1,612.5
2024-10-31 11:00:00,63750.0,63.18,787.0,515.0,272.0,787.0
2024-10-31 12:00:00,19013.0,63.33,845.5,563.1,282.4,845.5
2024-10-31 13:00:00,47930.0,58.88,857.5,610.1,247.4,857.5
2024-10-31 14:00:00,36700.0,54.2,766.0,557.0,209.0,766.0
2024-10-31 15:00:00,10923.0,51.24,596.2,419.4,176.8,596.2
2024-10-31 16:00:00,1524.0,50.04,325.2,167.5,157.6,325.2
2024-10-31 17:00:00,0.0,0.0,143.0,53.5,89.5,143.0
2024-10-31 18:00:00,0.0,0.0,2.0,-0.1,2.1,2.0
2024-10-31 19:00:00,0.0,0.0,0.0,0.0,0.0,0.0
2024-10-31 20:00:00,0.0,0.0,0.0,0.0,0.0,0.0
2024-10-31 21:00:00,0.0,0.0,0.0,0.0,0.0,0.0
2024-10-31 22:00:00,0.0,0.0,0.0,0.0,0.0,0.0
2024-10-31 23:00:00,0.0,0.0,0.0,0.0,0.0,0.0
2024-11-01 00:00:00,0.0,0.0,0.0,0.0,0.0,0.0
2024-11-01 01:00:00,0.0,0.0,0.0,0.0,0.0,0.0
2024-11-01 02:00:00,0.0,0.0,0.0,0.0,0.0,0.0
2024-11-01 03:00:00,0.0,0.0,0.0,0.0,0.0,0.0
2024-11-01 04:00:00,0.0,0.0,0.0,0.0,0.0,0.0
2024-11-01 05:00:00,616.0,38.92,0.0,0.0,0.0,0.0
2024-11-01 06:00:00,11004.0,44.05,2.7,-0.2,2.8,2.7
2024-11-01 07:00:00,20919.0,46.17,126.2,50.4,75.8,126.2
2024-11-01 08:00:00,46190.0,53.64,348.2,211.0,137.2,348.2
2024-11-01 09:00:00,57270.0,57.24,563.0,393.9,169.1,563.0
2024-11-01 10:00:00,57220.0,60.24,697.3,476.9,220.5,697.3
2024-11-01 11:00:00,62330.0,63.36,805.8,546.0,259.8,805.8
2024-11-01 12:00:00,52220.0,60.34,838.7,555.3,283.4,838.7
2024-11-01 13:00:00,44410.0,59.48,835.5,579.0,256.5,835.5
2024-11-01 14:00:00,14889.0,52.38,748.7,533.4,215.3,748.7
2024-11-01 15:00:00,1940.0,50.35,315.5,87.3,228.2,315.5
2024-11-01 16:00:00,276.0,46.62,71.0,3.2,67.8,71.0
2024-11-01 17:00:00,0.0,0.0,33.2,0.6,32.5,33.2
2024-11-01 18:00:00,0.0,0.0,0.8,-0.1,0.9,0.8
2024-11-01 19:00:00,0.0,0.0,0.0,0.0,0.0,0.0
2024-11-01 20:00:00,0.0,0.0,0.0,0.0,0.0,0.0
2024-11-01 21:00:00,0.0,0.0,0.0,0.0,0.0,0.0
2024-11-01 22:00:00,0.0,0.0,0.0,0.0,0.0,0.0
2024-11-01 23:00:00,0.0,0.0,0.0,0.0,0.0,0.0
2024-11-02 00:00:00,0.0,0.0,0.0,0.0,0.0,0.0
2024-11-02 01:00:00,0.0,0.0,0.0,0.0,0.0,0.0
2024-11-02 02:00:00,0.0,0.0,0.0,0.0,0.0,0.0
2024-11-02 03:00:00,0.0,0.0,0.0,0.0,0.0,0.0
2024-11-02 04:00:00,0.0,0.0,0.0,0.0,0.0,0.0
2024-11-02 05:00:00,0.0,35.24,0.0,0.0,0.0,0.0
2024-11-02 06:00:00,9457.0,43.32,1.0,-0.1,1.1,1.0
2024-11-02 07:00:00,27444.0,46.9,51.8,4.3,47.6,51.8
2024-11-02 08:00:00,42730.0,55.25,357.7,222.5,135.2,357.7
2024-11-02 09:00:00,27364.0,55.84,569.0,402.9,166.1,569.0
2024-11-02 10:00:00,20756.0,51.43,666.3,433.2,233.2,666.3
2024-11-02 11:00:00,63490.0,66.79,438.8,100.1,338.8,438.8
2024-11-02 12:00:00,32027.0,59.56,589.0,217.8,371.2,589.0
2024-11-02 13:00:00,17170.0,56.4,516.8,160.6,356.2,516.8
2024-11-02 14:00:00,47850.0,56.23,685.2,441.4,243.8,685.2
2024-11-02 15:00:00,11317.0,50.6,317.8,89.8,228.0,317.8
2024-11-02 16:00:00,1317.0,49.21,166.5,30.8,135.7,166.5
2024-11-02 17:00:00,0.0,0.0,71.0,8.2,62.8,71.0
2024-11-02 18:00:00,0.0,0.0,2.5,-0.2,2.7,2.5
2024-11-02 19:00:00,0.0,0.0,0.0,0.0,0.0,0.0
2024-11-02 20:00:00,0.0,0.0,0.0,0.0,0.0,0.0
2024-11-02 21:00:00,0.0,0.0,0.0,0.0,0.0,0.0
2024-11-02 22:00:00,0.0,0.0,0.0,0.0,0.0,0.0
2024-11-02 23:00:00,0.0,0.0,0.0,0.0,0.0,0.0
2024-11-03 00:00:00,0.0,0.0,0.0,0.0,0.0,0.0
2024-11-03 01:00:00,0.0,0.0,0.0,0.0,0.0,0.0
2024-11-03 02:00:00,0.0,0.0,0.0,0.0,0.0,0.0
2024-11-03 03:00:00,0.0,0.0,0.0,0.0,0.0,0.0
2024-11-03 04:00:00,0.0,0.0,0.0,0.0,0.0,0.0
2024-11-03 05:00:00,320.0,36.11,0.0,0.0,0.0,0.0
2024-11-03 06:00:00,7050.0,43.93,1.2,-0.1,1.3,1.2
2024-11-03 07:00:00,29953.0,46.73,67.3,9.9,57.5,67.3
2024-11-03 08:00:00,41350.0,54.59,293.3,148.7,144.6,293.3
2024-11-03 09:00:00,12264.0,57.85,578.2,416.1,162.1,578.2
2024-11-03 10:00:00,14686.0,56.77,753.0,561.6,191.4,753.0
2024-11-03 11:00:00,65590.0,59.68,857.7,629.4,228.3,857.7
2024-11-03 12:00:00,15772.0,61.33,895.8,648.3,247.5,895.8
2024-11-03 13:00:00,13263.0,59.64,880.8,652.8,228.1,880.8
2024-11-03 14:00:00,2291.0,52.38,756.2,548.3,207.9,756.2
2024-11-03 15:00:00,1098.0,46.87,290.8,70.4,220.5,290.8
2024-11-03 16:00:00,0.0,45.63,37.2,0.8,36.3,37.2
2024-11-03 17:00:00,0.0,0.0,6.5,0.0,6.5,6.5
2024-11-03 18:00:00,0.0,0.0,3.0,-0.2,3.2,3.0
2024-11-03 19:00:00,0.0,0.0,0.0,0.0,0.0,0.0
2024-11-03 20:00:00,0.0,0.0,0.0,0.0,0.0,0.0
2024-11-03 21:00:00,0.0,0.0,0.0,0.0,0.0,0.0
2024-11-03 22:00:00,0.0,0.0,0.0,0.0,0.0,0.0
2024-11-03 23:00:00,0.0,0.0,0.0,0.0,0.0,0.0
2024-11-04 00:00:00,0.0,0.0,0.0,0.0,0.0,0.0
2024-11-04 01:00:00,0.0,0.0,0.0,0.0,0.0,0.0
2024-11-04 02:00:00,0.0,0.0,0.0,0.0,0.0,0.0
2024-11-04 03:00:00,0.0,0.0,0.0,0.0,0.0,0.0
2024-11-04 04:00:00,0.0,0.0,0.0,0.0,0.0,0.0
2024-11-04 05:00:00,391.0,36.27,0.0,0.0,0.0,0.0
2024-11-04 06:00:00,11844.0,44.63,3.0,-0.2,3.2,3.0
2024-11-04 07:00:00,29120.0,47.18,134.3,58.4,75.9,134.3
2024-11-04 08:00:00,43270.0,54.85,363.7,230.2,133.4,363.7
2024-11-04 09:00:00,44020.0,59.64,577.5,416.2,161.3,577.5
2024-11-04 10:00:00,62220.0,58.51,693.0,475.9,217.1,693.0
2024-11-04 11:00:00,26234.0,55.72,600.5,263.2,337.3,600.5
2024-11-04 12:00:00,64470.0,58.76,595.3,228.2,367.1,595.3
2024-11-04 13:00:00,9699.0,55.68,874.0,644.8,229.2,874.0
2024-11-04 14:00:00,39400.0,57.06,666.0,417.2,248.8,666.0
2024-11-04 15:00:00,7088.0,50.19,514.7,312.1,202.6,514.7
2024-11-04 16:00:00,1444.0,49.34,372.2,226.6,145.5,372.2
2024-11-04 17:00:00,0.0,0.0,94.5,19.0,75.5,94.5
2024-11-04 18:00:00,0.0,0.0,4.0,-0.2,4.2,4.0
2024-11-04 19:00:00,0.0,0.0,0.0,0.0,0.0,0.0
2024-11-04 20:00:00,0.0,0.0,0.0,0.0,0.0,0.0
2024-11-04 21:00:00,0.0,0.0,0.0,0.0,0.0,0.0
2024-11-04 22:00:00,0.0,0.0,0.0,0.0,0.0,0.0
2024-11-04 23:00:00,0.0,0.0,0.0,0.0,0.0,0.0
2024-11-05 00:00:00,0.0,0.0,0.0,0.0,0.0,0.0
2024-11-05 01:00:00,0.0,0.0,0.0,0.0,0.0,0.0
2024-11-05 02:00:00,0.0,0.0,0.0,0.0,0.0,0.0
2024-11-05 03:00:00,0.0,0.0,0.0,0.0,0.0,0.0
2024-11-05 04:00:00,0.0,0.0,0.0,0.0,0.0,0.0
2024-11-05 05:00:00,435.0,36.14,0.0,0.0,0.0,0.0
2024-11-05 06:00:00,11322.0,44.18,2.8,-0.2,3.0,2.8
2024-11-05 07:00:00,28583.0,46.55,136.5,60.6,75.9,136.5
2024-11-05 08:00:00,19705.0,50.93,350.3,215.7,134.6,350.3
2024-11-05 09:00:00,51600.0,58.61,518.8,338.5,180.3,518.8
2024-11-05 10:00:00,53190.0,60.72,732.0,534.7,197.3,732.0
2024-11-05 11:00:00,58490.0,65.44,832.5,596.0,236.5,832.5
2024-11-05 12:00:00,54150.0,66.12,898.3,657.1,241.2,898.3
2024-11-05 13:00:00,38540.0,59.76,877.3,652.1,225.3,877.3
2024-11-05 14:00:00,7294.0,49.84,692.8,458.4,234.4,692.8
2024-11-05 15:00:00,5059.0,48.98,396.2,166.0,230.2,396.2
2024-11-05 16:00:00,1187.0,47.69,389.3,247.8,141.6,389.3
2024-11-05 17:00:00,0.0,0.0,139.5,52.2,87.3,139.5
2024-11-05 18:00:00,0.0,0.0,3.5,-0.2,3.7,3.5
2024-11-05 19:00:00,0.0,0.0,0.0,0.0,0.0,0.0
2024-11-05 20:00:00,0.0,0.0,0.0,0.0,0.0,0.0
2024-11-05 21:00:00,0.0,0.0,0.0,0.0,0.0,0.0
2024-11-05 22:00:00,0.0,0.0,0.0,0.0,0.0,0.0
2024-11-05 23:00:00,0.0,0.0,0.0,0.0,0.0,0.0
2024-11-06 00:00:00,0.0,0.0,0.0,0.0,0.0,0.0
2024-11-06 01:00:00,0.0,0.0,0.0,0.0,0.0,0.0
2024-11-06 02:00:00,0.0,0.0,0.0,0.0,0.0,0.0
2024-11-06 03:00:00,0.0,0.0,0.0,0.0,0.0,0.0
2024-11-06 04:00:00,0.0,0.0,0.0,0.0,0.0,0.0
2024-11-06 05:00:00,338.0,33.99,0.0,0.0,0.0,0.0
2024-11-06 06:00:00,11018.0,44.78,2.7,-0.2,2.8,2.7
2024-11-06 07:00:00,25165.0,46.84,132.8,57.8,75.0,132.8
2024-11-06 08:00:00,24533.0,52.65,351.7,217.8,133.9,351.7
2024-11-06 09:00:00,51580.0,58.42,537.3,364.7,172.6,537.3
2024-11-06 10:00:00,62600.0,61.42,714.7,511.2,203.5,714.7
2024-11-06 11:00:00,54250.0,58.22,803.8,554.8,249.0,803.8
2024-11-06 12:00:00,44760.0,60.34,807.7,521.0,286.7,807.7
2024-11-06 13:00:00,48990.0,61.51,728.7,430.3,298.4,728.7
2024-11-06 14:00:00,18453.0,55.98,690.3,456.5,233.8,690.3
2024-11-06 15:00:00,7391.0,52.870000000000005,455.2,236.3,218.9,455.2
2024-11-06 16:00:00,1606.0,49.18,325.8,172.5,153.3,325.8
2024-11-06 17:00:00,0.0,0.0,155.0,66.5,88.5,155.0
2024-11-06 18:00:00,0.0,0.0,3.7,-0.2,3.9,3.7
2024-11-06 19:00:00,0.0,0.0,0.0,0.0,0.0,0.0
2024-11-06 20:00:00,0.0,0.0,0.0,0.0,0.0,0.0
2024-11-06 21:00:00,0.0,0.0,0.0,0.0,0.0,0.0
2024-11-06 22:00:00,0.0,0.0,0.0,0.0,0.0,0.0
2024-11-06 23:00:00,0.0,0.0,0.0,0.0,0.0,0.0
2024-11-07 00:00:00,0.0,0.0,0.0,0.0,0.0,0.0
2024-11-07 01:00:00,0.0,0.0,0.0,0.0,0.0,0.0
2024-11-07 02:00:00,0.0,0.0,0.0,0.0,0.0,0.0
2024-11-07 03:00:00,0.0,0.0,0.0,0.0,0.0,0.0
2024-11-07 04:00:00,0.0,0.0,0.0,0.0,0.0,0.0
2024-11-07 05:00:00,341.0,34.96,0.0,0.0,0.0,0.0
2024-11-07 06:00:00,11311.0,43.93,2.5,-0.1,2.6,2.5
2024-11-07 07:00:00,31409.0,46.17,129.7,55.4,74.2,129.7
2024-11-07 08:00:00,41550.0,54.89,359.2,226.7,132.5,359.2
2024-11-07 09:00:00,54690.0,58.21,564.2,401.6,162.5,564.2
2024-11-07 10:00:00,49030.0,59.64,727.0,530.9,196.1,727.0
2024-11-07 11:00:00,41530.0,56.19,711.5,419.1,292.4,711.5
2024-11-07 12:00:00,24412.0,53.05,616.8,258.6,358.2,616.8
2024-11-07 13:00:00,34870.0,57.06,516.8,167.4,349.4,516.8
2024-11-07 14:00:00,29677.0,54.09,544.8,256.8,288.0,544.8
2024-11-07 15:00:00,15341.0,50.06,230.2,36.6,193.5,230.2
2024-11-07 16:00:00,1974.0,49.57,187.8,44.0,143.8,187.8
2024-11-07 17:00:00,0.0,0.0,89.8,16.9,72.9,89.8
2024-11-07 18:00:00,0.0,0.0,5.5,-0.3,5.8,5.5
2024-11-07 19:00:00,0.0,0.0,0.0,0.0,0.0,0.0
2024-11-07 20:00:00,0.0,0.0,0.0,0.0,0.0,0.0
2024-11-07 21:00:00,0.0,0.0,0.0,0.0,0.0,0.0
2024-11-07 22:00:00,0.0,0.0,0.0,0.0,0.0,0.0
2024-11-07 23:00:00,0.0,0.0,0.0,0.0,0.0,0.0
2024-11-08 00:00:00,0.0,0.0,0.0,0.0,0.0,0.0
2024-11-08 01:00:00,0.0,0.0,0.0,0.0,0.0,0.0
2024-11-08 02:00:00,0.0,0.0,0.0,0.0,0.0,0.0
2024-11-08 03:00:00,0.0,0.0,0.0,0.0,0.0,0.0
2024-11-08 04:00:00,0.0,0.0,0.0,0.0,0.0,0.0
2024-11-08 05:00:00,363.0,37.02,0.0,0.0,0.0,0.0
2024-11-08 06:00:00,5684.0,44.09,2.3,-0.1,2.5,2.3
2024-11-08 07:00:00,31062.0,46.49,131.8,57.6,74.2,131.8
2024-11-08 08:00:00,30283.0,52.46,343.2,209.3,133.9,343.2
2024-11-08 09:00:00,43000.0,54.8,555.2,390.8,164.4,555.2
2024-11-08 10:00:00,31993.0,51.05,690.2,479.0,211.2,690.2
2024-11-08 11:00:00,32391.0,54.36,620.5,295.8,324.7,620.5
2024-11-08 12:00:00,27017.0,53.17,651.8,304.0,347.9,651.8
2024-11-08 13:00:00,19616.0,52.0,557.2,210.8,346.3,557.2
2024-11-08 14:00:00,13782.0,53.28,440.3,142.9,297.4,440.3
2024-11-08 15:00:00,10178.0,53.65,358.2,129.3,228.8,358.2
2024-11-08 16:00:00,712.0,51.17,198.2,51.0,147.2,198.2
2024-11-08 17:00:00,0.0,0.0,81.3,12.8,68.5,81.3
2024-11-08 18:00:00,0.0,0.0,6.0,-0.3,6.3,6.0
2024-11-08 19:00:00,0.0,0.0,0.0,0.0,0.0,0.0
2024-11-08 20:00:00,0.0,0.0,0.0,0.0,0.0,0.0
2024-11-08 21:00:00,0.0,0.0,0.0,0.0,0.0,0.0
2024-11-08 22:00:00,0.0,0.0,0.0,0.0,0.0,0.0
2024-11-08 23:00:00,0.0,0.0,0.0,0.0,0.0,0.0
2024-11-09 00:00:00,0.0,0.0,0.0,0.0,0.0,0.0
2024-11-09 01:00:00,0.0,0.0,0.0,0.0,0.0,0.0
2024-11-09 02:00:00,0.0,0.0,0.0,0.0,0.0,0.0
2024-11-09 03:00:00,0.0,0.0,0.0,0.0,0.0,0.0
2024-11-09 04:00:00,0.0,0.0,0.0,0.0,0.0,0.0
2024-11-09 05:00:00,376.0,36.45,0.0,0.0,0.0,0.0
2024-11-09 06:00:00,9970.0,44.48,1.8,-0.1,2.0,1.8
2024-11-09 07:00:00,26241.0,46.52,128.7,55.3,73.4,128.7
2024-11-09 08:00:00,39130.0,54.71,350.5,218.1,132.4,350.5
2024-11-09 09:00:00,51480.0,57.73,556.5,393.6,162.9,556.5
2024-11-09 10:00:00,37670.0,57.27,722.2,527.3,194.9,722.2
2024-11-09 11:00:00,30023.0,63.5,705.0,414.1,290.9,705.0
2024-11-09 12:00:00,26625.0,56.32,830.2,562.7,267.4,830.2
2024-11-09 13:00:00,43680.0,57.52,639.0,311.6,327.4,639.0
2024-11-09 14:00:00,2153.0,48.88,567.5,288.6,278.9,567.5
2024-11-09 15:00:00,5524.0,47.14,404.3,178.4,225.9,404.3
2024-11-09 16:00:00,1206.0,46.8,317.7,164.7,153.0,317.7
2024-11-09 17:00:00,0.0,0.0,137.2,51.2,86.0,137.2
2024-11-09 18:00:00,0.0,0.0,6.3,-0.3,6.6,6.3
2024-11-09 19:00:00,0.0,0.0,0.0,0.0,0.0,0.0
2024-11-09 20:00:00,0.0,0.0,0.0,0.0,0.0,0.0
2024-11-09 21:00:00,0.0,0.0,0.0,0.0,0.0,0.0
2024-11-09 22:00:00,0.0,0.0,0.0,0.0,0.0,0.0
2024-11-09 23:00:00,0.0,0.0,0.0,0.0,0.0,0.0
2024-11-10 00:00:00,0.0,0.0,0.0,0.0,0.0,0.0
2024-11-10 01:00:00,0.0,0.0,0.0,0.0,0.0,0.0
2024-11-10 02:00:00,0.0,0.0,0.0,0.0,0.0,0.0
2024-11-10 03:00:00,0.0,0.0,0.0,0.0,0.0,0.0
2024-11-10 04:00:00,0.0,0.0,0.0,0.0,0.0,0.0
2024-11-10 05:00:00,0.0,31.86,0.0,0.0,0.0,0.0
2024-11-10 06:00:00,5277.0,43.81,1.8,-0.1,2.0,1.8
2024-11-10 07:00:00,15370.0,43.37,126.3,53.7,72.7,126.3
2024-11-10 08:00:00,32960.0,50.51,239.7,96.3,143.4,239.7
2024-11-10 09:00:00,48330.0,53.43,332.5,119.2,213.3,332.5
2024-11-10 10:00:00,33440.0,55.68,555.3,291.7,263.6,555.3
2024-11-10 11:00:00,45130.0,56.95,703.2,413.7,289.5,703.2
2024-11-10 12:00:00,50700.0,56.27,626.5,275.9,350.6,626.5
2024-11-10 13:00:00,38410.0,56.44,660.7,342.4,318.3,660.7
2024-11-10 14:00:00,21860.0,54.53,671.3,435.4,236.0,671.3
2024-11-10 15:00:00,12443.0,51.42,485.7,279.7,206.0,485.7
2024-11-10 16:00:00,1028.0,50.31,245.8,89.7,156.1,245.8
2024-11-10 17:00:00,0.0,0.0,118.0,35.7,82.3,118.0
2024-11-10 18:00:00,0.0,0.0,5.5,-0.3,5.8,5.5
2024-11-10 19:00:00,0.0,0.0,0.0,0.0,0.0,0.0
2024-11-10 20:00:00,0.0,0.0,0.0,0.0,0.0,0.0
2024-11-10 21:00:00,0.0,0.0,0.0,0.0,0.0,0.0
2024-11-10 22:00:00,0.0,0.0,0.0,0.0,0.0,0.0
2024-11-10 23:00:00,0.0,0.0,0.0,0.0,0.0,0.0
2024-11-11 00:00:00,0.0,0.0,0.0,0.0,0.0,0.0
2024-11-11 01:00:00,0.0,0.0,0.0,0.0,0.0,0.0
2024-11-11 02:00:00,0.0,0.0,0.0,0.0,0.0,0.0
2024-11-11 03:00:00,0.0,0.0,0.0,0.0,0.0,0.0
2024-11-11 04:00:00,0.0,0.0,0.0,0.0,0.0,0.0
2024-11-11 05:00:00,655.0,37.49,0.0,0.0,0.0,0.0
2024-11-11 06:00:00,11695.0,44.75,1.5,-0.1,1.6,1.5
2024-11-11 07:00:00,26153.0,46.91,128.5,55.9,72.6,128.5
2024-11-11 08:00:00,43600.0,55.64,348.0,216.4,131.6,348.0
2024-11-11 09:00:00,63550.0,55.21,552.2,390.0,162.1,552.2
2024-11-11 10:00:00,57780.0,60.24,680.7,470.6,210.1,680.7
2024-11-11 11:00:00,57100.0,64.52,812.7,579.7,233.0,812.7
2024-11-11 12:00:00,51900.0,64.04,887.0,654.2,232.8,887.0
2024-11-11 13:00:00,44240.0,62.26,882.3,671.9,210.5,882.3
2024-11-11 14:00:00,29577.0,58.51,782.5,598.8,183.7,782.5
2024-11-11 15:00:00,12421.0,52.42,614.7,455.1,159.6,614.7
2024-11-11 16:00:00,1262.0,49.77,394.0,255.9,138.1,394.0
2024-11-11 17:00:00,0.0,0.0,153.7,66.5,87.2,153.7
2024-11-11 18:00:00,0.0,0.0,5.2,-0.3,5.4,5.2
2024-11-11 19:00:00,0.0,0.0,0.0,0.0,0.0,0.0
2024-11-11 20:00:00,0.0,0.0,0.0,0.0,0.0,0.0
2024-11-11 21:00:00,0.0,0.0,0.0,0.0,0.0,0.0
2024-11-11 22:00:00,0.0,0.0,0.0,0.0,0.0,0.0
2024-11-11 23:00:00,0.0,0.0,0.0,0.0,0.0,0.0
2024-11-12 00:00:00,0.0,0.0,0.0,0.0,0.0,0.0
2024-11-12 01:00:00,0.0,0.0,0.0,0.0,0.0,0.0
2024-11-12 02:00:00,0.0,0.0,0.0,0.0,0.0,0.0
2024-11-12 03:00:00,0.0,0.0,0.0,0.0,0.0,0.0
2024-11-12 04:00:00,0.0,0.0,0.0,0.0,0.0,0.0
2024-11-12 05:00:00,635.0,37.99,0.0,0.0,0.0,0.0
2024-11-12 06:00:00,8469.0,44.42,1.3,-0.1,1.4,1.3
2024-11-12 07:00:00,23594.0,46.87,121.5,50.4,71.1,121.5
2024-11-12 08:00:00,17393.0,54.34,325.5,191.7,133.8,325.5
2024-11-12 09:00:00,50360.0,56.18,518.8,346.9,172.0,518.8
2024-11-12 10:00:00,55840.0,58.63,657.5,438.6,218.9,657.5
2024-11-12 11:00:00,51930.0,60.86,817.2,588.7,228.4,817.2
2024-11-12 12:00:00,47900.0,60.19,834.7,576.9,257.8,834.7
2024-11-12 13:00:00,38270.0,55.68,832.3,599.2,233.2,832.3
2024-11-12 14:00:00,21625.0,53.21,702.0,483.5,218.5,702.0
2024-11-12 15:00:00,9559.0,50.97,575.0,403.1,171.9,575.0
2024-11-12 16:00:00,930.0,49.74,361.3,217.9,143.5,361.3
2024-11-12 17:00:00,0.0,0.0,139.8,54.2,85.7,139.8
2024-11-12 18:00:00,0.0,0.0,2.5,-0.2,2.7,2.5
2024-11-12 19:00:00,0.0,0.0,0.0,0.0,0.0,0.0
2024-11-12 20:00:00,0.0,0.0,0.0,0.0,0.0,0.0
2024-11-12 21:00:00,0.0,0.0,0.0,0.0,0.0,0.0
2024-11-12 22:00:00,0.0,0.0,0.0,0.0,0.0,0.0
2024-11-12 23:00:00,0.0,0.0,0.0,0.0,0.0,0.0
2024-11-13 00:00:00,0.0,0.0,0.0,0.0,0.0,0.0
2024-11-13 01:00:00,0.0,0.0,0.0,0.0,0.0,0.0
2024-11-13 02:00:00,0.0,0.0,0.0,0.0,0.0,0.0
2024-11-13 03:00:00,0.0,0.0,0.0,0.0,0.0,0.0
2024-11-13 04:00:00,0.0,0.0,0.0,0.0,0.0,0.0
2024-11-13 05:00:00,333.0,38.84,0.0,0.0,0.0,0.0
2024-11-13 06:00:00,6882.0,45.02,0.3,0.0,0.4,0.3
2024-11-13 07:00:00,7122.0,43.38,78.8,17.8,61.0,78.8
2024-11-13 08:00:00,11142.0,45.92,151.8,30.3,121.5,151.8
2024-11-13 09:00:00,16259.0,50.78,130.0,8.3,121.7,130.0
2024-11-13 10:00:00,30217.0,56.32,223.2,18.8,204.3,223.2
2024-11-13 11:00:00,23159.0,52.53,395.3,79.3,316.0,395.3
2024-11-13 12:00:00,30172.0,55.51,571.7,216.7,355.0,571.7
2024-11-13 13:00:00,28551.0,54.85,455.3,118.6,336.7,455.3
2024-11-13 14:00:00,34460.0,53.97,507.5,219.4,288.1,507.5
2024-11-13 15:00:00,16850.0,51.28,420.7,200.4,220.3,420.7
2024-11-13 16:00:00,876.0,49.24,307.3,154.7,152.6,307.3
2024-11-13 17:00:00,0.0,0.0,131.2,46.8,84.4,131.2
2024-11-13 18:00:00,0.0,0.0,3.5,-0.2,3.7,3.5
2024-11-13 19:00:00,0.0,0.0,0.0,0.0,0.0,0.0
2024-11-13 20:00:00,0.0,0.0,0.0,0.0,0.0,0.0
2024-11-13 21:00:00,0.0,0.0,0.0,0.0,0.0,0.0
2024-11-13 22:00:00,0.0,0.0,0.0,0.0,0.0,0.0
2024-11-13 23:00:00,0.0,0.0,0.0,0.0,0.0,0.0
2024-11-14 00:00:00,0.0,0.0,0.0,0.0,0.0,0.0
2024-11-14 01:00:00,0.0,0.0,0.0,0.0,0.0,0.0
2024-11-14 02:00:00,0.0,0.0,0.0,0.0,0.0,0.0
2024-11-14 03:00:00,0.0,0.0,0.0,0.0,0.0,0.0
2024-11-14 04:00:00,0.0,0.0,0.0,0.0,0.0,0.0
2024-11-14 05:00:00,362.0,37.56,0.0,0.0,0.0,0.0
2024-11-14 06:00:00,9549.0,44.51,1.7,-0.1,1.8,1.7
2024-11-14 07:00:00,26225.0,46.52,125.0,54.1,70.9,125.0
2024-11-14 08:00:00,39980.0,54.56,354.3,224.9,129.5,354.3
2024-11-14 09:00:00,51000.0,58.79,566.2,411.1,155.0,566.2
2024-11-14 10:00:00,56530.0,63.81,744.7,567.3,177.4,744.7
2024-11-14 11:00:00,61040.0,67.9,862.7,660.4,202.2,862.7
2024-11-14 12:00:00,55440.0,66.76,901.3,682.4,219.0,901.3
2024-11-14 13:00:00,48420.0,62.58,788.3,536.6,251.8,788.3
2024-11-14 14:00:00,5689.0,53.8,558.2,283.2,275.0,558.2
2024-11-14 15:00:00,6944.0,50.08,380.7,156.1,224.6,380.7
2024-11-14 16:00:00,1434.0,50.2,388.7,250.7,137.9,388.7
2024-11-14 17:00:00,0.0,0.0,124.0,41.0,83.0,124.0
2024-11-14 18:00:00,0.0,0.0,0.8,-0.1,0.9,0.8
2024-11-14 19:00:00,0.0,0.0,0.0,0.0,0.0,0.0
2024-11-14 20:00:00,0.0,0.0,0.0,0.0,0.0,0.0
2024-11-14 21:00:00,0.0,0.0,0.0,0.0,0.0,0.0
2024-11-14 22:00:00,0.0,0.0,0.0,0.0,0.0,0.0
2024-11-14 23:00:00,0.0,0.0,0.0,0.0,0.0,0.0
2024-11-15 00:00:00,0.0,0.0,0.0,0.0,0.0,0.0
2024-11-15 01:00:00,0.0,0.0,0.0,0.0,0.0,0.0
2024-11-15 02:00:00,0.0,0.0,0.0,0.0,0.0,0.0
2024-11-15 03:00:00,0.0,0.0,0.0,0.0,0.0,0.0
2024-11-15 04:00:00,0.0,0.0,0.0,0.0,0.0,0.0
2024-11-15 05:00:00,0.0,31.54,0.0,0.0,0.0,0.0
2024-11-15 06:00:00,9234.0,44.99,0.7,-0.1,0.7,0.7
2024-11-15 07:00:00,26923.0,46.49,114.8,46.0,68.8,114.8
2024-11-15 08:00:00,15371.0,54.99,333.7,202.9,130.8,333.7
2024-11-15 09:00:00,23536.0,54.65,483.0,302.6,180.4,483.0
2024-11-15 10:00:00,58490.0,58.21,555.0,299.8,255.2,555.0
2024-11-15 11:00:00,63540.0,61.75,670.3,377.6,292.7,670.3
2024-11-15 12:00:00,57860.0,54.71,798.2,528.3,269.9,798.2
2024-11-15 13:00:00,10267.0,52.57,765.3,503.8,261.5,765.3
2024-11-15 14:00:00,28380.0,54.89,659.7,425.8,233.9,659.7
2024-11-15 15:00:00,5965.0,51.23,466.5,258.9,207.6,466.5
2024-11-15 16:00:00,1137.0,49.21,233.0,79.8,153.2,233.0
2024-11-15 17:00:00,0.0,0.0,145.5,59.7,85.8,145.5
2024-11-15 18:00:00,0.0,0.0,3.0,-0.2,3.2,3.0
2024-11-15 19:00:00,0.0,0.0,0.0,0.0,0.0,0.0
2024-11-15 20:00:00,0.0,0.0,0.0,0.0,0.0,0.0
2024-11-15 21:00:00,0.0,0.0,0.0,0.0,0.0,0.0
2024-11-15 22:00:00,0.0,0.0,0.0,0.0,0.0,0.0
2024-11-15 23:00:00,0.0,0.0,0.0,0.0,0.0,0.0
2024-11-16 00:00:00,0.0,0.0,0.0,0.0,0.0,0.0
2024-11-16 01:00:00,0.0,0.0,0.0,0.0,0.0,0.0
2024-11-16 02:00:00,0.0,0.0,0.0,0.0,0.0,0.0
2024-11-16 03:00:00,0.0,0.0,0.0,0.0,0.0,0.0
2024-11-16 04:00:00,0.0,0.0,0.0,0.0,0.0,0.0
2024-11-16 05:00:00,352.0,37.41,0.0,0.0,0.0,0.0
2024-11-16 06:00:00,9174.0,44.51,1.0,-0.1,1.1,1.0
2024-11-16 07:00:00,23924.0,46.24,112.3,44.4,67.9,112.3
2024-11-16 08:00:00,38010.0,54.93,336.5,206.6,129.9,336.5
2024-11-16 09:00:00,49000.0,58.63,545.2,386.3,158.9,545.2
2024-11-16 10:00:00,56050.0,63.22,724.8,542.8,182.0,724.8
2024-11-16 11:00:00,47540.0,63.59,832.0,619.6,212.4,832.0
2024-11-16 12:00:00,50020.0,64.34,806.2,542.7,263.4,806.2
2024-11-16 13:00:00,40400.0,62.84,868.7,660.9,207.7,868.7
2024-11-16 14:00:00,28383.0,56.15,776.2,596.0,180.2,776.2
2024-11-16 15:00:00,5532.0,50.42,613.7,456.9,156.8,613.7
2024-11-16 16:00:00,1982.0,49.6,367.7,226.8,140.8,367.7
2024-11-16 17:00:00,0.0,0.0,131.8,47.8,84.1,131.8
2024-11-16 18:00:00,0.0,0.0,1.5,-0.1,1.6,1.5
2024-11-16 19:00:00,0.0,0.0,0.0,0.0,0.0,0.0
2024-11-16 20:00:00,0.0,0.0,0.0,0.0,0.0,0.0
2024-11-16 21:00:00,0.0,0.0,0.0,0.0,0.0,0.0
2024-11-16 22:00:00,0.0,0.0,0.0,0.0,0.0,0.0
2024-11-16 23:00:00,0.0,0.0,0.0,0.0,0.0,0.0
2024-11-17 00:00:00,0.0,0.0,0.0,0.0,0.0,0.0
2024-11-17 01:00:00,0.0,0.0,0.0,0.0,0.0,0.0
2024-11-17 02:00:00,0.0,0.0,0.0,0.0,0.0,0.0
2024-11-17 03:00:00,0.0,0.0,0.0,0.0,0.0,0.0
2024-11-17 04:00:00,0.0,0.0,0.0,0.0,0.0,0.0
2024-11-17 05:00:00,503.0,36.73,0.0,0.0,0.0,0.0
2024-11-17 06:00:00,8711.0,44.42,0.8,-0.1,0.9,0.8
2024-11-17 07:00:00,22445.0,45.78,115.2,47.2,68.0,115.2
2024-11-17 08:00:00,35860.0,55.34,336.0,206.7,129.3,336.0
2024-11-17 09:00:00,22655.0,55.42,544.2,386.1,158.1,544.2
2024-11-17 10:00:00,61520.0,59.0,687.7,491.5,196.1,687.7
2024-11-17 11:00:00,58330.0,56.56,687.3,406.2,281.2,687.3
2024-11-17 12:00:00,16376.0,60.48,721.0,417.8,303.2,721.0
2024-11-17 13:00:00,42930.0,57.11,728.5,452.6,275.9,728.5
2024-11-17 14:00:00,25673.0,55.25,672.7,447.5,225.2,672.7
2024-11-17 15:00:00,10393.0,50.31,596.2,434.9,161.3,596.2
2024-11-17 16:00:00,876.0,49.870000000000005,395.7,259.4,136.2,395.7
2024-11-17 17:00:00,0.0,0.0,148.2,62.3,85.8,148.2
2024-11-17 18:00:00,0.0,0.0,2.3,-0.2,2.5,2.3
2024-11-17 19:00:00,0.0,0.0,0.0,0.0,0.0,0.0
2024-11-17 20:00:00,0.0,0.0,0.0,0.0,0.0,0.0
2024-11-17 21:00:00,0.0,0.0,0.0,0.0,0.0,0.0
2024-11-17 22:00:00,0.0,0.0,0.0,0.0,0.0,0.0
2024-11-17 23:00:00,0.0,0.0,0.0,0.0,0.0,0.0
2024-11-18 00:00:00,0.0,0.0,0.0,0.0,0.0,0.0
2024-11-18 01:00:00,0.0,0.0,0.0,0.0,0.0,0.0
2024-11-18 02:00:00,0.0,0.0,0.0,0.0,0.0,0.0
2024-11-18 03:00:00,0.0,0.0,0.0,0.0,0.0,0.0
2024-11-18 04:00:00,0.0,0.0,0.0,0.0,0.0,0.0
2024-11-18 05:00:00,425.0,36.36,0.0,0.0,0.0,0.0
2024-11-18 06:00:00,9104.0,44.48,0.7,-0.1,0.7,0.7
2024-11-18 07:00:00,25364.0,45.7,114.7,47.2,67.4,114.7
2024-11-18 08:00:00,37820.0,55.3,340.5,212.1,128.4,340.5
2024-11-18 09:00:00,48050.0,57.16,558.8,405.6,153.2,558.8
2024-11-18 10:00:00,59400.0,60.1,736.0,561.4,174.6,736.0
2024-11-18 11:00:00,55520.0,65.12,822.3,609.4,212.9,822.3
2024-11-18 12:00:00,51160.0,63.13,857.3,625.0,232.4,857.3
2024-11-18 13:00:00,42020.0,62.49,871.3,668.2,203.2,871.3
2024-11-18 14:00:00,27517.0,58.620000000000005,793.7,621.9,171.8,793.7
2024-11-18 15:00:00,11696.0,52.120000000000005,623.2,469.7,153.4,623.2
2024-11-18 16:00:00,1390.0,50.16,405.0,269.9,135.1,405.0
2024-11-18 17:00:00,0.0,0.0,150.3,64.4,85.9,150.3
2024-11-18 18:00:00,0.0,0.0,1.3,-0.1,1.4,1.3
2024-11-18 19:00:00,0.0,0.0,0.0,0.0,0.0,0.0
2024-11-18 20:00:00,0.0,0.0,0.0,0.0,0.0,0.0
2024-11-18 21:00:00,0.0,0.0,0.0,0.0,0.0,0.0
2024-11-18 22:00:00,0.0,0.0,0.0,0.0,0.0,0.0
2024-11-18 23:00:00,0.0,0.0,0.0,0.0,0.0,0.0
2024-11-19 00:00:00,0.0,0.0,0.0,0.0,0.0,0.0
2024-11-19 01:00:00,0.0,0.0,0.0,0.0,0.0,0.0
2024-11-19 02:00:00,0.0,0.0,0.0,0.0,0.0,0.0
2024-11-19 03:00:00,0.0,0.0,0.0,0.0,0.0,0.0
2024-11-19 04:00:00,0.0,0.0,0.0,0.0,0.0,0.0
2024-11-19 05:00:00,396.0,36.75,0.0,0.0,0.0,0.0
2024-11-19 06:00:00,9014.0,44.6,0.7,-0.1,0.7,0.7
2024-11-19 07:00:00,24206.0,45.53,115.8,48.6,67.2,115.8
2024-11-19 08:00:00,38960.0,55.41,341.3,213.5,127.8,341.3
2024-11-19 09:00:00,48690.0,56.53,551.0,396.8,154.2,551.0
2024-11-19 10:00:00,53110.0,59.08,721.7,543.1,178.6,721.7
2024-11-19 11:00:00,22747.0,58.39,839.2,636.2,203.0,839.2
2024-11-19 12:00:00,24345.0,56.39,832.2,588.9,243.2,832.2
2024-11-19 13:00:00,35690.0,55.3,699.8,414.1,285.7,699.8
2024-11-19 14:00:00,26251.0,54.55,606.5,354.8,251.7,606.5
2024-11-19 15:00:00,6612.0,51.31,559.8,387.6,172.3,559.8
2024-11-19 16:00:00,2281.0,49.84,327.7,180.3,147.4,327.7
2024-11-19 17:00:00,0.0,0.0,118.8,37.3,81.5,118.8
2024-11-19 18:00:00,0.0,0.0,2.7,-0.2,2.8,2.7
2024-11-19 19:00:00,0.0,0.0,0.0,0.0,0.0,0.0
2024-11-19 20:00:00,0.0,0.0,0.0,0.0,0.0,0.0
2024-11-19 21:00:00,0.0,0.0,0.0,0.0,0.0,0.0
2024-11-19 22:00:00,0.0,0.0,0.0,0.0,0.0,0.0
2024-11-19 23:00:00,0.0,0.0,0.0,0.0,0.0,0.0
2024-11-20 00:00:00,0.0,0.0,0.0,0.0,0.0,0.0
2024-11-20 01:00:00,0.0,0.0,0.0,0.0,0.0,0.0
2024-11-20 02:00:00,0.0,0.0,0.0,0.0,0.0,0.0
2024-11-20 03:00:00,0.0,0.0,0.0,0.0,0.0,0.0
2024-11-20 04:00:00,0.0,0.0,0.0,0.0,0.0,0.0
2024-11-20 05:00:00,325.0,34.47,0.0,0.0,0.0,0.0
2024-11-20 06:00:00,10834.0,44.84,0.5,0.0,0.5,0.5
2024-11-20 07:00:00,24831.0,48.08,79.8,20.7,59.1,79.8
2024-11-20 08:00:00,40840.0,54.91,311.2,181.1,130.1,311.2
2024-11-20 09:00:00,53730.0,60.29,524.8,364.3,160.6,524.8
2024-11-20 10:00:00,58980.0,55.42,680.2,486.0,194.2,680.2
2024-11-20 11:00:00,28993.0,56.74,753.3,510.3,243.0,753.3
2024-11-20 12:00:00,37960.0,55.71,682.2,368.6,313.6,682.2
2024-11-20 13:00:00,25784.0,54.31,507.3,173.5,333.8,507.3
2024-11-20 14:00:00,16728.0,54.69,511.3,231.1,280.2,511.3
2024-11-20 15:00:00,7862.0,52.64,428.0,213.7,214.3,428.0
2024-11-20 16:00:00,2005.0,50.84,236.5,83.8,152.7,236.5
2024-11-20 17:00:00,0.0,0.0,47.0,2.4,44.6,47.0
2024-11-20 18:00:00,0.0,0.0,4.5,-0.3,4.8,4.5
2024-11-20 19:00:00,0.0,0.0,0.0,0.0,0.0,0.0
2024-11-20 20:00:00,0.0,0.0,0.0,0.0,0.0,0.0
2024-11-20 21:00:00,0.0,0.0,0.0,0.0,0.0,0.0
2024-11-20 22:00:00,0.0,0.0,0.0,0.0,0.0,0.0
2024-11-20 23:00:00,0.0,0.0,0.0,0.0,0.0,0.0
2024-11-21 00:00:00,0.0,0.0,0.0,0.0,0.0,0.0
2024-11-21 01:00:00,0.0,0.0,0.0,0.0,0.0,0.0
2024-11-21 02:00:00,0.0,0.0,0.0,0.0,0.0,0.0
2024-11-21 03:00:00,0.0,0.0,0.0,0.0,0.0,0.0
2024-11-21 04:00:00,0.0,0.0,0.0,0.0,0.0,0.0
2024-11-21 05:00:00,0.0,30.91,0.0,0.0,0.0,0.0
2024-11-21 06:00:00,8930.0,44.42,0.8,0.0,0.9,0.8
2024-11-21 07:00:00,24377.0,45.63,102.2,38.3,63.8,102.2
2024-11-21 08:00:00,39110.0,55.07,329.7,202.1,127.6,329.7
2024-11-21 09:00:00,47950.0,56.65,541.3,386.5,154.8,541.3
2024-11-21 10:00:00,53870.0,61.56,717.5,540.4,177.1,717.5
2024-11-21 11:00:00,54010.0,64.98,832.3,630.0,202.3,832.3
2024-11-21 12:00:00,54660.0,65.59,881.3,666.9,214.5,881.3
2024-11-21 13:00:00,43270.0,62.38,844.7,633.8,210.8,844.7
2024-11-21 14:00:00,25862.0,55.75,759.3,577.6,181.8,759.3
2024-11-21 15:00:00,11207.0,50.77,566.7,397.9,168.8,566.7
2024-11-21 16:00:00,1436.0,50.72,233.5,81.3,152.2,233.5
2024-11-21 17:00:00,0.0,0.0,16.3,-0.1,16.4,16.3
2024-11-21 18:00:00,0.0,0.0,0.5,0.0,0.5,0.5
2024-11-21 19:00:00,0.0,0.0,0.0,0.0,0.0,0.0
2024-11-21 20:00:00,0.0,0.0,0.0,0.0,0.0,0.0
2024-11-21 21:00:00,0.0,0.0,0.0,0.0,0.0,0.0
2024-11-21 22:00:00,0.0,0.0,0.0,0.0,0.0,0.0
2024-11-21 23:00:00,0.0,0.0,0.0,0.0,0.0,0.0
2024-11-22 00:00:00,0.0,0.0,0.0,0.0,0.0,0.0
2024-11-22 01:00:00,0.0,0.0,0.0,0.0,0.0,0.0
2024-11-22 02:00:00,0.0,0.0,0.0,0.0,0.0,0.0
2024-11-22 03:00:00,0.0,0.0,0.0,0.0,0.0,0.0
2024-11-22 04:00:00,0.0,0.0,0.0,0.0,0.0,0.0
2024-11-22 05:00:00,264.0,34.800000000000004,0.0,0.0,0.0,0.0
2024-11-22 06:00:00,8250.0,44.54,0.8,0.0,0.9,0.8
2024-11-22 07:00:00,21807.0,44.96,111.7,46.5,65.1,111.7
2024-11-22 08:00:00,39290.0,55.45,332.0,205.1,126.9,332.0
2024-11-22 09:00:00,44030.0,54.4,533.8,378.0,155.9,533.8
2024-11-22 10:00:00,56050.0,54.48,706.5,526.6,179.9,706.5
2024-11-22 11:00:00,30578.0,55.41,809.2,597.9,211.3,809.2
2024-11-22 12:00:00,49200.0,60.72,851.5,624.2,227.3,851.5
2024-11-22 13:00:00,11181.0,57.4,821.7,601.2,220.5,821.7
2024-11-22 14:00:00,26799.0,55.81,727.5,533.3,194.2,727.5
2024-11-22 15:00:00,10551.0,50.42,592.2,432.1,160.1,592.2
2024-11-22 16:00:00,598.0,50.46,369.7,230.5,139.1,369.7
2024-11-22 17:00:00,0.0,0.0,90.2,18.0,72.2,90.2
2024-11-22 18:00:00,0.0,0.0,0.2,0.0,0.2,0.2
2024-11-22 19:00:00,0.0,0.0,0.0,0.0,0.0,0.0
2024-11-22 20:00:00,0.0,0.0,0.0,0.0,0.0,0.0
2024-11-22 21:00:00,0.0,0.0,0.0,0.0,0.0,0.0
2024-11-22 22:00:00,0.0,0.0,0.0,0.0,0.0,0.0
2024-11-22 23:00:00,0.0,0.0,0.0,0.0,0.0,0.0
2024-11-23 00:00:00,0.0,0.0,0.0,0.0,0.0,0.0
2024-11-23 01:00:00,0.0,0.0,0.0,0.0,0.0,0.0
2024-11-23 02:00:00,0.0,0.0,0.0,0.0,0.0,0.0
2024-11-23 03:00:00,0.0,0.0,0.0,0.0,0.0,0.0
2024-11-23 04:00:00,0.0,0.0,0.0,0.0,0.0,0.0
2024-11-23 05:00:00,0.0,35.21,0.0,0.0,0.0,0.0
2024-11-23 06:00:00,7366.0,42.6,0.8,0.0,0.8,0.8
2024-11-23 07:00:00,18449.0,44.6,109.0,44.8,64.2,109.0
2024-11-23 08:00:00,30178.0,54.620000000000005,289.2,158.6,130.6,289.2
2024-11-23 09:00:00,36210.0,52.83,404.8,211.9,193.0,404.8
2024-11-23 10:00:00,35260.0,53.870000000000005,383.3,117.3,266.0,383.3
2024-11-23 11:00:00,33480.0,54.83,504.3,184.0,320.4,504.3
2024-11-23 12:00:00,30047.0,53.32,602.7,268.9,333.8,602.7
2024-11-23 13:00:00,23570.0,52.67,514.8,184.3,330.5,514.8
2024-11-23 14:00:00,16209.0,53.27,422.0,137.5,284.5,422.0
2024-11-23 15:00:00,7583.0,51.07,321.0,102.3,218.7,321.0
2024-11-23 16:00:00,1127.0,49.44,241.8,89.1,152.8,241.8
2024-11-23 17:00:00,0.0,0.0,126.3,43.4,82.9,126.3
2024-11-23 18:00:00,0.0,0.0,3.8,-0.2,4.1,3.8
2024-11-23 19:00:00,0.0,0.0,0.0,0.0,0.0,0.0
2024-11-23 20:00:00,0.0,0.0,0.0,0.0,0.0,0.0
2024-11-23 21:00:00,0.0,0.0,0.0,0.0,0.0,0.0
2024-11-23 22:00:00,0.0,0.0,0.0,0.0,0.0,0.0
2024-11-23 23:00:00,0.0,0.0,0.0,0.0,0.0,0.0
2024-11-24 00:00:00,0.0,0.0,0.0,0.0,0.0,0.0
2024-11-24 01:00:00,0.0,0.0,0.0,0.0,0.0,0.0
2024-11-24 02:00:00,0.0,0.0,0.0,0.0,0.0,0.0
2024-11-24 03:00:00,0.0,0.0,0.0,0.0,0.0,0.0
2024-11-24 04:00:00,0.0,0.0,0.0,0.0,0.0,0.0
2024-11-24 05:00:00,113.0,36.01,0.0,0.0,0.0,0.0
2024-11-24 06:00:00,11227.0,44.57,0.7,0.0,0.7,0.7
2024-11-24 07:00:00,14330.0,43.47,93.0,32.4,60.6,93.0
2024-11-24 08:00:00,35060.0,51.43,283.8,153.4,130.4,283.8
2024-11-24 09:00:00,38660.0,54.8,492.8,326.9,165.9,492.8
2024-11-24 10:00:00,58610.0,64.44,597.2,373.6,223.5,597.2
2024-11-24 11:00:00,30922.0,61.47,801.0,589.6,211.4,801.0
2024-11-24 12:00:00,48640.0,59.4,814.5,572.1,242.4,814.5
2024-11-24 13:00:00,42500.0,61.19,774.3,533.0,241.3,774.3
2024-11-24 14:00:00,16833.0,54.6,665.7,445.1,220.6,665.7
2024-11-24 15:00:00,9594.0,50.38,598.2,440.6,157.6,598.2
2024-11-24 16:00:00,1549.0,50.82,318.2,170.1,148.1,318.2
2024-11-24 17:00:00,0.0,0.0,105.2,27.3,77.9,105.2
2024-11-24 18:00:00,0.0,0.0,3.2,-0.2,3.4,3.2
2024-11-24 19:00:00,0.0,0.0,0.0,0.0,0.0,0.0
2024-11-24 20:00:00,0.0,0.0,0.0,0.0,0.0,0.0
2024-11-24 21:00:00,0.0,0.0,0.0,0.0,0.0,0.0
2024-11-24 22:00:00,0.0,0.0,0.0,0.0,0.0,0.0
2024-11-24 23:00:00,0.0,0.0,0.0,0.0,0.0,0.0
2024-11-25 00:00:00,0.0,0.0,0.0,0.0,0.0,0.0
2024-11-25 01:00:00,0.0,0.0,0.0,0.0,0.0,0.0
2024-11-25 02:00:00,0.0,0.0,0.0,0.0,0.0,0.0
2024-11-25 03:00:00,0.0,0.0,0.0,0.0,0.0,0.0
2024-11-25 04:00:00,0.0,0.0,0.0,0.0,0.0,0.0
2024-11-25 05:00:00,0.0,35.9,0.0,0.0,0.0,0.0
2024-11-25 06:00:00,7230.0,44.21,0.7,0.1,0.5,0.7
2024-11-25 07:00:00,19410.0,43.93,100.2,38.6,61.6,100.2
2024-11-25 08:00:00,29175.0,52.98,271.2,140.1,131.1,271.2
2024-11-25 09:00:00,49630.0,56.6,419.2,232.1,187.1,419.2
2024-11-25 10:00:00,50570.0,58.39,621.7,410.3,211.4,621.7
2024-11-25 11:00:00,41150.0,58.27,693.8,431.9,261.9,693.8
2024-11-25 12:00:00,43100.0,60.46,601.5,270.4,331.1,601.5
2024-11-25 13:00:00,19223.0,55.81,701.0,425.2,275.8,701.0
2024-11-25 14:00:00,21625.0,53.5,726.2,534.0,192.2,726.2
2024-11-25 15:00:00,9059.0,50.72,424.2,211.3,212.9,424.2
2024-11-25 16:00:00,1684.0,49.64,290.5,138.7,151.8,290.5
2024-11-25 17:00:00,0.0,0.0,129.5,46.0,83.5,129.5
2024-11-25 18:00:00,0.0,0.0,3.8,-0.2,4.1,3.8
2024-11-25 19:00:00,0.0,0.0,0.0,0.0,0.0,0.0
2024-11-25 20:00:00,0.0,0.0,0.0,0.0,0.0,0.0
2024-11-25 21:00:00,0.0,0.0,0.0,0.0,0.0,0.0
2024-11-25 22:00:00,0.0,0.0,0.0,0.0,0.0,0.0
2024-11-25 23:00:00,0.0,0.0,0.0,0.0,0.0,0.0
2024-11-26 00:00:00,0.0,0.0,0.0,0.0,0.0,0.0
2024-11-26 01:00:00,0.0,0.0,0.0,0.0,0.0,0.0
2024-11-26 02:00:00,0.0,0.0,0.0,0.0,0.0,0.0
2024-11-26 03:00:00,0.0,0.0,0.0,0.0,0.0,0.0
2024-11-26 04:00:00,0.0,0.0,0.0,0.0,0.0,0.0
2024-11-26 05:00:00,0.0,35.24,0.0,0.0,0.0,0.0
2024-11-26 06:00:00,6133.0,42.84,0.3,-12.4,12.7,0.3
2024-11-26 07:00:00,14801.0,42.56,79.2,22.7,56.5,79.2
2024-11-26 08:00:00,26005.0,49.11,191.5,62.1,129.4,191.5
2024-11-26 09:00:00,34670.0,54.95,321.5,122.1,199.4,321.5
2024-11-26 10:00:00,40680.0,53.61,479.7,221.2,258.5,479.7
2024-11-26 11:00:00,53400.0,58.09,505.0,188.5,316.5,505.0
2024-11-26 12:00:00,39780.0,59.08,642.7,324.9,317.7,642.7
2024-11-26 13:00:00,33730.0,56.13,651.3,355.6,295.7,651.3
2024-11-26 14:00:00,24629.0,53.02,573.3,315.8,257.5,573.3
2024-11-26 15:00:00,11465.0,52.23,474.8,276.0,198.8,474.8
2024-11-26 16:00:00,1669.0,49.38,179.3,41.1,138.2,179.3
2024-11-26 17:00:00,0.0,0.0,70.0,8.6,61.4,70.0
2024-11-26 18:00:00,0.0,0.0,0.2,0.0,0.2,0.2
2024-11-26 19:00:00,0.0,0.0,0.0,0.0,0.0,0.0
2024-11-26 20:00:00,0.0,0.0,0.0,0.0,0.0,0.0
2024-11-26 21:00:00,0.0,0.0,0.0,0.0,0.0,0.0
2024-11-26 22:00:00,0.0,0.0,0.0,0.0,0.0,0.0
2024-11-26 23:00:00,0.0,0.0,0.0,0.0,0.0,0.0
2024-11-27 00:00:00,0.0,0.0,0.0,0.0,0.0,0.0
2024-11-27 01:00:00,0.0,0.0,0.0,0.0,0.0,0.0
2024-11-27 02:00:00,0.0,0.0,0.0,0.0,0.0,0.0
2024-11-27 03:00:00,0.0,0.0,0.0,0.0,0.0,0.0
2024-11-27 04:00:00,0.0,0.0,0.0,0.0,0.0,0.0
2024-11-27 05:00:00,0.0,31.34,0.0,0.0,0.0,0.0
2024-11-27 06:00:00,3144.0,42.85,0.3,0.1,0.2,0.3
2024-11-27 07:00:00,23625.0,41.8,105.7,43.9,61.8,105.7
2024-11-27 08:00:00,29056.0,50.82,246.2,114.6,131.6,246.2
2024-11-27 09:00:00,54250.0,54.69,409.0,221.6,187.4,409.0
2024-11-27 10:00:00,54470.0,59.96,663.5,473.4,190.1,663.5
2024-11-27 11:00:00,25763.0,55.120000000000005,787.5,574.9,212.6,787.5
2024-11-27 12:00:00,27806.0,54.89,723.0,439.8,283.2,723.0
2024-11-27 13:00:00,41080.0,58.91,620.5,314.8,305.7,620.5
2024-11-27 14:00:00,8990.0,54.66,735.2,548.3,186.9,735.2
2024-11-27 15:00:00,13268.0,50.23,526.2,345.4,180.7,526.2
2024-11-27 16:00:00,1474.0,49.7,375.3,237.5,137.8,375.3
2024-11-27 17:00:00,0.0,0.0,117.8,36.4,81.4,117.8
2024-11-27 18:00:00,0.0,0.0,3.2,-0.2,3.4,3.2
2024-11-27 19:00:00,0.0,0.0,0.0,0.0,0.0,0.0
2024-11-27 20:00:00,0.0,0.0,0.0,0.0,0.0,0.0
2024-11-27 21:00:00,0.0,0.0,0.0,0.0,0.0,0.0
2024-11-27 22:00:00,0.0,0.0,0.0,0.0,0.0,0.0
2024-11-27 23:00:00,0.0,0.0,0.0,0.0,0.0,0.0
2024-11-28 00:00:00,0.0,0.0,0.0,0.0,0.0,0.0
2024-11-28 01:00:00,0.0,0.0,0.0,0.0,0.0,0.0
2024-11-28 02:00:00,0.0,0.0,0.0,0.0,0.0,0.0
2024-11-28 03:00:00,0.0,0.0,0.0,0.0,0.0,0.0
2024-11-28 04:00:00,0.0,0.0,0.0,0.0,0.0,0.0
2024-11-28 05:00:00,0.0,35.46,0.0,0.0,0.0,0.0
2024-11-28 06:00:00,8043.0,44.0,0.3,0.0,0.3,0.3
2024-11-28 07:00:00,12077.0,42.84,73.3,19.4,54.0,73.3
2024-11-28 08:00:00,24778.0,48.94,221.3,90.0,131.3,221.3
2024-11-28 09:00:00,31543.0,53.72,372.7,178.9,193.8,372.7
2024-11-28 10:00:00,58310.0,57.9,541.0,302.2,238.8,541.0
2024-11-28 11:00:00,64720.0,64.08,801.7,597.5,204.2,801.7
2024-11-28 12:00:00,35320.0,57.03,846.7,627.3,219.4,846.7
2024-11-28 13:00:00,49520.0,57.07,490.8,164.1,326.7,490.8
2024-11-28 14:00:00,17910.0,51.13,395.8,116.3,279.5,395.8
2024-11-28 15:00:00,11831.0,51.82,248.8,50.8,198.1,248.8
2024-11-28 16:00:00,330.0,49.38,218.5,69.1,149.4,218.5
2024-11-28 17:00:00,0.0,0.0,31.8,0.5,31.3,31.8
2024-11-28 18:00:00,0.0,0.0,2.2,-0.1,2.3,2.2
2024-11-28 19:00:00,0.0,0.0,0.0,0.0,0.0,0.0
2024-11-28 20:00:00,0.0,0.0,0.0,0.0,0.0,0.0
2024-11-28 21:00:00,0.0,0.0,0.0,0.0,0.0,0.0
2024-11-28 22:00:00,0.0,0.0,0.0,0.0,0.0,0.0
2024-11-28 23:00:00,0.0,0.0,0.0,0.0,0.0,0.0
2024-11-29 00:00:00,0.0,0.0,0.0,0.0,0.0,0.0
2024-11-29 01:00:00,0.0,0.0,0.0,0.0,0.0,0.0
2024-11-29 02:00:00,0.0,0.0,0.0,0.0,0.0,0.0
2024-11-29 03:00:00,0.0,0.0,0.0,0.0,0.0,0.0
2024-11-29 04:00:00,0.0,0.0,0.0,0.0,0.0,0.0
2024-11-29 05:00:00,0.0,33.79,0.0,0.0,0.0,0.0
2024-11-29 06:00:00,1899.0,41.28,0.2,0.0,0.2,0.2
2024-11-29 07:00:00,10389.0,44.75,41.5,3.5,38.0,41.5
2024-11-29 08:00:00,16016.0,45.31,162.7,41.8,120.9,162.7
2024-11-29 09:00:00,28613.0,52.5,267.2,76.6,190.6,267.2
2024-11-29 10:00:00,34780.0,56.02,497.2,246.6,250.6,497.2
2024-11-29 11:00:00,28127.0,53.5,733.5,497.9,235.6,733.5
2024-11-29 12:00:00,36980.0,55.08,637.2,321.9,315.3,637.2
2024-11-29 13:00:00,25697.0,52.5,628.5,327.7,300.8,628.5
2024-11-29 14:00:00,16747.0,52.370000000000005,452.7,171.0,281.7,452.7
2024-11-29 15:00:00,7526.0,51.4,278.8,70.2,208.6,278.8
2024-11-29 16:00:00,799.0,49.41,133.0,18.3,114.7,133.0
2024-11-29 17:00:00,0.0,0.0,41.5,1.5,40.0,41.5
2024-11-29 18:00:00,0.0,0.0,2.8,-0.2,3.0,2.8
2024-11-29 19:00:00,0.0,0.0,0.0,0.0,0.0,0.0
2024-11-29 20:00:00,0.0,0.0,0.0,0.0,0.0,0.0
2024-11-29 21:00:00,0.0,0.0,0.0,0.0,0.0,0.0
2024-11-29 22:00:00,0.0,0.0,0.0,0.0,0.0,0.0
2024-11-29 23:00:00,0.0,0.0,0.0,0.0,0.0,0.0
2024-11-30 00:00:00,0.0,0.0,0.0,0.0,0.0,0.0
2024-11-30 01:00:00,0.0,0.0,0.0,0.0,0.0,0.0
2024-11-30 02:00:00,0.0,0.0,0.0,0.0,0.0,0.0
2024-11-30 03:00:00,0.0,0.0,0.0,0.0,0.0,0.0
2024-11-30 04:00:00,0.0,0.0,0.0,0.0,0.0,0.0
2024-11-30 05:00:00,0.0,32.84,0.0,0.0,0.0,0.0
2024-11-30 06:00:00,7115.0,41.47,0.2,0.0,0.2,0.2
2024-11-30 07:00:00,7764.0,41.96,57.3,10.2,47.1,57.3
2024-11-30 08:00:00,7764.0,41.96,229.5,99.5,130.0,229.5
2024-11-30 09:00:00,7764.0,41.96,448.8,276.0,172.8,448.8
2024-11-30 10:00:00,7764.0,41.96,566.8,340.5,226.3,566.8
2024-11-30 11:00:00,7764.0,41.96,525.0,215.5,309.5,525.0
2024-11-30 12:00:00,7764.0,41.96,527.3,190.8,336.5,527.3
2024-11-30 13:00:00,25571.0,54.07,356.0,59.8,296.2,356.0
2024-11-30 14:00:00,22010.0,53.75,389.7,111.7,278.0,389.7
2024-11-30 15:00:00,9413.0,51.5,321.8,104.3,217.5,321.8
2024-11-30 16:00:00,1930.0,49.7,240.7,88.2,152.5,240.7
2024-11-30 17:00:00,0.0,0.0,104.7,26.6,78.1,104.7
2024-11-30 18:00:00,0.0,0.0,4.0,-0.2,4.2,4.0
2024-11-30 19:00:00,0.0,0.0,0.0,0.0,0.0,0.0
2024-11-30 20:00:00,0.0,0.0,0.0,0.0,0.0,0.0
2024-11-30 21:00:00,0.0,0.0,0.0,0.0,0.0,0.0
2024-11-30 22:00:00,0.0,0.0,0.0,0.0,0.0,0.0
2024-11-30 23:00:00,0.0,0.0,0.0,0.0,0.0,0.0
2024-12-01 00:00:00,0.0,0.0,0.0,0.0,0.0,0.0
2024-12-01 01:00:00,0.0,0.0,0.0,0.0,0.0,0.0
2024-12-01 02:00:00,0.0,0.0,0.0,0.0,0.0,0.0
2024-12-01 03:00:00,0.0,0.0,0.0,0.0,0.0,0.0
2024-12-01 04:00:00,0.0,0.0,0.0,0.0,0.0,0.0
2024-12-01 05:00:00,0.0,33.55,0.0,0.0,0.0,0.0
2024-12-01 06:00:00,6010.0,42.66,0.0,0.0,0.0,0.0
2024-12-01 07:00:00,7837.0,41.34,57.2,10.4,46.8,57.2
2024-12-01 08:00:00,23083.0,48.78,233.2,103.9,129.3,233.2
2024-12-01 09:00:00,14699.0,50.620000000000005,275.2,84.1,191.1,275.2
2024-12-01 10:00:00,49430.0,55.72,488.2,238.0,250.2,488.2
2024-12-01 11:00:00,40470.0,54.27,722.3,484.6,237.7,722.3
2024-12-01 12:00:00,44180.0,57.72,803.0,566.1,236.9,803.0
2024-12-01 13:00:00,45400.0,56.82,818.3,607.4,211.0,818.3
2024-12-01 14:00:00,18845.0,52.76,718.3,526.5,191.8,718.3
2024-12-01 15:00:00,9697.0,50.69,502.0,313.4,188.6,502.0
2024-12-01 16:00:00,2549.0,51.05,282.2,129.6,152.6,282.2
2024-12-01 17:00:00,0.0,0.0,62.2,5.9,56.3,62.2
2024-12-01 18:00:00,0.0,0.0,3.5,-0.2,3.7,3.5
2024-12-01 19:00:00,0.0,0.0,0.0,0.0,0.0,0.0
2024-12-01 20:00:00,0.0,0.0,0.0,0.0,0.0,0.0
2024-12-01 21:00:00,0.0,0.0,0.0,0.0,0.0,0.0
2024-12-01 22:00:00,0.0,0.0,0.0,0.0,0.0,0.0
2024-12-01 23:00:00,0.0,0.0,0.0,0.0,0.0,0.0
2024-12-02 00:00:00,0.0,0.0,0.0,0.0,0.0,0.0
2024-12-02 01:00:00,0.0,0.0,0.0,0.0,0.0,0.0
2024-12-02 02:00:00,0.0,0.0,0.0,0.0,0.0,0.0
2024-12-02 03:00:00,0.0,0.0,0.0,0.0,0.0,0.0
2024-12-02 04:00:00,0.0,0.0,0.0,0.0,0.0,0.0
2024-12-02 05:00:00,0.0,34.56,0.0,0.0,0.0,0.0
2024-12-02 06:00:00,4263.0,43.06,0.0,0.0,0.0,0.0
2024-12-02 07:00:00,11176.0,43.66,65.0,15.4,49.6,65.0
2024-12-02 08:00:00,22695.0,47.93,183.0,58.2,124.8,183.0
2024-12-02 09:00:00,20172.0,52.23,321.3,126.9,194.4,321.3
2024-12-02 10:00:00,23975.0,52.91,339.3,88.5,250.9,339.3
2024-12-02 11:00:00,31406.0,55.07,345.8,61.3,284.5,345.8
2024-12-02 12:00:00,33570.0,53.69,408.3,87.4,321.0,408.3
2024-12-02 13:00:00,38600.0,55.59,617.5,315.7,301.8,617.5
2024-12-02 14:00:00,13854.0,51.31,419.2,138.6,280.6,419.2
2024-12-02 15:00:00,8210.0,51.2,241.7,46.8,194.8,241.7
2024-12-02 16:00:00,2015.0,50.120000000000005,163.7,32.1,131.6,163.7
2024-12-02 17:00:00,0.0,0.0,49.8,2.9,47.0,49.8
2024-12-02 18:00:00,0.0,0.0,4.0,-0.2,4.2,4.0
2024-12-02 19:00:00,0.0,0.0,0.0,0.0,0.0,0.0
2024-12-02 20:00:00,0.0,0.0,0.0,0.0,0.0,0.0
2024-12-02 21:00:00,0.0,0.0,0.0,0.0,0.0,0.0
2024-12-02 22:00:00,0.0,0.0,0.0,0.0,0.0,0.0
2024-12-02 23:00:00,0.0,0.0,0.0,0.0,0.0,0.0
2024-12-03 00:00:00,0.0,0.0,0.0,0.0,0.0,0.0
2024-12-03 01:00:00,0.0,0.0,0.0,0.0,0.0,0.0
2024-12-03 02:00:00,0.0,0.0,0.0,0.0,0.0,0.0
2024-12-03 03:00:00,0.0,0.0,0.0,0.0,0.0,0.0
2024-12-03 04:00:00,0.0,0.0,0.0,0.0,0.0,0.0
2024-12-03 05:00:00,0.0,34.03,0.0,0.0,0.0,0.0
2024-12-03 06:00:00,3875.0,43.28,0.0,0.0,0.0,0.0
2024-12-03 07:00:00,4413.0,43.9,48.8,6.8,42.0,48.8
2024-12-03 08:00:00,17139.0,44.9,132.0,24.9,107.1,132.0
2024-12-03 09:00:00,7747.0,46.8,233.7,54.9,178.8,233.7
2024-12-03 10:00:00,6584.0,47.870000000000005,267.3,43.5,223.8,267.3
2024-12-03 11:00:00,9744.0,49.58,240.5,16.8,223.7,240.5
2024-12-03 12:00:00,18812.0,49.61,223.3,8.4,214.9,223.3
2024-12-03 13:00:00,8637.0,50.93,243.0,14.6,228.4,243.0
2024-12-03 14:00:00,9688.0,49.9,228.5,20.2,208.3,228.5
2024-12-03 15:00:00,5530.0,49.38,149.3,11.2,138.1,149.3
2024-12-03 16:00:00,809.0,48.04,104.0,9.3,94.7,104.0
2024-12-03 17:00:00,0.0,0.0,85.5,15.0,70.5,85.5
2024-12-03 18:00:00,0.0,0.0,5.3,-0.3,5.6,5.3
2024-12-03 19:00:00,0.0,0.0,0.0,0.0,0.0,0.0
2024-12-03 20:00:00,0.0,0.0,0.0,0.0,0.0,0.0
2024-12-03 21:00:00,0.0,0.0,0.0,0.0,0.0,0.0
2024-12-03 22:00:00,0.0,0.0,0.0,0.0,0.0,0.0
2024-12-03 23:00:00,0.0,0.0,0.0,0.0,0.0,0.0
2024-12-04 00:00:00,0.0,0.0,0.0,0.0,0.0,0.0
2024-12-04 01:00:00,0.0,0.0,0.0,0.0,0.0,0.0
2024-12-04 02:00:00,0.0,0.0,0.0,0.0,0.0,0.0
2024-12-04 03:00:00,0.0,0.0,0.0,0.0,0.0,0.0
2024-12-04 04:00:00,0.0,0.0,0.0,0.0,0.0,0.0
2024-12-04 05:00:00,0.0,34.36,0.0,0.0,0.0,0.0
2024-12-04 06:00:00,6787.0,43.01,0.0,0.0,0.0,0.0
2024-12-04 07:00:00,19231.0,43.35,84.5,30.6,53.9,84.5
2024-12-04 08:00:00,18763.0,50.120000000000005,294.7,172.2,122.5,294.7
2024-12-04 09:00:00,32970.0,53.870000000000005,426.2,251.3,174.9,426.2
2024-12-04 10:00:00,26506.0,46.56,441.0,186.0,255.0,441.0
2024-12-04 11:00:00,25401.0,54.42,353.3,66.8,286.5,353.3
2024-12-04 12:00:00,29009.0,53.32,436.7,109.7,327.0,436.7
2024-12-04 13:00:00,15391.0,51.17,373.3,71.5,301.9,373.3
2024-12-04 14:00:00,15272.0,51.55,235.5,22.5,213.0,235.5
2024-12-04 15:00:00,6048.0,49.08,178.7,19.3,159.4,178.7
2024-12-04 16:00:00,378.0,46.83,103.7,9.2,94.4,103.7
2024-12-04 17:00:00,0.0,0.0,62.3,5.9,56.5,62.3
2024-12-04 18:00:00,0.0,0.0,4.8,-0.3,5.1,4.8
2024-12-04 19:00:00,0.0,0.0,0.0,0.0,0.0,0.0
2024-12-04 20:00:00,0.0,0.0,0.0,0.0,0.0,0.0
2024-12-04 21:00:00,0.0,0.0,0.0,0.0,0.0,0.0
2024-12-04 22:00:00,0.0,0.0,0.0,0.0,0.0,0.0
2024-12-04 23:00:00,0.0,0.0,0.0,0.0,0.0,0.0
2024-12-05 00:00:00,0.0,0.0,0.0,0.0,0.0,0.0
2024-12-05 01:00:00,0.0,0.0,0.0,0.0,0.0,0.0
2024-12-05 02:00:00,0.0,0.0,0.0,0.0,0.0,0.0
2024-12-05 03:00:00,0.0,0.0,0.0,0.0,0.0,0.0
2024-12-05 04:00:00,0.0,0.0,0.0,0.0,0.0,0.0
2024-12-05 05:00:00,0.0,33.33,0.0,0.0,0.0,0.0
2024-12-05 06:00:00,3679.0,42.18,0.0,0.0,0.0,0.0
2024-12-05 07:00:00,12421.0,43.35,57.3,11.8,45.6,57.3
2024-12-05 08:00:00,16648.0,45.6,195.7,70.5,125.2,195.7
2024-12-05 09:00:00,24386.0,49.870000000000005,259.0,73.7,185.3,259.0
2024-12-05 10:00:00,32432.0,55.3,342.7,93.1,249.6,342.7
2024-12-05 11:00:00,29400.0,53.16,448.7,141.3,307.3,448.7
2024-12-05 12:00:00,27449.0,54.29,502.8,169.9,332.9,502.8
2024-12-05 13:00:00,23322.0,54.58,433.3,115.6,317.8,433.3
2024-12-05 14:00:00,20748.0,50.68,298.3,49.7,248.6,298.3
2024-12-05 15:00:00,7689.0,51.4,210.2,31.2,179.0,210.2
2024-12-05 16:00:00,1296.0,49.57,161.0,30.5,130.5,161.0
2024-12-05 17:00:00,0.0,0.0,86.3,15.3,71.1,86.3
2024-12-05 18:00:00,0.0,0.0,4.5,-0.3,4.8,4.5
2024-12-05 19:00:00,0.0,0.0,0.0,0.0,0.0,0.0
2024-12-05 20:00:00,0.0,0.0,0.0,0.0,0.0,0.0
2024-12-05 21:00:00,0.0,0.0,0.0,0.0,0.0,0.0
2024-12-05 22:00:00,0.0,0.0,0.0,0.0,0.0,0.0
2024-12-05 23:00:00,0.0,0.0,0.0,0.0,0.0,0.0
2024-12-06 00:00:00,0.0,0.0,0.0,0.0,0.0,0.0
2024-12-06 01:00:00,0.0,0.0,0.0,0.0,0.0,0.0
2024-12-06 02:00:00,0.0,0.0,0.0,0.0,0.0,0.0
2024-12-06 03:00:00,0.0,0.0,0.0,0.0,0.0,0.0
2024-12-06 04:00:00,0.0,0.0,0.0,0.0,0.0,0.0
2024-12-06 05:00:00,0.0,33.63,0.0,0.0,0.0,0.0
2024-12-06 06:00:00,5653.0,42.97,0.0,0.0,0.0,0.0
2024-12-06 07:00:00,14407.0,41.93,61.5,14.7,46.8,61.5
2024-12-06 08:00:00,26710.0,48.68,182.8,60.1,122.8,182.8
2024-12-06 09:00:00,41590.0,54.23,345.3,155.8,189.5,345.3
2024-12-06 10:00:00,48860.0,57.56,488.7,245.0,243.7,488.7
2024-12-06 11:00:00,44680.0,61.98,574.8,283.7,291.1,574.8
2024-12-06 12:00:00,27681.0,57.24,627.0,316.7,310.3,627.0
2024-12-06 13:00:00,25787.0,58.59,591.0,283.9,307.1,591.0
2024-12-06 14:00:00,19414.0,54.23,526.3,258.6,267.7,526.3
2024-12-06 15:00:00,12381.0,51.39,429.5,219.0,210.5,429.5
2024-12-06 16:00:00,1153.0,49.54,349.8,206.5,143.4,349.8
2024-12-06 17:00:00,0.0,0.0,153.5,65.5,88.0,153.5
2024-12-06 18:00:00,0.0,0.0,1.3,-0.1,1.4,1.3
2024-12-06 19:00:00,0.0,0.0,0.0,0.0,0.0,0.0
2024-12-06 20:00:00,0.0,0.0,0.0,0.0,0.0,0.0
2024-12-06 21:00:00,0.0,0.0,0.0,0.0,0.0,0.0
2024-12-06 22:00:00,0.0,0.0,0.0,0.0,0.0,0.0
2024-12-06 23:00:00,0.0,0.0,0.0,0.0,0.0,0.0
2024-12-07 00:00:00,0.0,0.0,0.0,0.0,0.0,0.0
2024-12-07 01:00:00,0.0,0.0,0.0,0.0,0.0,0.0
2024-12-07 02:00:00,0.0,0.0,0.0,0.0,0.0,0.0
2024-12-07 03:00:00,0.0,0.0,0.0,0.0,0.0,0.0
2024-12-07 04:00:00,0.0,0.0,0.0,0.0,0.0,0.0
2024-12-07 05:00:00,0.0,34.15,0.0,0.0,0.0,0.0
2024-12-07 06:00:00,4528.0,43.35,0.0,0.0,0.0,0.0
2024-12-07 07:00:00,4991.0,43.57,36.3,2.9,33.5,36.3
2024-12-07 08:00:00,4991.0,43.57,166.3,47.6,118.7,166.3
2024-12-07 09:00:00,4991.0,43.57,299.0,109.1,189.9,299.0
2024-12-07 10:00:00,4991.0,43.57,366.5,114.3,252.2,366.5
2024-12-07 11:00:00,4991.0,43.57,341.7,61.3,280.4,341.7
2024-12-07 12:00:00,4991.0,43.57,316.5,37.4,279.1,316.5
2024-12-07 13:00:00,4991.0,43.57,298.2,33.1,265.0,298.2
2024-12-07 14:00:00,4991.0,43.57,486.7,210.7,275.9,486.7
2024-12-07 15:00:00,4991.0,43.57,529.2,350.0,179.2,529.2
2024-12-07 16:00:00,4991.0,43.57,396.2,260.2,136.0,396.2
2024-12-07 17:00:00,4991.0,43.57,146.5,58.8,87.7,146.5
2024-12-07 18:00:00,4991.0,43.57,9.5,-0.2,9.7,9.5
2024-12-07 19:00:00,4991.0,43.57,0.0,0.0,0.0,0.0
2024-12-07 20:00:00,0.0,0.0,0.0,0.0,0.0,0.0
2024-12-07 21:00:00,0.0,0.0,0.0,0.0,0.0,0.0
2024-12-07 22:00:00,0.0,0.0,0.0,0.0,0.0,0.0
2024-12-07 23:00:00,0.0,0.0,0.0,0.0,0.0,0.0
2024-12-08 00:00:00,0.0,0.0,0.0,0.0,0.0,0.0
2024-12-08 01:00:00,0.0,0.0,0.0,0.0,0.0,0.0
2024-12-08 02:00:00,0.0,0.0,0.0,0.0,0.0,0.0
2024-12-08 03:00:00,0.0,0.0,0.0,0.0,0.0,0.0
2024-12-08 04:00:00,0.0,0.0,0.0,0.0,0.0,0.0
2024-12-08 05:00:00,0.0,33.68,0.0,0.0,0.0,0.0
2024-12-08 06:00:00,4296.0,42.69,0.0,0.0,0.0,0.0
2024-12-08 07:00:00,15652.0,42.18,85.0,33.0,52.0,85.0
2024-12-08 08:00:00,17071.0,47.53,208.3,84.1,124.3,208.3
2024-12-08 09:00:00,36670.0,54.05,379.7,197.5,182.1,379.7
2024-12-08 10:00:00,52070.0,57.81,641.8,458.0,183.9,641.8
2024-12-08 11:00:00,44490.0,58.1,763.2,555.6,207.5,763.2
2024-12-08 12:00:00,38140.0,56.15,722.3,453.8,268.6,722.3
2024-12-08 13:00:00,27701.0,54.23,625.5,330.6,294.9,625.5
2024-12-08 14:00:00,18976.0,54.65,605.7,365.7,240.0,605.7
2024-12-08 15:00:00,10858.0,52.26,499.7,309.8,189.9,499.7
2024-12-08 16:00:00,1952.0,49.9,194.8,50.4,144.4,194.8
2024-12-08 17:00:00,0.0,0.0,22.2,0.1,22.1,22.2
2024-12-08 18:00:00,0.0,0.0,5.3,-0.3,5.6,5.3
2024-12-08 19:00:00,0.0,0.0,0.0,0.0,0.0,0.0
2024-12-08 20:00:00,0.0,0.0,0.0,0.0,0.0,0.0
2024-12-08 21:00:00,0.0,0.0,0.0,0.0,0.0,0.0
2024-12-08 22:00:00,0.0,0.0,0.0,0.0,0.0,0.0
2024-12-08 23:00:00,0.0,0.0,0.0,0.0,0.0,0.0
2024-12-09 00:00:00,0.0,0.0,0.0,0.0,0.0,0.0
2024-12-09 01:00:00,0.0,0.0,0.0,0.0,0.0,0.0
2024-12-09 02:00:00,0.0,0.0,0.0,0.0,0.0,0.0
2024-12-09 03:00:00,0.0,0.0,0.0,0.0,0.0,0.0
2024-12-09 04:00:00,0.0,0.0,0.0,0.0,0.0,0.0
2024-12-09 05:00:00,0.0,33.61,0.0,0.0,0.0,0.0
2024-12-09 06:00:00,3385.0,43.13,0.0,0.0,0.0,0.0
2024-12-09 07:00:00,11827.0,41.41,80.3,30.0,50.4,80.3
2024-12-09 08:00:00,32629.0,51.6,258.3,136.5,121.8,258.3
2024-12-09 09:00:00,45190.0,54.81,378.3,196.9,181.4,378.3
2024-12-09 10:00:00,45780.0,57.6,588.8,384.3,204.6,588.8
2024-12-09 11:00:00,33470.0,56.86,729.7,507.4,222.3,729.7
2024-12-09 12:00:00,33470.0,55.15,669.3,377.9,291.5,669.3
2024-12-09 13:00:00,34380.0,56.06,741.7,498.8,242.9,741.7
2024-12-09 14:00:00,15578.0,51.47,673.2,463.1,210.1,673.2
2024-12-09 15:00:00,5615.0,50.31,272.5,65.6,206.9,272.5
2024-12-09 16:00:00,1391.0,49.61,155.7,27.5,128.1,155.7
2024-12-09 17:00:00,0.0,0.0,60.8,5.2,55.6,60.8
2024-12-09 18:00:00,0.0,0.0,5.8,-0.3,6.1,5.8
2024-12-09 19:00:00,0.0,0.0,0.0,0.0,0.0,0.0
2024-12-09 20:00:00,0.0,0.0,0.0,0.0,0.0,0.0
2024-12-09 21:00:00,0.0,0.0,0.0,0.0,0.0,0.0
2024-12-09 22:00:00,0.0,0.0,0.0,0.0,0.0,0.0
2024-12-09 23:00:00,0.0,0.0,0.0,0.0,0.0,0.0
2024-12-10 00:00:00,0.0,0.0,0.0,0.0,0.0,0.0
2024-12-10 01:00:00,0.0,0.0,0.0,0.0,0.0,0.0
2024-12-10 02:00:00,0.0,0.0,0.0,0.0,0.0,0.0
2024-12-10 03:00:00,0.0,0.0,0.0,0.0,0.0,0.0
2024-12-10 04:00:00,0.0,0.0,0.0,0.0,0.0,0.0
2024-12-10 05:00:00,0.0,33.46,0.0,0.0,0.0,0.0
2024-12-10 06:00:00,5636.0,42.4,0.0,0.0,0.0,0.0
2024-12-10 07:00:00,15025.0,41.57,58.2,14.2,43.9,58.2
2024-12-10 08:00:00,32647.0,51.7,211.8,88.7,123.1,211.8
2024-12-10 09:00:00,41590.0,51.93,411.7,239.3,172.4,411.7
2024-12-10 10:00:00,53410.0,58.84,482.2,241.5,240.7,482.2
2024-12-10 11:00:00,42530.0,59.0,695.0,457.3,237.7,695.0
2024-12-10 12:00:00,32900.0,59.48,705.8,431.4,274.4,705.8
2024-12-10 13:00:00,18129.0,49.98,692.3,426.1,266.2,692.3
2024-12-10 14:00:00,11981.0,50.08,285.0,43.1,241.9,285.0
2024-12-10 15:00:00,10520.0,50.55,277.2,68.7,208.5,277.2
2024-12-10 16:00:00,1059.0,48.64,170.2,34.9,135.3,170.2
2024-12-10 17:00:00,0.0,0.0,117.2,33.6,83.5,117.2
2024-12-10 18:00:00,0.0,0.0,8.3,-0.3,8.6,8.3
2024-12-10 19:00:00,0.0,0.0,0.0,0.0,0.0,0.0
2024-12-10 20:00:00,0.0,0.0,0.0,0.0,0.0,0.0
2024-12-10 21:00:00,0.0,0.0,0.0,0.0,0.0,0.0
2024-12-10 22:00:00,0.0,0.0,0.0,0.0,0.0,0.0
2024-12-10 23:00:00,0.0,0.0,0.0,0.0,0.0,0.0
2024-12-11 00:00:00,0.0,0.0,0.0,0.0,0.0,0.0
2024-12-11 01:00:00,0.0,0.0,0.0,0.0,0.0,0.0
2024-12-11 02:00:00,0.0,0.0,0.0,0.0,0.0,0.0
2024-12-11 03:00:00,0.0,0.0,0.0,0.0,0.0,0.0
2024-12-11 04:00:00,0.0,0.0,0.0,0.0,0.0,0.0
2024-12-11 05:00:00,0.0,33.45,0.0,0.0,0.0,0.0
2024-12-11 06:00:00,4220.0,42.75,0.0,0.0,0.0,0.0
2024-12-11 07:00:00,13784.0,41.08,55.7,12.9,42.8,55.7
2024-12-11 08:00:00,20520.0,47.870000000000005,163.3,47.1,116.2,163.3
2024-12-11 09:00:00,30981.0,53.21,317.8,130.7,187.2,317.8
2024-12-11 10:00:00,32870.0,53.92,356.8,108.7,248.1,356.8
2024-12-11 11:00:00,33760.0,52.72,527.2,230.0,297.1,527.2
2024-12-11 12:00:00,25965.0,53.56,521.2,193.0,328.2,521.2
2024-12-11 13:00:00,4819.0,50.96,408.8,97.8,311.0,408.8
2024-12-11 14:00:00,1653.0,49.77,265.8,34.2,231.6,265.8
2024-12-11 15:00:00,7768.0,48.0,108.5,4.2,104.3,108.5
2024-12-11 16:00:00,2070.0,46.94,89.8,6.2,83.7,89.8
2024-12-11 17:00:00,0.0,0.0,59.0,4.7,54.3,59.0
2024-12-11 18:00:00,0.0,0.0,6.7,-0.3,7.0,6.7
2024-12-11 19:00:00,0.0,0.0,0.0,0.0,0.0,0.0
2024-12-11 20:00:00,0.0,0.0,0.0,0.0,0.0,0.0
2024-12-11 21:00:00,0.0,0.0,0.0,0.0,0.0,0.0
2024-12-11 22:00:00,0.0,0.0,0.0,0.0,0.0,0.0
2024-12-11 23:00:00,0.0,0.0,0.0,0.0,0.0,0.0
2024-12-12 00:00:00,0.0,0.0,0.0,0.0,0.0,0.0
2024-12-12 01:00:00,0.0,0.0,0.0,0.0,0.0,0.0
2024-12-12 02:00:00,0.0,0.0,0.0,0.0,0.0,0.0
2024-12-12 03:00:00,0.0,0.0,0.0,0.0,0.0,0.0
2024-12-12 04:00:00,0.0,0.0,0.0,0.0,0.0,0.0
2024-12-12 05:00:00,0.0,0.0,0.0,0.0,0.0,0.0
2024-12-12 06:00:00,2948.0,42.34,0.0,0.0,0.0,0.0
2024-12-12 07:00:00,10460.0,44.03,41.7,5.5,36.2,41.7
2024-12-12 08:00:00,21838.0,47.35,136.0,29.4,106.6,136.0
2024-12-12 09:00:00,27250.0,53.54,292.8,106.8,186.1,292.8
2024-12-12 10:00:00,28031.0,54.08,429.3,181.0,248.3,429.3
2024-12-12 11:00:00,27280.0,52.38,560.2,271.5,288.6,560.2
2024-12-12 12:00:00,14752.0,51.09,453.2,127.5,325.7,453.2
2024-12-12 13:00:00,14503.0,52.5,285.5,28.7,256.8,285.5
2024-12-12 14:00:00,4507.0,50.77,324.5,65.0,259.5,324.5
2024-12-12 15:00:00,6092.0,49.28,276.5,68.0,208.5,276.5
2024-12-12 16:00:00,1282.0,48.68,127.2,15.7,111.5,127.2
2024-12-12 17:00:00,0.0,0.0,79.2,11.3,67.9,79.2
2024-12-12 18:00:00,0.0,0.0,8.8,-0.3,9.1,8.8
2024-12-12 19:00:00,0.0,0.0,0.0,0.0,0.0,0.0
2024-12-12 20:00:00,0.0,0.0,0.0,0.0,0.0,0.0
2024-12-12 21:00:00,0.0,0.0,0.0,0.0,0.0,0.0
2024-12-12 22:00:00,0.0,0.0,0.0,0.0,0.0,0.0
2024-12-12 23:00:00,0.0,0.0,0.0,0.0,0.0,0.0
2024-12-13 00:00:00,0.0,0.0,0.0,0.0,0.0,0.0
2024-12-13 01:00:00,0.0,0.0,0.0,0.0,0.0,0.0
2024-12-13 02:00:00,0.0,0.0,0.0,0.0,0.0,0.0
2024-12-13 03:00:00,0.0,0.0,0.0,0.0,0.0,0.0
2024-12-13 04:00:00,0.0,0.0,0.0,0.0,0.0,0.0
2024-12-13 05:00:00,0.0,0.0,0.0,0.0,0.0,0.0
2024-12-13 06:00:00,2569.0,42.25,0.0,0.0,0.0,0.0
2024-12-13 07:00:00,2481.0,44.39,0.0,0.0,0.0,0.0
2024-12-13 08:00:00,12066.0,44.81,135.3,29.3,106.1,135.3
2024-12-13 09:00:00,13876.0,47.52,233.0,58.7,174.3,233.0
2024-12-13 10:00:00,15258.0,50.51,318.8,79.8,239.1,318.8
2024-12-13 11:00:00,11622.0,49.97,177.3,5.2,172.1,177.3
2024-12-13 12:00:00,20568.0,53.5,146.0,0.2,145.8,146.0
2024-12-13 13:00:00,6614.0,51.85,235.3,13.4,222.0,235.3
2024-12-13 14:00:00,6993.0,49.04,94.7,0.2,94.4,94.7
2024-12-13 15:00:00,3945.0,47.870000000000005,78.3,1.7,76.7,78.3
2024-12-13 16:00:00,318.0,46.8,68.5,3.1,65.4,68.5
2024-12-13 17:00:00,0.0,0.0,35.7,0.8,34.8,35.7
2024-12-13 18:00:00,0.0,0.0,4.8,-0.3,5.1,4.8
2024-12-13 19:00:00,0.0,0.0,0.0,0.0,0.0,0.0
2024-12-13 20:00:00,0.0,0.0,0.0,0.0,0.0,0.0
2024-12-13 21:00:00,0.0,0.0,0.0,0.0,0.0,0.0
2024-12-13 22:00:00,0.0,0.0,0.0,0.0,0.0,0.0
2024-12-13 23:00:00,0.0,0.0,0.0,0.0,0.0,0.0
2024-12-14 00:00:00,0.0,0.0,0.0,0.0,0.0,0.0
2024-12-14 01:00:00,0.0,0.0,0.0,0.0,0.0,0.0
2024-12-14 02:00:00,0.0,0.0,0.0,0.0,0.0,0.0
2024-12-14 03:00:00,0.0,0.0,0.0,0.0,0.0,0.0
2024-12-14 04:00:00,0.0,0.0,0.0,0.0,0.0,0.0
2024-12-14 05:00:00,0.0,0.0,0.0,0.0,0.0,0.0
2024-12-14 06:00:00,1407.0,40.98,0.0,0.0,0.0,0.0
2024-12-14 07:00:00,7167.0,44.87,37.0,3.8,33.2,37.0
2024-12-14 08:00:00,12827.0,43.47,125.2,23.9,101.2,125.2
2024-12-14 09:00:00,18201.0,47.49,176.3,27.4,148.9,176.3
2024-12-14 10:00:00,19292.0,51.51,324.3,84.3,240.0,324.3
2024-12-14 11:00:00,13257.0,52.38,306.0,44.5,261.5,306.0
2024-12-14 12:00:00,12487.0,51.36,233.5,11.6,221.9,233.5
2024-12-14 13:00:00,11700.0,51.51,164.0,2.0,162.0,164.0
2024-12-14 14:00:00,8329.0,50.2,145.0,3.4,141.6,145.0
2024-12-14 15:00:00,3974.0,48.21,118.3,5.4,112.9,118.3
2024-12-14 16:00:00,352.0,46.8,48.8,1.4,47.4,48.8
2024-12-14 17:00:00,0.0,0.0,30.5,0.4,30.1,30.5
2024-12-14 18:00:00,0.0,0.0,6.0,-0.3,6.3,6.0
2024-12-14 19:00:00,0.0,0.0,0.0,0.0,0.0,0.0
2024-12-14 20:00:00,0.0,0.0,0.0,0.0,0.0,0.0
2024-12-14 21:00:00,0.0,0.0,0.0,0.0,0.0,0.0
2024-12-14 22:00:00,0.0,0.0,0.0,0.0,0.0,0.0
2024-12-14 23:00:00,0.0,0.0,0.0,0.0,0.0,0.0
2024-12-15 00:00:00,0.0,0.0,0.0,0.0,0.0,0.0
2024-12-15 01:00:00,0.0,0.0,0.0,0.0,0.0,0.0
2024-12-15 02:00:00,0.0,0.0,0.0,0.0,0.0,0.0
2024-12-15 03:00:00,0.0,0.0,0.0,0.0,0.0,0.0
2024-12-15 04:00:00,0.0,0.0,0.0,0.0,0.0,0.0
2024-12-15 05:00:00,0.0,32.230000000000004,0.0,0.0,0.0,0.0
2024-12-15 06:00:00,0.0,33.31,0.0,0.0,0.0,0.0
2024-12-15 07:00:00,0.0,33.31,65.7,20.7,44.9,65.7
2024-12-15 08:00:00,0.0,33.31,157.0,44.0,113.0,157.0
2024-12-15 09:00:00,0.0,33.31,275.3,92.7,182.7,275.3
2024-12-15 10:00:00,0.0,33.31,270.5,49.7,220.8,270.5
2024-12-15 11:00:00,0.0,33.31,233.5,17.0,216.5,233.5
2024-12-15 12:00:00,0.0,33.31,96.7,-0.8,97.5,96.7
2024-12-15 13:00:00,0.0,33.31,69.0,-0.6,69.6,69.0
2024-12-15 14:00:00,0.0,33.31,146.2,3.5,142.6,146.2
2024-12-15 15:00:00,0.0,33.31,158.3,13.0,145.3,158.3
2024-12-15 16:00:00,1786.0,42.69,85.2,5.3,79.9,85.2
2024-12-15 17:00:00,0.0,0.0,52.2,3.0,49.1,52.2
2024-12-15 18:00:00,0.0,0.0,4.5,-0.3,4.8,4.5
2024-12-15 19:00:00,0.0,0.0,0.0,0.0,0.0,0.0
2024-12-15 20:00:00,0.0,0.0,0.0,0.0,0.0,0.0
2024-12-15 21:00:00,0.0,0.0,0.0,0.0,0.0,0.0
2024-12-15 22:00:00,0.0,0.0,0.0,0.0,0.0,0.0
2024-12-15 23:00:00,0.0,0.0,0.0,0.0,0.0,0.0
2024-12-16 00:00:00,0.0,0.0,0.0,0.0,0.0,0.0
2024-12-16 01:00:00,0.0,0.0,0.0,0.0,0.0,0.0
2024-12-16 02:00:00,0.0,0.0,0.0,0.0,0.0,0.0
2024-12-16 03:00:00,0.0,0.0,0.0,0.0,0.0,0.0
2024-12-16 04:00:00,0.0,0.0,0.0,0.0,0.0,0.0
2024-12-16 05:00:00,0.0,31.71,0.0,0.0,0.0,0.0
2024-12-16 06:00:00,5374.0,41.51,0.0,0.0,0.0,0.0
2024-12-16 07:00:00,17319.0,44.93,43.2,6.7,36.5,43.2
2024-12-16 08:00:00,26292.0,48.24,220.8,101.6,119.3,220.8
2024-12-16 09:00:00,36530.0,53.91,330.0,147.2,182.8,330.0
2024-12-16 10:00:00,33920.0,54.53,407.0,160.0,247.0,407.0
2024-12-16 11:00:00,26570.0,53.61,413.3,117.0,296.3,413.3
2024-12-16 12:00:00,23628.0,52.7,554.3,232.6,321.7,554.3
2024-12-16 13:00:00,22567.0,53.28,435.2,119.4,315.8,435.2
2024-12-16 14:00:00,15373.0,53.43,464.7,185.3,279.3,464.7
2024-12-16 15:00:00,7931.0,52.35,494.0,299.1,194.9,494.0
2024-12-16 16:00:00,1394.0,49.51,251.0,94.0,157.0,251.0
2024-12-16 17:00:00,0.0,0.0,40.0,1.2,38.8,40.0
2024-12-16 18:00:00,0.0,0.0,2.2,-0.1,2.3,2.2
2024-12-16 19:00:00,0.0,0.0,0.0,0.0,0.0,0.0
2024-12-16 20:00:00,0.0,0.0,0.0,0.0,0.0,0.0
2024-12-16 21:00:00,0.0,0.0,0.0,0.0,0.0,0.0
2024-12-16 22:00:00,0.0,0.0,0.0,0.0,0.0,0.0
2024-12-16 23:00:00,0.0,0.0,0.0,0.0,0.0,0.0
2024-12-17 00:00:00,0.0,0.0,0.0,0.0,0.0,0.0
2024-12-17 01:00:00,0.0,0.0,0.0,0.0,0.0,0.0
2024-12-17 02:00:00,0.0,0.0,0.0,0.0,0.0,0.0
2024-12-17 03:00:00,0.0,0.0,0.0,0.0,0.0,0.0
2024-12-17 04:00:00,0.0,0.0,0.0,0.0,0.0,0.0
2024-12-17 05:00:00,0.0,31.56,0.0,0.0,0.0,0.0
2024-12-17 06:00:00,3459.0,40.75,0.0,0.0,0.0,0.0
2024-12-17 07:00:00,17234.0,43.78,70.3,24.7,45.6,70.3
2024-12-17 08:00:00,21305.0,45.85,259.7,142.9,116.8,259.7
2024-12-17 09:00:00,36420.0,54.95,375.7,200.8,174.8,375.7
2024-12-17 10:00:00,28474.0,53.370000000000005,448.7,207.2,241.4,448.7
2024-12-17 11:00:00,45570.0,55.32,440.2,141.4,298.8,440.2
2024-12-17 12:00:00,49290.0,59.04,792.3,565.6,226.8,792.3
2024-12-17 13:00:00,41670.0,59.01,818.0,614.4,203.6,818.0
2024-12-17 14:00:00,28128.0,56.72,770.5,599.8,170.7,770.5
2024-12-17 15:00:00,12233.0,51.05,622.7,469.8,152.8,622.7
2024-12-17 16:00:00,1417.0,49.64,415.5,279.0,136.5,415.5
2024-12-17 17:00:00,0.0,46.69,182.0,88.2,93.8,182.0
2024-12-17 18:00:00,0.0,0.0,6.8,-0.3,7.2,6.8
2024-12-17 19:00:00,0.0,0.0,0.0,0.0,0.0,0.0
2024-12-17 20:00:00,0.0,0.0,0.0,0.0,0.0,0.0
2024-12-17 21:00:00,0.0,0.0,0.0,0.0,0.0,0.0
2024-12-17 22:00:00,0.0,0.0,0.0,0.0,0.0,0.0
2024-12-17 23:00:00,0.0,0.0,0.0,0.0,0.0,0.0
2024-12-18 00:00:00,0.0,0.0,0.0,0.0,0.0,0.0
2024-12-18 01:00:00,0.0,0.0,0.0,0.0,0.0,0.0
2024-12-18 02:00:00,0.0,0.0,0.0,0.0,0.0,0.0
2024-12-18 03:00:00,0.0,0.0,0.0,0.0,0.0,0.0
2024-12-18 04:00:00,0.0,0.0,0.0,0.0,0.0,0.0
2024-12-18 05:00:00,0.0,32.25,0.0,0.0,0.0,0.0
2024-12-18 06:00:00,4741.0,41.47,0.0,0.0,0.0,0.0
2024-12-18 07:00:00,16334.0,44.69,66.2,21.8,44.3,66.2
2024-12-18 08:00:00,32225.0,49.64,278.0,162.0,116.0,278.0
2024-12-18 09:00:00,48730.0,53.06,459.5,307.1,152.4,459.5
2024-12-18 10:00:00,35530.0,54.38,530.2,312.4,217.8,530.2
2024-12-18 11:00:00,51480.0,54.22,766.5,570.3,196.2,766.5
2024-12-18 12:00:00,49080.0,56.57,798.0,574.5,223.5,798.0
2024-12-18 13:00:00,41270.0,57.52,819.5,616.6,202.9,819.5
2024-12-18 14:00:00,27767.0,55.67,754.2,577.3,176.9,754.2
2024-12-18 15:00:00,11069.0,49.96,622.5,469.3,153.2,622.5
2024-12-18 16:00:00,1650.0,49.77,414.7,277.7,136.9,414.7
2024-12-18 17:00:00,0.0,45.49,179.2,85.2,94.0,179.2
2024-12-18 18:00:00,0.0,0.0,3.8,-0.2,4.1,3.8
2024-12-18 19:00:00,0.0,0.0,0.0,0.0,0.0,0.0
2024-12-18 20:00:00,0.0,0.0,0.0,0.0,0.0,0.0
2024-12-18 21:00:00,0.0,0.0,0.0,0.0,0.0,0.0
2024-12-18 22:00:00,0.0,0.0,0.0,0.0,0.0,0.0
2024-12-18 23:00:00,0.0,0.0,0.0,0.0,0.0,0.0
2024-12-19 00:00:00,0.0,0.0,0.0,0.0,0.0,0.0
2024-12-19 01:00:00,0.0,0.0,0.0,0.0,0.0,0.0
2024-12-19 02:00:00,0.0,0.0,0.0,0.0,0.0,0.0
2024-12-19 03:00:00,0.0,0.0,0.0,0.0,0.0,0.0
2024-12-19 04:00:00,0.0,0.0,0.0,0.0,0.0,0.0
2024-12-19 05:00:00,0.0,31.8,0.0,0.0,0.0,0.0
2024-12-19 06:00:00,4777.0,41.34,0.0,0.0,0.0,0.0
2024-12-19 07:00:00,17558.0,44.21,64.8,21.1,43.8,64.8
2024-12-19 08:00:00,33360.0,50.0,274.8,159.3,115.6,274.8
2024-12-19 09:00:00,44670.0,54.42,489.7,344.4,145.2,489.7
2024-12-19 10:00:00,51420.0,58.18,672.8,510.3,162.6,672.8
2024-12-19 11:00:00,53470.0,61.33,802.3,621.7,180.6,802.3
2024-12-19 12:00:00,50510.0,61.370000000000005,861.0,667.2,193.8,861.0
2024-12-19 13:00:00,41040.0,59.96,852.7,664.1,188.6,852.7
2024-12-19 14:00:00,28787.0,56.82,777.3,608.3,169.1,777.3
2024-12-19 15:00:00,12868.0,51.28,626.3,473.6,152.7,626.3
2024-12-19 16:00:00,3048.0,49.84,410.7,272.9,137.7,410.7
2024-12-19 17:00:00,0.0,47.39,166.7,72.9,93.7,166.7
2024-12-19 18:00:00,0.0,0.0,6.0,-0.3,6.3,6.0
2024-12-19 19:00:00,0.0,0.0,0.0,0.0,0.0,0.0
2024-12-19 20:00:00,0.0,0.0,0.0,0.0,0.0,0.0
2024-12-19 21:00:00,0.0,0.0,0.0,0.0,0.0,0.0
2024-12-19 22:00:00,0.0,0.0,0.0,0.0,0.0,0.0
2024-12-19 23:00:00,0.0,0.0,0.0,0.0,0.0,0.0
2024-12-20 00:00:00,0.0,0.0,0.0,0.0,0.0,0.0
2024-12-20 01:00:00,0.0,0.0,0.0,0.0,0.0,0.0
2024-12-20 02:00:00,0.0,0.0,0.0,0.0,0.0,0.0
2024-12-20 03:00:00,0.0,0.0,0.0,0.0,0.0,0.0
2024-12-20 04:00:00,0.0,0.0,0.0,0.0,0.0,0.0
2024-12-20 05:00:00,0.0,30.63,0.0,0.0,0.0,0.0
2024-12-20 06:00:00,4265.0,40.01,0.0,0.0,0.0,0.0
2024-12-20 07:00:00,16062.0,44.36,57.3,15.8,41.5,57.3
2024-12-20 08:00:00,36920.0,48.85,163.7,50.9,112.8,163.7
2024-12-20 09:00:00,24279.0,53.65,269.0,89.5,179.5,269.0
2024-12-20 10:00:00,52850.0,56.74,633.0,457.2,175.8,633.0
2024-12-20 11:00:00,48180.0,55.94,779.5,590.1,189.4,779.5
2024-12-20 12:00:00,16166.0,52.65,827.8,619.4,208.5,827.8
2024-12-20 13:00:00,40230.0,51.85,808.3,599.9,208.4,808.3
2024-12-20 14:00:00,32462.0,54.05,745.7,564.6,181.1,745.7
2024-12-20 15:00:00,15236.0,50.8,595.8,434.4,161.4,595.8
2024-12-20 16:00:00,2180.0,50.120000000000005,356.8,208.8,148.1,356.8
2024-12-20 17:00:00,0.0,46.83,151.5,58.5,93.0,151.5
2024-12-20 18:00:00,0.0,0.0,0.7,0.0,0.7,0.7
2024-12-20 19:00:00,0.0,0.0,0.0,0.0,0.0,0.0
2024-12-20 20:00:00,0.0,0.0,0.0,0.0,0.0,0.0
2024-12-20 21:00:00,0.0,0.0,0.0,0.0,0.0,0.0
2024-12-20 22:00:00,0.0,0.0,0.0,0.0,0.0,0.0
2024-12-20 23:00:00,0.0,0.0,0.0,0.0,0.0,0.0
2024-12-21 00:00:00,0.0,0.0,0.0,0.0,0.0,0.0
2024-12-21 01:00:00,0.0,0.0,0.0,0.0,0.0,0.0
2024-12-21 02:00:00,0.0,0.0,0.0,0.0,0.0,0.0
2024-12-21 03:00:00,0.0,0.0,0.0,0.0,0.0,0.0
2024-12-21 04:00:00,0.0,0.0,0.0,0.0,0.0,0.0
2024-12-21 05:00:00,0.0,30.54,0.0,0.0,0.0,0.0
2024-12-21 06:00:00,4670.0,40.59,0.0,0.0,0.0,0.0
2024-12-21 07:00:00,13867.0,44.18,61.3,18.9,42.4,61.3
2024-12-21 08:00:00,21504.0,46.03,260.3,145.5,114.9,260.3
2024-12-21 09:00:00,32519.0,54.16,442.5,287.7,154.8,442.5
2024-12-21 10:00:00,27858.0,50.69,596.8,407.5,189.3,596.8
2024-12-21 11:00:00,43960.0,54.99,645.7,395.1,250.6,645.7
2024-12-21 12:00:00,35620.0,53.61,589.5,276.8,312.7,589.5
2024-12-21 13:00:00,21326.0,52.41,525.2,207.3,317.8,525.2
2024-12-21 14:00:00,19132.0,52.870000000000005,454.2,172.4,281.8,454.2
2024-12-21 15:00:00,10183.0,52.5,459.5,250.6,208.9,459.5
2024-12-21 16:00:00,2450.0,49.8,233.3,76.4,156.9,233.3
2024-12-21 17:00:00,0.0,0.0,159.3,65.1,94.2,159.3
2024-12-21 18:00:00,0.0,0.0,10.3,-0.3,10.6,10.3
2024-12-21 19:00:00,0.0,0.0,0.0,0.0,0.0,0.0
2024-12-21 20:00:00,0.0,0.0,0.0,0.0,0.0,0.0
2024-12-21 21:00:00,0.0,0.0,0.0,0.0,0.0,0.0
2024-12-21 22:00:00,0.0,0.0,0.0,0.0,0.0,0.0
2024-12-21 23:00:00,0.0,0.0,0.0,0.0,0.0,0.0
2024-12-22 00:00:00,0.0,0.0,0.0,0.0,0.0,0.0
2024-12-22 01:00:00,0.0,0.0,0.0,0.0,0.0,0.0
2024-12-22 02:00:00,0.0,0.0,0.0,0.0,0.0,0.0
2024-12-22 03:00:00,0.0,0.0,0.0,0.0,0.0,0.0
2024-12-22 04:00:00,0.0,0.0,0.0,0.0,0.0,0.0
2024-12-22 05:00:00,0.0,0.0,0.0,0.0,0.0,0.0
2024-12-22 06:00:00,7713.0,39.34,0.0,0.0,0.0,0.0
2024-12-22 07:00:00,17558.0,41.05,42.8,7.2,35.6,42.8
2024-12-22 08:00:00,15560.0,47.56,209.7,93.6,116.1,209.7
2024-12-22 09:00:00,30004.0,53.72,419.0,258.6,160.4,419.0
2024-12-22 10:00:00,51700.0,54.96,484.8,255.3,229.5,484.8
2024-12-22 11:00:00,38750.0,56.11,722.7,508.5,214.2,722.7
2024-12-22 12:00:00,39150.0,52.82,770.2,533.5,236.6,770.2
2024-12-22 13:00:00,28979.0,54.69,532.7,215.5,317.1,532.7
2024-12-22 14:00:00,21802.0,50.35,430.0,147.5,282.5,430.0
2024-12-22 15:00:00,12882.0,52.84,314.5,94.0,220.5,314.5
2024-12-22 16:00:00,2969.0,50.43,337.7,184.5,153.2,337.7
2024-12-22 17:00:00,0.0,46.13,120.2,32.3,87.8,120.2
2024-12-22 18:00:00,0.0,0.0,0.5,0.0,0.5,0.5
2024-12-22 19:00:00,0.0,0.0,0.0,0.0,0.0,0.0
2024-12-22 20:00:00,0.0,0.0,0.0,0.0,0.0,0.0
2024-12-22 21:00:00,0.0,0.0,0.0,0.0,0.0,0.0
2024-12-22 22:00:00,0.0,0.0,0.0,0.0,0.0,0.0
2024-12-22 23:00:00,0.0,0.0,0.0,0.0,0.0,0.0
2024-12-23 00:00:00,0.0,0.0,0.0,0.0,0.0,0.0
2024-12-23 01:00:00,0.0,0.0,0.0,0.0,0.0,0.0
2024-12-23 02:00:00,0.0,0.0,0.0,0.0,0.0,0.0
2024-12-23 03:00:00,0.0,0.0,0.0,0.0,0.0,0.0
2024-12-23 04:00:00,0.0,0.0,0.0,0.0,0.0,0.0
2024-12-23 05:00:00,0.0,28.32,0.0,0.0,0.0,0.0
2024-12-23 06:00:00,4797.0,38.49,0.0,0.0,0.0,0.0
2024-12-23 07:00:00,17163.0,45.02,59.2,17.8,41.4,59.2
2024-12-23 08:00:00,33400.0,47.22,273.8,159.6,114.2,273.8
2024-12-23 09:00:00,43840.0,54.27,490.2,346.7,143.4,490.2
2024-12-23 10:00:00,50290.0,57.27,675.0,515.2,159.8,675.0
2024-12-23 11:00:00,51830.0,59.68,803.0,624.4,178.6,803.0
2024-12-23 12:00:00,35550.0,59.24,869.3,679.5,189.8,869.3
2024-12-23 13:00:00,23153.0,56.15,856.8,668.9,187.9,856.8
2024-12-23 14:00:00,14841.0,50.81,656.0,433.2,222.8,656.0
2024-12-23 15:00:00,4041.0,49.21,401.2,178.5,222.6,401.2
2024-12-23 16:00:00,1868.0,47.83,186.0,41.6,144.4,186.0
2024-12-23 17:00:00,0.0,45.02,105.0,22.3,82.7,105.0
2024-12-23 18:00:00,0.0,0.0,10.8,-0.2,11.1,10.8
2024-12-23 19:00:00,0.0,0.0,0.0,0.0,0.0,0.0
2024-12-23 20:00:00,0.0,0.0,0.0,0.0,0.0,0.0
2024-12-23 21:00:00,0.0,0.0,0.0,0.0,0.0,0.0
2024-12-23 22:00:00,0.0,0.0,0.0,0.0,0.0,0.0
2024-12-23 23:00:00,0.0,0.0,0.0,0.0,0.0,0.0
2024-12-24 00:00:00,0.0,0.0,0.0,0.0,0.0,0.0
2024-12-24 01:00:00,0.0,0.0,0.0,0.0,0.0,0.0
2024-12-24 02:00:00,0.0,0.0,0.0,0.0,0.0,0.0
2024-12-24 03:00:00,0.0,0.0,0.0,0.0,0.0,0.0
2024-12-24 04:00:00,0.0,0.0,0.0,0.0,0.0,0.0
2024-12-24 05:00:00,0.0,30.65,0.0,0.0,0.0,0.0
2024-12-24 06:00:00,4054.0,41.64,0.0,0.0,0.0,0.0
2024-12-24 07:00:00,14074.0,44.87,27.8,1.6,26.3,27.8
2024-12-24 08:00:00,17554.0,44.0,120.0,23.2,96.8,120.0
2024-12-24 09:00:00,45690.0,52.2,180.8,31.3,149.5,180.8
2024-12-24 10:00:00,44070.0,54.42,383.0,139.8,243.2,383.0
2024-12-24 11:00:00,41230.0,55.17,523.2,233.1,290.1,523.2
2024-12-24 12:00:00,27800.0,53.49,613.3,307.7,305.6,613.3
2024-12-24 13:00:00,24384.0,51.34,447.8,129.3,318.5,447.8
2024-12-24 14:00:00,14388.0,51.97,357.5,85.1,272.4,357.5
2024-12-24 15:00:00,11389.0,51.13,241.8,44.1,197.7,241.8
2024-12-24 16:00:00,4015.0,47.870000000000005,232.0,74.0,158.0,232.0
2024-12-24 17:00:00,0.0,44.6,138.2,45.2,92.9,138.2
2024-12-24 18:00:00,0.0,0.0,6.0,-0.3,6.3,6.0
2024-12-24 19:00:00,0.0,0.0,0.0,0.0,0.0,0.0
2024-12-24 20:00:00,0.0,0.0,0.0,0.0,0.0,0.0
2024-12-24 21:00:00,0.0,0.0,0.0,0.0,0.0,0.0
2024-12-24 22:00:00,0.0,0.0,0.0,0.0,0.0,0.0
2024-12-24 23:00:00,0.0,0.0,0.0,0.0,0.0,0.0
2024-12-25 00:00:00,0.0,0.0,0.0,0.0,0.0,0.0
2024-12-25 01:00:00,0.0,0.0,0.0,0.0,0.0,0.0
2024-12-25 02:00:00,0.0,0.0,0.0,0.0,0.0,0.0
2024-12-25 03:00:00,0.0,0.0,0.0,0.0,0.0,0.0
2024-12-25 04:00:00,0.0,0.0,0.0,0.0,0.0,0.0
2024-12-25 05:00:00,0.0,32.78,0.0,0.0,0.0,0.0
2024-12-25 06:00:00,5698.0,41.89,0.0,0.0,0.0,0.0
2024-12-25 07:00:00,11680.0,43.07,37.5,5.0,32.5,37.5
2024-12-25 08:00:00,23547.0,47.08,165.7,54.4,111.3,165.7
2024-12-25 09:00:00,23007.0,51.63,312.3,133.6,178.7,312.3
2024-12-25 10:00:00,37060.0,54.09,349.5,109.1,240.4,349.5
2024-12-25 11:00:00,52380.0,58.67,446.3,149.9,296.4,446.3
2024-12-25 12:00:00,34890.0,58.96,793.7,568.8,224.9,793.7
2024-12-25 13:00:00,47130.0,58.29,829.7,629.2,200.5,829.7
2024-12-25 14:00:00,20425.0,51.89,744.0,559.0,185.0,744.0
2024-12-25 15:00:00,13598.0,51.34,460.8,249.1,211.7,460.8
2024-12-25 16:00:00,1964.0,48.0,351.8,199.2,152.6,351.8
2024-12-25 17:00:00,0.0,0.0,113.0,26.6,86.4,113.0
2024-12-25 18:00:00,0.0,0.0,9.5,-0.3,9.8,9.5
2024-12-25 19:00:00,0.0,0.0,0.0,0.0,0.0,0.0
2024-12-25 20:00:00,0.0,0.0,0.0,0.0,0.0,0.0
2024-12-25 21:00:00,0.0,0.0,0.0,0.0,0.0,0.0
2024-12-25 22:00:00,0.0,0.0,0.0,0.0,0.0,0.0
2024-12-25 23:00:00,0.0,0.0,0.0,0.0,0.0,0.0
2024-12-26 00:00:00,0.0,0.0,0.0,0.0,0.0,0.0
2024-12-26 01:00:00,0.0,0.0,0.0,0.0,0.0,0.0
2024-12-26 02:00:00,0.0,0.0,0.0,0.0,0.0,0.0
2024-12-26 03:00:00,0.0,0.0,0.0,0.0,0.0,0.0
2024-12-26 04:00:00,0.0,0.0,0.0,0.0,0.0,0.0
2024-12-26 05:00:00,0.0,31.79,0.0,0.0,0.0,0.0
2024-12-26 06:00:00,5567.0,42.63,0.0,0.0,0.0,0.0
2024-12-26 07:00:00,15111.0,42.05,39.0,5.8,33.2,39.0
2024-12-26 08:00:00,23633.0,48.34,170.2,58.5,111.7,170.2
2024-12-26 09:00:00,26258.0,55.120000000000005,352.0,178.5,173.5,352.0
2024-12-26 10:00:00,36570.0,54.43,569.0,371.7,197.3,569.0
2024-12-26 11:00:00,24660.0,56.09,497.7,204.0,293.7,497.7
2024-12-26 12:00:00,16927.0,56.7,606.3,298.4,308.0,606.3
2024-12-26 13:00:00,12061.0,50.84,680.3,407.1,273.2,680.3
2024-12-26 14:00:00,13833.0,53.58,342.0,73.6,268.4,342.0
2024-12-26 15:00:00,12427.0,53.75,362.8,135.8,227.1,362.8
2024-12-26 16:00:00,8139.0,53.32,152.8,23.9,128.9,152.8
2024-12-26 17:00:00,0.0,49.18,31.2,0.5,30.7,31.2
2024-12-26 18:00:00,0.0,0.0,0.8,0.0,0.9,0.8
2024-12-26 19:00:00,0.0,0.0,0.0,0.0,0.0,0.0
2024-12-26 20:00:00,0.0,0.0,0.0,0.0,0.0,0.0
2024-12-26 21:00:00,0.0,0.0,0.0,0.0,0.0,0.0
2024-12-26 22:00:00,0.0,0.0,0.0,0.0,0.0,0.0
2024-12-26 23:00:00,0.0,0.0,0.0,0.0,0.0,0.0
2024-12-27 00:00:00,0.0,0.0,0.0,0.0,0.0,0.0
2024-12-27 01:00:00,0.0,0.0,0.0,0.0,0.0,0.0
2024-12-27 02:00:00,0.0,0.0,0.0,0.0,0.0,0.0
2024-12-27 03:00:00,0.0,0.0,0.0,0.0,0.0,0.0
2024-12-27 04:00:00,0.0,0.0,0.0,0.0,0.0,0.0
2024-12-27 05:00:00,0.0,0.0,0.0,0.0,0.0,0.0
2024-12-27 06:00:00,4263.0,43.72,0.0,0.0,0.0,0.0
2024-12-27 07:00:00,14887.0,42.69,36.7,4.8,31.8,36.7
2024-12-27 08:00:00,18792.0,48.68,176.8,64.7,112.2,176.8
2024-12-27 09:00:00,48170.0,56.23,399.5,237.1,162.4,399.5
2024-12-27 10:00:00,32572.0,51.2,555.8,353.9,201.9,555.8
2024-12-27 11:00:00,46520.0,50.78,562.2,282.6,279.6,562.2
2024-12-27 12:00:00,8556.0,53.870000000000005,308.8,36.0,272.8,308.8
2024-12-27 13:00:00,20299.0,54.84,322.8,43.9,278.9,322.8
2024-12-27 14:00:00,11709.0,51.7,331.3,66.3,265.0,331.3
2024-12-27 15:00:00,304.0,47.56,218.8,32.2,186.6,218.8
2024-12-27 16:00:00,0.0,44.36,119.7,12.1,107.5,119.7
2024-12-27 17:00:00,0.0,0.0,90.5,14.1,76.4,90.5
2024-12-27 18:00:00,0.0,0.0,7.8,-0.3,8.2,7.8
2024-12-27 19:00:00,0.0,0.0,0.0,0.0,0.0,0.0
2024-12-27 20:00:00,0.0,0.0,0.0,0.0,0.0,0.0
2024-12-27 21:00:00,0.0,0.0,0.0,0.0,0.0,0.0
2024-12-27 22:00:00,0.0,0.0,0.0,0.0,0.0,0.0
2024-12-27 23:00:00,0.0,0.0,0.0,0.0,0.0,0.0
2024-12-28 00:00:00,0.0,0.0,0.0,0.0,0.0,0.0
2024-12-28 01:00:00,0.0,0.0,0.0,0.0,0.0,0.0
2024-12-28 02:00:00,0.0,0.0,0.0,0.0,0.0,0.0
2024-12-28 03:00:00,0.0,0.0,0.0,0.0,0.0,0.0
2024-12-28 04:00:00,0.0,0.0,0.0,0.0,0.0,0.0
2024-12-28 05:00:00,0.0,0.0,0.0,0.0,0.0,0.0
2024-12-28 06:00:00,4247.0,41.37,0.0,0.0,0.0,0.0
2024-12-28 07:00:00,14063.0,41.21,30.7,2.6,28.1,30.7
2024-12-28 08:00:00,18860.0,46.73,157.0,48.4,108.6,157.0
2024-12-28 09:00:00,36870.0,54.56,268.8,92.6,176.3,268.8
2024-12-28 10:00:00,41190.0,53.08,476.5,248.0,228.5,476.5
2024-12-28 11:00:00,44120.0,53.0,538.2,252.3,285.9,538.2
2024-12-28 12:00:00,14353.0,52.33,634.3,335.3,299.1,634.3
2024-12-28 13:00:00,33500.0,55.120000000000005,550.0,233.0,317.0,550.0
2024-12-28 14:00:00,24779.0,51.66,429.8,144.0,285.8,429.8
2024-12-28 15:00:00,9908.0,51.31,381.0,152.9,228.1,381.0
2024-12-28 16:00:00,245.0,49.61,337.0,179.1,157.9,337.0
2024-12-28 17:00:00,0.0,0.0,101.3,19.1,82.2,101.3
2024-12-28 18:00:00,0.0,0.0,18.3,0.6,17.7,18.3
2024-12-28 19:00:00,0.0,0.0,0.0,0.0,0.0,0.0
2024-12-28 20:00:00,0.0,0.0,0.0,0.0,0.0,0.0
2024-12-28 21:00:00,0.0,0.0,0.0,0.0,0.0,0.0
2024-12-28 22:00:00,0.0,0.0,0.0,0.0,0.0,0.0
2024-12-28 23:00:00,0.0,0.0,0.0,0.0,0.0,0.0
2024-12-29 00:00:00,0.0,0.0,0.0,0.0,0.0,0.0
2024-12-29 01:00:00,0.0,0.0,0.0,0.0,0.0,0.0
2024-12-29 02:00:00,0.0,0.0,0.0,0.0,0.0,0.0
2024-12-29 03:00:00,0.0,0.0,0.0,0.0,0.0,0.0
2024-12-29 04:00:00,0.0,0.0,0.0,0.0,0.0,0.0
2024-12-29 05:00:00,0.0,0.0,0.0,0.0,0.0,0.0
2024-12-29 06:00:00,4280.0,41.08,0.0,0.0,0.0,0.0
2024-12-29 07:00:00,16792.0,41.96,53.2,14.7,38.4,53.2
2024-12-29 08:00:00,33740.0,50.04,263.7,151.6,112.1,263.7
2024-12-29 09:00:00,45270.0,55.620000000000005,486.5,344.5,142.0,486.5
2024-12-29 10:00:00,51990.0,59.04,671.2,512.5,158.6,671.2
2024-12-29 11:00:00,53840.0,61.61,809.2,634.2,175.0,809.2
2024-12-29 12:00:00,48240.0,63.18,882.3,696.8,185.5,882.3
2024-12-29 13:00:00,43230.0,61.51,872.8,688.1,184.8,872.8
2024-12-29 14:00:00,31010.0,58.13,797.0,628.4,168.6,797.0
2024-12-29 15:00:00,10976.0,51.85,644.8,491.0,153.8,644.8
2024-12-29 16:00:00,2066.0,50.2,406.7,262.5,144.1,406.7
2024-12-29 17:00:00,0.0,45.32,147.3,50.4,97.0,147.3
2024-12-29 18:00:00,0.0,0.0,0.3,0.0,0.4,0.3
2024-12-29 19:00:00,0.0,0.0,0.0,0.0,0.0,0.0
2024-12-29 20:00:00,0.0,0.0,0.0,0.0,0.0,0.0
2024-12-29 21:00:00,0.0,0.0,0.0,0.0,0.0,0.0
2024-12-29 22:00:00,0.0,0.0,0.0,0.0,0.0,0.0
2024-12-29 23:00:00,0.0,0.0,0.0,0.0,0.0,0.0
2024-12-30 00:00:00,0.0,0.0,0.0,0.0,0.0,0.0
2024-12-30 01:00:00,0.0,0.0,0.0,0.0,0.0,0.0
2024-12-30 02:00:00,0.0,0.0,0.0,0.0,0.0,0.0
2024-12-30 03:00:00,0.0,0.0,0.0,0.0,0.0,0.0
2024-12-30 04:00:00,0.0,0.0,0.0,0.0,0.0,0.0
2024-12-30 05:00:00,0.0,0.0,0.0,0.0,0.0,0.0
2024-12-30 06:00:00,4325.0,40.28,0.0,0.0,0.0,0.0
2024-12-30 07:00:00,16644.0,44.78,51.2,13.5,37.6,51.2
2024-12-30 08:00:00,32840.0,49.38,259.2,147.5,111.6,259.2
2024-12-30 09:00:00,44440.0,53.61,476.3,333.2,143.2,476.3
2024-12-30 10:00:00,49820.0,56.81,654.7,491.4,163.2,654.7
2024-12-30 11:00:00,47280.0,58.35,794.0,613.4,180.6,794.0
2024-12-30 12:00:00,33620.0,55.68,854.0,656.5,197.5,854.0
2024-12-30 13:00:00,16136.0,53.09,804.7,588.9,215.7,804.7
2024-12-30 14:00:00,23254.0,53.8,554.5,284.8,269.7,554.5
2024-12-30 15:00:00,10196.0,50.27,483.5,273.5,210.0,483.5
2024-12-30 16:00:00,4253.0,49.8,344.8,186.6,158.2,344.8
2024-12-30 17:00:00,0.0,46.87,97.8,16.9,80.9,97.8
2024-12-30 18:00:00,0.0,0.0,4.3,-0.2,4.6,4.3
2024-12-30 19:00:00,0.0,0.0,0.0,0.0,0.0,0.0
2024-12-30 20:00:00,0.0,0.0,0.0,0.0,0.0,0.0
2024-12-30 21:00:00,0.0,0.0,0.0,0.0,0.0,0.0
2024-12-30 22:00:00,0.0,0.0,0.0,0.0,0.0,0.0
2024-12-30 23:00:00,0.0,0.0,0.0,0.0,0.0,0.0
2024-12-31 00:00:00,0.0,0.0,0.0,0.0,0.0,0.0
2024-12-31 01:00:00,0.0,0.0,0.0,0.0,0.0,0.0
2024-12-31 02:00:00,0.0,0.0,0.0,0.0,0.0,0.0
2024-12-31 03:00:00,0.0,0.0,0.0,0.0,0.0,0.0
2024-12-31 04:00:00,0.0,0.0,0.0,0.0,0.0,0.0
2024-12-31 05:00:00,0.0,0.0,0.0,0.0,0.0,0.0
2024-12-31 06:00:00,4023.0,41.51,0.0,0.0,0.0,0.0
2024-12-31 07:00:00,12311.0,44.99,45.2,9.8,35.4,45.2
2024-12-31 08:00:00,16076.0,46.66,203.3,91.5,111.9,203.3
2024-12-31 09:00:00,30493.0,52.83,396.3,235.2,161.2,396.3
2024-12-31 10:00:00,38930.0,51.61,471.7,242.9,228.7,471.7
2024-12-31 11:00:00,36140.0,53.67,552.2,270.1,282.1,552.2
2024-12-31 12:00:00,31671.0,51.59,603.3,293.0,310.3,603.3
2024-12-31 13:00:00,34250.0,54.31,526.0,203.7,322.3,526.0
2024-12-31 14:00:00,30805.0,52.35,523.3,244.3,279.1,523.3
2024-12-31 15:00:00,16187.0,51.57,349.0,119.1,229.9,349.0
2024-12-31 16:00:00,2946.0,49.01,170.5,31.0,139.5,170.5
2024-12-31 17:00:00,0.0,45.2,103.0,19.3,83.7,103.0
2024-12-31 18:00:00,0.0,0.0,13.3,-0.2,13.5,13.3
2024-12-31 19:00:00,0.0,0.0,0.0,0.0,0.0,0.0
2024-12-31 20:00:00,0.0,0.0,0.0,0.0,0.0,0.0
2024-12-31 21:00:00,0.0,0.0,0.0,0.0,0.0,0.0
2024-12-31 22:00:00,0.0,0.0,0.0,0.0,0.0,0.0
2024-12-31 23:00:00,0.0,0.0,0.0,0.0,0.0,0.0
2025-01-01 00:00:00,0.0,0.0,0.0,0.0,0.0,0.0
2025-01-01 01:00:00,0.0,0.0,0.0,0.0,0.0,0.0
2025-01-01 02:00:00,0.0,0.0,0.0,0.0,0.0,0.0
2025-01-01 03:00:00,0.0,0.0,0.0,0.0,0.0,0.0
2025-01-01 04:00:00,0.0,0.0,0.0,0.0,0.0,0.0
2025-01-01 05:00:00,0.0,0.0,0.0,0.0,0.0,0.0
2025-01-01 06:00:00,3266.0,40.75,0.0,0.0,0.0,0.0
2025-01-01 07:00:00,10991.0,43.19,30.5,2.8,27.7,30.5
2025-01-01 08:00:00,23711.0,46.55,148.7,43.2,105.5,148.7
2025-01-01 09:00:00,29469.0,54.6,256.3,82.9,173.4,256.3
2025-01-01 10:00:00,32211.0,52.52,478.2,251.5,226.7,478.2
2025-01-01 11:00:00,45780.0,55.94,555.3,274.1,281.2,555.3
2025-01-01 12:00:00,38130.0,57.36,627.3,324.2,303.1,627.3
2025-01-01 13:00:00,29733.0,53.21,573.5,258.4,315.1,573.5
2025-01-01 14:00:00,26233.0,53.57,619.2,370.9,248.3,619.2
2025-01-01 15:00:00,19035.0,51.86,356.8,125.7,231.2,356.8
2025-01-01 16:00:00,3602.0,50.33,210.3,54.2,156.2,210.3
2025-01-01 17:00:00,0.0,47.04,144.8,46.8,98.0,144.8
2025-01-01 18:00:00,0.0,0.0,15.2,0.0,15.2,15.2
2025-01-01 19:00:00,0.0,0.0,0.0,0.0,0.0,0.0
2025-01-01 20:00:00,0.0,0.0,0.0,0.0,0.0,0.0
2025-01-01 21:00:00,0.0,0.0,0.0,0.0,0.0,0.0
2025-01-01 22:00:00,0.0,0.0,0.0,0.0,0.0,0.0
2025-01-01 23:00:00,0.0,0.0,0.0,0.0,0.0,0.0
2025-01-02 00:00:00,0.0,0.0,0.0,0.0,0.0,0.0
2025-01-02 01:00:00,0.0,0.0,0.0,0.0,0.0,0.0
2025-01-02 02:00:00,0.0,0.0,0.0,0.0,0.0,0.0
2025-01-02 03:00:00,0.0,0.0,0.0,0.0,0.0,0.0
2025-01-02 04:00:00,0.0,0.0,0.0,0.0,0.0,0.0
2025-01-02 05:00:00,0.0,0.0,0.0,0.0,0.0,0.0
2025-01-02 06:00:00,3674.0,42.02,0.0,0.0,0.0,0.0
2025-01-02 07:00:00,13543.0,41.28,36.5,5.3,31.2,36.5
2025-01-02 08:00:00,19887.0,47.29,165.7,57.0,108.6,165.7
2025-01-02 09:00:00,26719.0,53.24,285.5,109.6,175.9,285.5
2025-01-02 10:00:00,61730.0,56.05,394.3,154.0,240.3,394.3
2025-01-02 11:00:00,45540.0,56.77,629.5,374.7,254.8,629.5
2025-01-02 12:00:00,26077.0,53.43,710.5,441.4,269.1,710.5
2025-01-02 13:00:00,27473.0,54.07,521.2,197.0,324.1,521.2
2025-01-02 14:00:00,37090.0,54.43,589.0,327.6,261.4,589.0
2025-01-02 15:00:00,12371.0,52.16,375.0,142.7,232.3,375.0
2025-01-02 16:00:00,3238.0,49.34,197.2,45.2,152.0,197.2
2025-01-02 17:00:00,0.0,46.27,94.0,14.6,79.4,94.0
2025-01-02 18:00:00,0.0,0.0,5.0,-0.3,5.3,5.0
2025-01-02 19:00:00,0.0,0.0,0.0,0.0,0.0,0.0
2025-01-02 20:00:00,0.0,0.0,0.0,0.0,0.0,0.0
2025-01-02 21:00:00,0.0,0.0,0.0,0.0,0.0,0.0
2025-01-02 22:00:00,0.0,0.0,0.0,0.0,0.0,0.0
2025-01-02 23:00:00,0.0,0.0,0.0,0.0,0.0,0.0
2025-01-03 00:00:00,0.0,0.0,0.0,0.0,0.0,0.0
2025-01-03 01:00:00,0.0,0.0,0.0,0.0,0.0,0.0
2025-01-03 02:00:00,0.0,0.0,0.0,0.0,0.0,0.0
2025-01-03 03:00:00,0.0,0.0,0.0,0.0,0.0,0.0
2025-01-03 04:00:00,0.0,0.0,0.0,0.0,0.0,0.0
2025-01-03 05:00:00,0.0,0.0,0.0,0.0,0.0,0.0
2025-01-03 06:00:00,3096.0,42.25,0.0,0.0,0.0,0.0
2025-01-03 07:00:00,22041.0,42.09,35.7,5.0,30.7,35.7
2025-01-03 08:00:00,21016.0,49.24,168.0,59.3,108.7,168.0
2025-01-03 09:00:00,35780.0,55.42,364.7,197.3,167.4,364.7
2025-01-03 10:00:00,27709.0,53.75,417.7,179.3,238.4,417.7
2025-01-03 11:00:00,33890.0,53.45,605.3,340.6,264.7,605.3
2025-01-03 12:00:00,26989.0,53.72,523.5,196.5,327.0,523.5
2025-01-03 13:00:00,25353.0,51.77,546.5,224.6,321.9,546.5
2025-01-03 14:00:00,26952.0,54.94,459.0,168.5,290.5,459.0
2025-01-03 15:00:00,17047.0,50.0,390.2,157.5,232.7,390.2
2025-01-03 16:00:00,4993.0,49.93,210.3,53.3,157.0,210.3
2025-01-03 17:00:00,0.0,45.31,49.2,2.1,47.0,49.2
2025-01-03 18:00:00,0.0,0.0,17.7,0.3,17.4,17.7
2025-01-03 19:00:00,0.0,0.0,0.0,0.0,0.0,0.0
2025-01-03 20:00:00,0.0,0.0,0.0,0.0,0.0,0.0
2025-01-03 21:00:00,0.0,0.0,0.0,0.0,0.0,0.0
2025-01-03 22:00:00,0.0,0.0,0.0,0.0,0.0,0.0
2025-01-03 23:00:00,0.0,0.0,0.0,0.0,0.0,0.0
2025-01-04 00:00:00,0.0,0.0,0.0,0.0,0.0,0.0
2025-01-04 01:00:00,0.0,0.0,0.0,0.0,0.0,0.0
2025-01-04 02:00:00,0.0,0.0,0.0,0.0,0.0,0.0
2025-01-04 03:00:00,0.0,0.0,0.0,0.0,0.0,0.0
2025-01-04 04:00:00,0.0,0.0,0.0,0.0,0.0,0.0
2025-01-04 05:00:00,0.0,0.0,0.0,0.0,0.0,0.0
2025-01-04 06:00:00,6074.0,41.02,0.0,0.0,0.0,0.0
2025-01-04 07:00:00,16429.0,42.65,16.7,-0.1,16.8,16.7
2025-01-04 08:00:00,20762.0,49.22,178.3,68.8,109.5,178.3
2025-01-04 09:00:00,20812.0,53.83,353.2,183.8,169.4,353.2
2025-01-04 10:00:00,52270.0,56.7,459.3,228.4,230.9,459.3
2025-01-04 11:00:00,51300.0,52.01,640.5,390.0,250.5,640.5
2025-01-04 12:00:00,47020.0,56.32,524.0,196.6,327.4,524.0
2025-01-04 13:00:00,39570.0,59.04,603.3,293.4,310.0,603.3
2025-01-04 14:00:00,32840.0,56.36,586.8,322.1,264.7,586.8
2025-01-04 15:00:00,16120.0,51.43,570.0,385.5,184.5,570.0
2025-01-04 16:00:00,3466.0,49.24,444.8,303.4,141.5,444.8
2025-01-04 17:00:00,0.0,47.11,214.8,110.6,104.2,214.8
2025-01-04 18:00:00,0.0,0.0,12.0,-0.3,12.3,12.0
2025-01-04 19:00:00,0.0,0.0,0.0,0.0,0.0,0.0
2025-01-04 20:00:00,0.0,0.0,0.0,0.0,0.0,0.0
2025-01-04 21:00:00,0.0,0.0,0.0,0.0,0.0,0.0
2025-01-04 22:00:00,0.0,0.0,0.0,0.0,0.0,0.0
2025-01-04 23:00:00,0.0,0.0,0.0,0.0,0.0,0.0
2025-01-05 00:00:00,0.0,0.0,0.0,0.0,0.0,0.0
2025-01-05 01:00:00,0.0,0.0,0.0,0.0,0.0,0.0
2025-01-05 02:00:00,0.0,0.0,0.0,0.0,0.0,0.0
2025-01-05 03:00:00,0.0,0.0,0.0,0.0,0.0,0.0
2025-01-05 04:00:00,0.0,0.0,0.0,0.0,0.0,0.0
2025-01-05 05:00:00,0.0,0.0,0.0,0.0,0.0,0.0
2025-01-05 06:00:00,3600.0,40.46,0.0,0.0,0.0,0.0
2025-01-05 07:00:00,16736.0,44.39,22.3,0.7,21.6,22.3
2025-01-05 08:00:00,37540.0,50.43,198.3,88.2,110.1,198.3
2025-01-05 09:00:00,44640.0,53.98,448.7,301.9,146.7,448.7
2025-01-05 10:00:00,51070.0,58.39,642.7,476.6,166.1,642.7
2025-01-05 11:00:00,55370.0,62.5,784.2,599.0,185.1,784.2
2025-01-05 12:00:00,51460.0,62.53,883.5,695.1,188.4,883.5
2025-01-05 13:00:00,44590.0,61.28,892.7,709.7,183.0,892.7
2025-01-05 14:00:00,30737.0,56.56,816.7,648.2,168.5,816.7
2025-01-05 15:00:00,14779.0,51.63,670.3,517.4,153.0,670.3
2025-01-05 16:00:00,3488.0,49.44,468.8,329.6,139.2,468.8
2025-01-05 17:00:00,0.0,46.94,225.0,120.0,105.0,225.0
2025-01-05 18:00:00,0.0,0.0,21.3,0.9,20.4,21.3
2025-01-05 19:00:00,0.0,0.0,0.0,0.0,0.0,0.0
2025-01-05 20:00:00,0.0,0.0,0.0,0.0,0.0,0.0
2025-01-05 21:00:00,0.0,0.0,0.0,0.0,0.0,0.0
2025-01-05 22:00:00,0.0,0.0,0.0,0.0,0.0,0.0
2025-01-05 23:00:00,0.0,0.0,0.0,0.0,0.0,0.0
2025-01-06 00:00:00,0.0,0.0,0.0,0.0,0.0,0.0
2025-01-06 01:00:00,0.0,0.0,0.0,0.0,0.0,0.0
2025-01-06 02:00:00,0.0,0.0,0.0,0.0,0.0,0.0
2025-01-06 03:00:00,0.0,0.0,0.0,0.0,0.0,0.0
2025-01-06 04:00:00,0.0,0.0,0.0,0.0,0.0,0.0
2025-01-06 05:00:00,0.0,0.0,0.0,0.0,0.0,0.0
2025-01-06 06:00:00,2730.0,40.59,0.0,0.0,0.0,0.0
2025-01-06 07:00:00,9174.0,44.93,28.8,2.5,26.4,28.8
2025-01-06 08:00:00,13669.0,42.88,147.3,43.2,104.1,147.3
2025-01-06 09:00:00,44530.0,55.370000000000005,214.7,52.5,162.2,214.7
2025-01-06 10:00:00,47380.0,56.11,537.5,331.3,206.2,537.5
2025-01-06 11:00:00,23170.0,53.13,791.0,608.3,182.7,791.0
2025-01-06 12:00:00,56990.0,53.05,746.5,491.9,254.6,746.5
2025-01-06 13:00:00,42400.0,55.32,848.7,646.5,202.2,848.7
2025-01-06 14:00:00,29902.0,53.94,764.8,576.0,188.9,764.8
2025-01-06 15:00:00,13733.0,51.27,643.0,482.2,160.8,643.0
2025-01-06 16:00:00,3258.0,49.77,443.3,300.3,143.0,443.3
2025-01-06 17:00:00,0.0,46.73,194.3,89.1,105.3,194.3
2025-01-06 18:00:00,0.0,0.0,17.2,0.1,17.0,17.2
2025-01-06 19:00:00,0.0,0.0,0.0,0.0,0.0,0.0
2025-01-06 20:00:00,0.0,0.0,0.0,0.0,0.0,0.0
2025-01-06 21:00:00,0.0,0.0,0.0,0.0,0.0,0.0
2025-01-06 22:00:00,0.0,0.0,0.0,0.0,0.0,0.0
2025-01-06 23:00:00,0.0,0.0,0.0,0.0,0.0,0.0
2025-01-07 00:00:00,0.0,0.0,0.0,0.0,0.0,0.0
2025-01-07 01:00:00,0.0,0.0,0.0,0.0,0.0,0.0
2025-01-07 02:00:00,0.0,0.0,0.0,0.0,0.0,0.0
2025-01-07 03:00:00,0.0,0.0,0.0,0.0,0.0,0.0
2025-01-07 04:00:00,0.0,0.0,0.0,0.0,0.0,0.0
2025-01-07 05:00:00,0.0,0.0,0.0,0.0,0.0,0.0
2025-01-07 06:00:00,4214.0,40.12,0.0,0.0,0.0,0.0
2025-01-07 07:00:00,15751.0,44.45,43.7,9.7,34.0,43.7
2025-01-07 08:00:00,29666.0,48.94,250.2,140.6,109.6,250.2
2025-01-07 09:00:00,41580.0,54.53,468.8,326.1,142.7,468.8
2025-01-07 10:00:00,39450.0,55.32,651.7,488.6,163.1,651.7
2025-01-07 11:00:00,25446.0,53.72,728.2,517.3,210.9,728.2
2025-01-07 12:00:00,20511.0,53.01,582.2,262.1,320.1,582.2
2025-01-07 13:00:00,24323.0,54.99,475.8,147.5,328.4,475.8
2025-01-07 14:00:00,23485.0,52.11,566.7,291.3,275.4,566.7
2025-01-07 15:00:00,17886.0,53.88,383.0,146.4,236.6,383.0
2025-01-07 16:00:00,3509.0,50.33,255.3,86.1,169.2,255.3
2025-01-07 17:00:00,0.0,46.24,147.7,46.2,101.5,147.7
2025-01-07 18:00:00,0.0,0.0,19.7,0.5,19.2,19.7
2025-01-07 19:00:00,0.0,0.0,0.0,0.0,0.0,0.0
2025-01-07 20:00:00,0.0,0.0,0.0,0.0,0.0,0.0
2025-01-07 21:00:00,0.0,0.0,0.0,0.0,0.0,0.0
2025-01-07 22:00:00,0.0,0.0,0.0,0.0,0.0,0.0
2025-01-07 23:00:00,0.0,0.0,0.0,0.0,0.0,0.0
2025-01-08 00:00:00,0.0,0.0,0.0,0.0,0.0,0.0
2025-01-08 01:00:00,0.0,0.0,0.0,0.0,0.0,0.0
2025-01-08 02:00:00,0.0,0.0,0.0,0.0,0.0,0.0
2025-01-08 03:00:00,0.0,0.0,0.0,0.0,0.0,0.0
2025-01-08 04:00:00,0.0,0.0,0.0,0.0,0.0,0.0
2025-01-08 05:00:00,0.0,0.0,0.0,0.0,0.0,0.0
2025-01-08 06:00:00,4262.0,40.32,0.0,0.0,0.0,0.0
2025-01-08 07:00:00,15099.0,44.99,42.5,9.1,33.4,42.5
2025-01-08 08:00:00,29409.0,47.45,240.7,131.6,109.1,240.7
2025-01-08 09:00:00,14566.0,53.870000000000005,456.8,312.2,144.6,456.8
2025-01-08 10:00:00,13350.0,54.49,639.3,472.1,167.2,639.3
2025-01-08 11:00:00,51580.0,58.88,759.8,563.1,196.7,759.8
2025-01-08 12:00:00,48070.0,60.24,856.3,654.1,202.2,856.3
2025-01-08 13:00:00,42280.0,59.96,879.7,688.6,191.1,879.7
2025-01-08 14:00:00,19055.0,56.4,809.3,635.4,173.9,809.3
2025-01-08 15:00:00,17681.0,53.9,632.5,466.3,166.2,632.5
2025-01-08 16:00:00,3650.0,49.93,402.3,248.6,153.7,402.3
2025-01-08 17:00:00,0.0,46.41,216.3,109.8,106.5,216.3
2025-01-08 18:00:00,0.0,0.0,17.8,0.2,17.7,17.8
2025-01-08 19:00:00,0.0,0.0,0.0,0.0,0.0,0.0
2025-01-08 20:00:00,0.0,0.0,0.0,0.0,0.0,0.0
2025-01-08 21:00:00,0.0,0.0,0.0,0.0,0.0,0.0
2025-01-08 22:00:00,0.0,0.0,0.0,0.0,0.0,0.0
2025-01-08 23:00:00,0.0,0.0,0.0,0.0,0.0,0.0
2025-01-09 00:00:00,0.0,0.0,0.0,0.0,0.0,0.0
2025-01-09 01:00:00,0.0,0.0,0.0,0.0,0.0,0.0
2025-01-09 02:00:00,0.0,0.0,0.0,0.0,0.0,0.0
2025-01-09 03:00:00,0.0,0.0,0.0,0.0,0.0,0.0
2025-01-09 04:00:00,0.0,0.0,0.0,0.0,0.0,0.0
2025-01-09 05:00:00,0.0,0.0,0.0,0.0,0.0,0.0
2025-01-09 06:00:00,3342.0,39.6,0.0,0.0,0.0,0.0
2025-01-09 07:00:00,15358.0,44.51,43.8,10.0,33.8,43.8
2025-01-09 08:00:00,30704.0,48.24,240.7,131.7,108.9,240.7
2025-01-09 09:00:00,41650.0,53.870000000000005,460.2,316.2,143.9,460.2
2025-01-09 10:00:00,45270.0,54.71,648.7,484.5,164.2,648.7
2025-01-09 11:00:00,42730.0,54.67,797.0,615.5,181.5,797.0
2025-01-09 12:00:00,32840.0,57.77,767.8,521.0,246.8,767.8
2025-01-09 13:00:00,30388.0,54.91,681.2,393.7,287.4,681.2
2025-01-09 14:00:00,13520.0,51.03,656.8,413.7,243.1,656.8
2025-01-09 15:00:00,13204.0,52.5,541.0,338.8,202.2,541.0
2025-01-09 16:00:00,2680.0,51.09,410.2,257.4,152.7,410.2
2025-01-09 17:00:00,0.0,46.41,226.2,119.0,107.1,226.2
2025-01-09 18:00:00,0.0,0.0,29.7,3.2,26.5,29.7
2025-01-09 19:00:00,0.0,0.0,0.0,0.0,0.0,0.0
2025-01-09 20:00:00,0.0,0.0,0.0,0.0,0.0,0.0
2025-01-09 21:00:00,0.0,0.0,0.0,0.0,0.0,0.0
2025-01-09 22:00:00,0.0,0.0,0.0,0.0,0.0,0.0
2025-01-09 23:00:00,0.0,0.0,0.0,0.0,0.0,0.0
2025-01-10 00:00:00,0.0,0.0,0.0,0.0,0.0,0.0
2025-01-10 01:00:00,0.0,0.0,0.0,0.0,0.0,0.0
2025-01-10 02:00:00,0.0,0.0,0.0,0.0,0.0,0.0
2025-01-10 03:00:00,0.0,0.0,0.0,0.0,0.0,0.0
2025-01-10 04:00:00,0.0,0.0,0.0,0.0,0.0,0.0
2025-01-10 05:00:00,0.0,0.0,0.0,0.0,0.0,0.0
2025-01-10 06:00:00,2319.0,40.85,0.0,0.0,0.0,0.0
2025-01-10 07:00:00,6207.0,44.57,21.0,0.6,20.4,21.0
2025-01-10 08:00:00,15420.0,43.75,90.8,11.8,79.0,90.8
2025-01-10 09:00:00,27361.0,49.7,218.3,55.2,163.2,218.3
2025-01-10 10:00:00,42600.0,54.08,335.3,99.0,236.3,335.3
2025-01-10 11:00:00,41570.0,57.73,562.8,281.0,281.9,562.8
2025-01-10 12:00:00,47730.0,56.7,818.0,595.4,222.6,818.0
2025-01-10 13:00:00,41660.0,57.9,864.0,663.7,200.3,864.0
2025-01-10 14:00:00,35820.0,58.29,772.8,581.9,190.9,772.8
2025-01-10 15:00:00,12424.0,52.72,574.7,384.2,190.5,574.7
2025-01-10 16:00:00,3005.0,50.0,343.7,175.0,168.7,343.7
2025-01-10 17:00:00,0.0,47.45,142.0,40.6,101.4,142.0
2025-01-10 18:00:00,0.0,0.0,14.3,-0.2,14.6,14.3
2025-01-10 19:00:00,0.0,0.0,0.0,0.0,0.0,0.0
2025-01-10 20:00:00,0.0,0.0,0.0,0.0,0.0,0.0
2025-01-10 21:00:00,0.0,0.0,0.0,0.0,0.0,0.0
2025-01-10 22:00:00,0.0,0.0,0.0,0.0,0.0,0.0
2025-01-10 23:00:00,0.0,0.0,0.0,0.0,0.0,0.0
2025-01-11 00:00:00,0.0,0.0,0.0,0.0,0.0,0.0
2025-01-11 01:00:00,0.0,0.0,0.0,0.0,0.0,0.0
2025-01-11 02:00:00,0.0,0.0,0.0,0.0,0.0,0.0
2025-01-11 03:00:00,0.0,0.0,0.0,0.0,0.0,0.0
2025-01-11 04:00:00,0.0,0.0,0.0,0.0,0.0,0.0
2025-01-11 05:00:00,0.0,0.0,0.0,0.0,0.0,0.0
2025-01-11 06:00:00,3216.0,38.81,0.0,0.0,0.0,0.0
2025-01-11 07:00:00,13464.0,44.48,44.2,10.4,33.8,44.2
2025-01-11 08:00:00,27419.0,46.48,247.0,138.1,108.9,247.0
2025-01-11 09:00:00,19830.0,53.06,454.0,309.0,145.0,454.0
2025-01-11 10:00:00,55020.0,53.01,628.8,457.5,171.3,628.8
2025-01-11 11:00:00,52150.0,56.11,720.3,503.4,216.9,720.3
2025-01-11 12:00:00,49230.0,60.61,854.7,648.6,206.1,854.7
2025-01-11 13:00:00,40530.0,60.05,876.8,680.7,196.1,876.8
2025-01-11 14:00:00,33300.0,56.99,803.2,623.2,180.0,803.2
2025-01-11 15:00:00,11036.0,50.27,636.5,468.2,168.3,636.5
2025-01-11 16:00:00,3523.0,49.44,438.7,290.8,147.9,438.7
2025-01-11 17:00:00,0.0,45.7,212.5,104.0,108.5,212.5
2025-01-11 18:00:00,0.0,0.0,16.0,-0.1,16.1,16.0
2025-01-11 19:00:00,0.0,0.0,0.0,0.0,0.0,0.0
2025-01-11 20:00:00,0.0,0.0,0.0,0.0,0.0,0.0
2025-01-11 21:00:00,0.0,0.0,0.0,0.0,0.0,0.0
2025-01-11 22:00:00,0.0,0.0,0.0,0.0,0.0,0.0
2025-01-11 23:00:00,0.0,0.0,0.0,0.0,0.0,0.0
2025-01-12 00:00:00,0.0,0.0,0.0,0.0,0.0,0.0
2025-01-12 01:00:00,0.0,0.0,0.0,0.0,0.0,0.0
2025-01-12 02:00:00,0.0,0.0,0.0,0.0,0.0,0.0
2025-01-12 03:00:00,0.0,0.0,0.0,0.0,0.0,0.0
2025-01-12 04:00:00,0.0,0.0,0.0,0.0,0.0,0.0
2025-01-12 05:00:00,0.0,0.0,0.0,0.0,0.0,0.0
2025-01-12 06:00:00,2916.0,38.14,0.0,0.0,0.0,0.0
2025-01-12 07:00:00,15630.0,44.51,43.5,10.0,33.5,43.5
2025-01-12 08:00:00,31846.0,46.8,248.3,139.4,108.9,248.3
2025-01-12 09:00:00,43580.0,54.49,472.0,330.0,142.0,472.0
2025-01-12 10:00:00,50710.0,57.03,662.7,502.3,160.4,662.7
2025-01-12 11:00:00,53140.0,58.96,812.5,635.2,177.3,812.5
2025-01-12 12:00:00,50870.0,60.76,885.7,692.1,193.5,885.7
2025-01-12 13:00:00,53540.0,61.47,906.5,720.9,185.6,906.5
2025-01-12 14:00:00,37080.0,56.91,717.2,497.3,219.9,717.2
2025-01-12 15:00:00,15895.0,52.2,593.8,408.1,185.8,593.8
2025-01-12 16:00:00,3365.0,49.11,332.0,159.6,172.4,332.0
2025-01-12 17:00:00,0.0,46.38,205.3,96.1,109.2,205.3
2025-01-12 18:00:00,0.0,0.0,14.0,-0.3,14.3,14.0
2025-01-12 19:00:00,0.0,0.0,0.0,0.0,0.0,0.0
2025-01-12 20:00:00,0.0,0.0,0.0,0.0,0.0,0.0
2025-01-12 21:00:00,0.0,0.0,0.0,0.0,0.0,0.0
2025-01-12 22:00:00,0.0,0.0,0.0,0.0,0.0,0.0
2025-01-12 23:00:00,0.0,0.0,0.0,0.0,0.0,0.0
2025-01-13 00:00:00,0.0,0.0,0.0,0.0,0.0,0.0
2025-01-13 01:00:00,0.0,0.0,0.0,0.0,0.0,0.0
2025-01-13 02:00:00,0.0,0.0,0.0,0.0,0.0,0.0
2025-01-13 03:00:00,0.0,0.0,0.0,0.0,0.0,0.0
2025-01-13 04:00:00,0.0,0.0,0.0,0.0,0.0,0.0
2025-01-13 05:00:00,0.0,0.0,0.0,0.0,0.0,0.0
2025-01-13 06:00:00,3437.0,37.14,0.0,0.0,0.0,0.0
2025-01-13 07:00:00,15040.0,43.04,41.0,8.5,32.5,41.0
2025-01-13 08:00:00,31920.0,45.7,248.2,139.4,108.8,248.2
2025-01-13 09:00:00,35110.0,54.71,472.8,331.0,141.8,472.8
2025-01-13 10:00:00,48810.0,55.58,643.8,477.3,166.6,643.8
2025-01-13 11:00:00,45000.0,58.22,804.7,623.8,180.8,804.7
2025-01-13 12:00:00,52470.0,59.8,880.5,683.7,196.8,880.5
2025-01-13 13:00:00,45510.0,57.81,810.3,579.5,230.9,810.3
2025-01-13 14:00:00,29423.0,55.32,696.7,465.2,231.4,696.7
2025-01-13 15:00:00,14968.0,51.77,639.7,469.9,169.7,639.7
2025-01-13 16:00:00,4499.0,49.93,418.8,264.2,154.6,418.8
2025-01-13 17:00:00,0.0,46.62,161.0,54.0,107.0,161.0
2025-01-13 18:00:00,0.0,0.0,19.5,0.3,19.2,19.5
2025-01-13 19:00:00,0.0,0.0,0.0,0.0,0.0,0.0
2025-01-13 20:00:00,0.0,0.0,0.0,0.0,0.0,0.0
2025-01-13 21:00:00,0.0,0.0,0.0,0.0,0.0,0.0
2025-01-13 22:00:00,0.0,0.0,0.0,0.0,0.0,0.0
2025-01-13 23:00:00,0.0,0.0,0.0,0.0,0.0,0.0
2025-01-14 00:00:00,0.0,0.0,0.0,0.0,0.0,0.0
2025-01-14 01:00:00,0.0,0.0,0.0,0.0,0.0,0.0
2025-01-14 02:00:00,0.0,0.0,0.0,0.0,0.0,0.0
2025-01-14 03:00:00,0.0,0.0,0.0,0.0,0.0,0.0
2025-01-14 04:00:00,0.0,0.0,0.0,0.0,0.0,0.0
2025-01-14 05:00:00,0.0,0.0,0.0,0.0,0.0,0.0
2025-01-14 06:00:00,3155.0,39.37,0.0,0.0,0.0,0.0
2025-01-14 07:00:00,13887.0,44.18,43.2,9.9,33.2,43.2
2025-01-14 08:00:00,18385.0,45.92,228.8,120.6,108.2,228.8
2025-01-14 09:00:00,58940.0,51.49,414.3,260.3,154.0,414.3
2025-01-14 10:00:00,47200.0,55.54,512.5,295.8,216.7,512.5
2025-01-14 11:00:00,16390.0,58.22,781.3,590.2,191.1,781.3
2025-01-14 12:00:00,42920.0,54.96,811.5,580.5,231.0,811.5
2025-01-14 13:00:00,21444.0,52.67,700.7,413.8,286.9,700.7
2025-01-14 14:00:00,4741.0,51.54,458.8,157.3,301.5,458.8
2025-01-14 15:00:00,1232.0,49.04,254.8,43.4,211.5,254.8
2025-01-14 16:00:00,2484.0,47.11,127.7,12.3,115.4,127.7
2025-01-14 17:00:00,0.0,43.26,93.5,12.5,81.0,93.5
2025-01-14 18:00:00,0.0,0.0,4.7,-0.2,4.9,4.7
2025-01-14 19:00:00,0.0,0.0,0.0,0.0,0.0,0.0
2025-01-14 20:00:00,0.0,0.0,0.0,0.0,0.0,0.0
2025-01-14 21:00:00,0.0,0.0,0.0,0.0,0.0,0.0
2025-01-14 22:00:00,0.0,0.0,0.0,0.0,0.0,0.0
2025-01-14 23:00:00,0.0,0.0,0.0,0.0,0.0,0.0
2025-01-15 00:00:00,0.0,0.0,0.0,0.0,0.0,0.0
2025-01-15 01:00:00,0.0,0.0,0.0,0.0,0.0,0.0
2025-01-15 02:00:00,0.0,0.0,0.0,0.0,0.0,0.0
2025-01-15 03:00:00,0.0,0.0,0.0,0.0,0.0,0.0
2025-01-15 04:00:00,0.0,0.0,0.0,0.0,0.0,0.0
2025-01-15 05:00:00,0.0,0.0,0.0,0.0,0.0,0.0
2025-01-15 06:00:00,2488.0,40.65,0.0,0.0,0.0,0.0
2025-01-15 07:00:00,14175.0,44.9,36.7,6.2,30.5,36.7
2025-01-15 08:00:00,39940.0,48.81,180.5,72.7,107.8,180.5
2025-01-15 09:00:00,63740.0,54.53,385.7,224.5,161.2,385.7
2025-01-15 10:00:00,32238.0,55.79,610.0,430.4,179.6,610.0
2025-01-15 11:00:00,50690.0,56.86,735.7,522.8,212.9,735.7
2025-01-15 12:00:00,62610.0,59.07,691.7,400.4,291.3,691.7
2025-01-15 13:00:00,25698.0,58.51,763.8,505.6,258.2,763.8
2025-01-15 14:00:00,34040.0,54.53,646.0,387.6,258.4,646.0
2025-01-15 15:00:00,4334.0,49.57,544.5,334.6,209.9,544.5
2025-01-15 16:00:00,1395.0,49.28,480.8,337.8,143.0,480.8
2025-01-15 17:00:00,0.0,46.02,249.5,138.8,110.7,249.5
2025-01-15 18:00:00,0.0,0.0,38.7,6.5,32.2,38.7
2025-01-15 19:00:00,0.0,0.0,0.0,0.0,0.0,0.0
2025-01-15 20:00:00,0.0,0.0,0.0,0.0,0.0,0.0
2025-01-15 21:00:00,0.0,0.0,0.0,0.0,0.0,0.0
2025-01-15 22:00:00,0.0,0.0,0.0,0.0,0.0,0.0
2025-01-15 23:00:00,0.0,0.0,0.0,0.0,0.0,0.0
2025-01-16 00:00:00,0.0,0.0,0.0,0.0,0.0,0.0
2025-01-16 01:00:00,0.0,0.0,0.0,0.0,0.0,0.0
2025-01-16 02:00:00,0.0,0.0,0.0,0.0,0.0,0.0
2025-01-16 03:00:00,0.0,0.0,0.0,0.0,0.0,0.0
2025-01-16 04:00:00,0.0,0.0,0.0,0.0,0.0,0.0
2025-01-16 05:00:00,0.0,0.0,0.0,0.0,0.0,0.0
2025-01-16 06:00:00,4937.0,41.4,0.0,0.0,0.0,0.0
2025-01-16 07:00:00,14047.0,44.42,38.5,7.2,31.3,38.5
2025-01-16 08:00:00,34210.0,49.63,234.5,126.4,108.1,234.5
2025-01-16 09:00:00,45420.0,55.370000000000005,465.3,322.3,143.0,465.3
2025-01-16 10:00:00,48140.0,59.82,664.5,503.6,160.9,664.5
2025-01-16 11:00:00,50180.0,62.46,793.8,606.3,187.5,793.8
2025-01-16 12:00:00,53180.0,60.53,892.5,697.1,195.4,892.5
2025-01-16 13:00:00,42640.0,61.44,843.3,623.6,219.7,843.3
2025-01-16 14:00:00,33100.0,58.78,831.5,654.9,176.6,831.5
2025-01-16 15:00:00,14514.0,53.13,689.2,531.4,157.8,689.2
2025-01-16 16:00:00,3876.0,49.77,493.8,351.9,141.9,493.8
2025-01-16 17:00:00,0.0,46.62,217.7,105.8,111.9,217.7
2025-01-16 18:00:00,0.0,0.0,16.5,-0.1,16.6,16.5
2025-01-16 19:00:00,0.0,0.0,0.0,0.0,0.0,0.0
2025-01-16 20:00:00,0.0,0.0,0.0,0.0,0.0,0.0
2025-01-16 21:00:00,0.0,0.0,0.0,0.0,0.0,0.0
2025-01-16 22:00:00,0.0,0.0,0.0,0.0,0.0,0.0
2025-01-16 23:00:00,0.0,0.0,0.0,0.0,0.0,0.0
2025-01-17 00:00:00,0.0,0.0,0.0,0.0,0.0,0.0
2025-01-17 01:00:00,0.0,0.0,0.0,0.0,0.0,0.0
2025-01-17 02:00:00,0.0,0.0,0.0,0.0,0.0,0.0
2025-01-17 03:00:00,0.0,0.0,0.0,0.0,0.0,0.0
2025-01-17 04:00:00,0.0,0.0,0.0,0.0,0.0,0.0
2025-01-17 05:00:00,0.0,0.0,0.0,0.0,0.0,0.0
2025-01-17 06:00:00,5760.0,39.12,0.0,0.0,0.0,0.0
2025-01-17 07:00:00,16627.0,43.97,36.2,6.0,30.2,36.2
2025-01-17 08:00:00,34350.0,48.43,248.7,140.0,108.6,248.7
2025-01-17 09:00:00,36400.0,54.05,475.0,333.3,141.7,475.0
2025-01-17 10:00:00,51120.0,57.27,654.0,489.5,164.5,654.0
2025-01-17 11:00:00,47010.0,59.44,783.0,590.0,193.0,783.0
2025-01-17 12:00:00,54450.0,61.65,854.3,640.2,214.2,854.3
2025-01-17 13:00:00,38240.0,57.44,844.7,623.8,220.9,844.7
2025-01-17 14:00:00,22708.0,54.45,659.3,403.0,256.4,659.3
2025-01-17 15:00:00,18118.0,53.75,473.8,238.0,235.9,473.8
2025-01-17 16:00:00,6135.0,51.34,297.7,118.2,179.4,297.7
2025-01-17 17:00:00,0.0,47.63,130.8,30.3,100.5,130.8
2025-01-17 18:00:00,0.0,0.0,11.7,-0.4,12.0,11.7
2025-01-17 19:00:00,0.0,0.0,0.0,0.0,0.0,0.0
2025-01-17 20:00:00,0.0,0.0,0.0,0.0,0.0,0.0
2025-01-17 21:00:00,0.0,0.0,0.0,0.0,0.0,0.0
2025-01-17 22:00:00,0.0,0.0,0.0,0.0,0.0,0.0
2025-01-17 23:00:00,0.0,0.0,0.0,0.0,0.0,0.0
2025-01-18 00:00:00,0.0,0.0,0.0,0.0,0.0,0.0
2025-01-18 01:00:00,0.0,0.0,0.0,0.0,0.0,0.0
2025-01-18 02:00:00,0.0,0.0,0.0,0.0,0.0,0.0
2025-01-18 03:00:00,0.0,0.0,0.0,0.0,0.0,0.0
2025-01-18 04:00:00,0.0,0.0,0.0,0.0,0.0,0.0
2025-01-18 05:00:00,0.0,0.0,0.0,0.0,0.0,0.0
2025-01-18 06:00:00,3776.0,38.81,0.0,0.0,0.0,0.0
2025-01-18 07:00:00,7570.0,43.66,38.7,7.4,31.3,38.7
2025-01-18 08:00:00,35570.0,49.07,254.8,145.6,109.2,254.8
2025-01-18 09:00:00,41710.0,54.45,425.3,273.7,151.6,425.3
2025-01-18 10:00:00,23243.0,52.120000000000005,651.8,486.2,165.6,651.8
2025-01-18 11:00:00,52690.0,53.69,605.5,331.4,274.1,605.5
2025-01-18 12:00:00,48850.0,58.84,672.8,369.2,303.7,672.8
2025-01-18 13:00:00,42530.0,58.92,874.8,666.6,208.2,874.8
2025-01-18 14:00:00,30933.0,57.39,832.8,653.8,179.1,832.8
2025-01-18 15:00:00,15745.0,52.76,696.2,538.1,158.0,696.2
2025-01-18 16:00:00,3221.0,49.44,493.3,350.2,143.2,493.3
2025-01-18 17:00:00,0.0,47.45,257.8,145.4,112.4,257.8
2025-01-18 18:00:00,0.0,0.0,30.8,2.7,28.1,30.8
2025-01-18 19:00:00,0.0,0.0,0.0,0.0,0.0,0.0
2025-01-18 20:00:00,0.0,0.0,0.0,0.0,0.0,0.0
2025-01-18 21:00:00,0.0,0.0,0.0,0.0,0.0,0.0
2025-01-18 22:00:00,0.0,0.0,0.0,0.0,0.0,0.0
2025-01-18 23:00:00,0.0,0.0,0.0,0.0,0.0,0.0
2025-01-19 00:00:00,0.0,0.0,0.0,0.0,0.0,0.0
2025-01-19 01:00:00,0.0,0.0,0.0,0.0,0.0,0.0
2025-01-19 02:00:00,0.0,0.0,0.0,0.0,0.0,0.0
2025-01-19 03:00:00,0.0,0.0,0.0,0.0,0.0,0.0
2025-01-19 04:00:00,0.0,0.0,0.0,0.0,0.0,0.0
2025-01-19 05:00:00,0.0,0.0,0.0,0.0,0.0,0.0
2025-01-19 06:00:00,3034.0,40.52,0.0,0.0,0.0,0.0
2025-01-19 07:00:00,11417.0,44.69,34.8,5.4,29.4,34.8
2025-01-19 08:00:00,20110.0,46.13,179.8,72.3,107.5,179.8
2025-01-19 09:00:00,46150.0,55.85,356.0,187.7,168.3,356.0
2025-01-19 10:00:00,48980.0,55.64,610.3,429.0,181.3,610.3
2025-01-19 11:00:00,51310.0,57.52,793.3,602.8,190.5,793.3
2025-01-19 12:00:00,48980.0,58.18,884.2,680.9,203.3,884.2
2025-01-19 13:00:00,40930.0,58.35,857.3,638.8,218.5,857.3
2025-01-19 14:00:00,33770.0,55.28,801.7,608.3,193.3,801.7
2025-01-19 15:00:00,14811.0,51.13,679.2,515.0,164.1,679.2
2025-01-19 16:00:00,4887.0,50.9,455.3,303.7,151.6,455.3
2025-01-19 17:00:00,0.0,47.870000000000005,224.2,110.4,113.8,224.2
2025-01-19 18:00:00,0.0,0.0,25.2,1.1,24.1,25.2
2025-01-19 19:00:00,0.0,0.0,0.0,0.0,0.0,0.0
2025-01-19 20:00:00,0.0,0.0,0.0,0.0,0.0,0.0
2025-01-19 21:00:00,0.0,0.0,0.0,0.0,0.0,0.0
2025-01-19 22:00:00,0.0,0.0,0.0,0.0,0.0,0.0
2025-01-19 23:00:00,0.0,0.0,0.0,0.0,0.0,0.0
2025-01-20 00:00:00,0.0,0.0,0.0,0.0,0.0,0.0
2025-01-20 01:00:00,0.0,0.0,0.0,0.0,0.0,0.0
2025-01-20 02:00:00,0.0,0.0,0.0,0.0,0.0,0.0
2025-01-20 03:00:00,0.0,0.0,0.0,0.0,0.0,0.0
2025-01-20 04:00:00,0.0,0.0,0.0,0.0,0.0,0.0
2025-01-20 05:00:00,0.0,0.0,0.0,0.0,0.0,0.0
2025-01-20 06:00:00,2274.0,39.46,0.0,0.0,0.0,0.0
2025-01-20 07:00:00,14607.0,44.54,41.5,9.1,32.4,41.5
2025-01-20 08:00:00,29252.0,47.01,245.7,137.3,108.4,245.7
2025-01-20 09:00:00,26798.0,54.53,461.2,317.0,144.2,461.2
2025-01-20 10:00:00,39730.0,52.870000000000005,588.3,397.6,190.7,588.3
2025-01-20 11:00:00,35100.0,53.92,670.2,420.8,249.3,670.2
2025-01-20 12:00:00,43140.0,54.34,691.0,391.6,299.4,691.0
2025-01-20 13:00:00,42800.0,55.04,685.3,380.6,304.7,685.3
2025-01-20 14:00:00,34450.0,55.85,739.5,515.1,224.4,739.5
2025-01-20 15:00:00,14907.0,50.47,612.0,421.0,191.0,612.0
2025-01-20 16:00:00,4053.0,49.51,447.8,293.2,154.6,447.8
2025-01-20 17:00:00,0.0,46.76,221.0,106.4,114.6,221.0
2025-01-20 18:00:00,0.0,0.0,30.0,2.3,27.7,30.0
2025-01-20 19:00:00,0.0,0.0,0.0,0.0,0.0,0.0
2025-01-20 20:00:00,0.0,0.0,0.0,0.0,0.0,0.0
2025-01-20 21:00:00,0.0,0.0,0.0,0.0,0.0,0.0
2025-01-20 22:00:00,0.0,0.0,0.0,0.0,0.0,0.0
2025-01-20 23:00:00,0.0,0.0,0.0,0.0,0.0,0.0
2025-01-21 00:00:00,0.0,0.0,0.0,0.0,0.0,0.0
2025-01-21 01:00:00,0.0,0.0,0.0,0.0,0.0,0.0
2025-01-21 02:00:00,0.0,0.0,0.0,0.0,0.0,0.0
2025-01-21 03:00:00,0.0,0.0,0.0,0.0,0.0,0.0
2025-01-21 04:00:00,0.0,0.0,0.0,0.0,0.0,0.0
2025-01-21 05:00:00,0.0,0.0,0.0,0.0,0.0,0.0
2025-01-21 06:00:00,3315.0,39.29,0.0,0.0,0.0,0.0
2025-01-21 07:00:00,16859.0,44.78,40.8,8.7,32.1,40.8
2025-01-21 08:00:00,29876.0,46.76,242.5,134.3,108.2,242.5
2025-01-21 09:00:00,39990.0,54.370000000000005,461.7,317.4,144.2,461.7
2025-01-21 10:00:00,49750.0,55.370000000000005,661.7,497.8,163.9,661.7
2025-01-21 11:00:00,51980.0,58.63,810.3,624.9,185.5,810.3
2025-01-21 12:00:00,46390.0,58.76,886.3,680.9,205.4,886.3
2025-01-21 13:00:00,34710.0,58.43,874.8,660.9,213.9,874.8
2025-01-21 14:00:00,12500.0,54.71,800.7,603.2,197.5,800.7
2025-01-21 15:00:00,10650.0,52.33,646.0,467.1,178.9,646.0
2025-01-21 16:00:00,3177.0,50.27,483.7,336.6,147.0,483.7
2025-01-21 17:00:00,0.0,47.14,240.3,125.8,114.5,240.3
2025-01-21 18:00:00,0.0,0.0,25.7,1.1,24.5,25.7
2025-01-21 19:00:00,0.0,0.0,0.0,0.0,0.0,0.0
2025-01-21 20:00:00,0.0,0.0,0.0,0.0,0.0,0.0
2025-01-21 21:00:00,0.0,0.0,0.0,0.0,0.0,0.0
2025-01-21 22:00:00,0.0,0.0,0.0,0.0,0.0,0.0
2025-01-21 23:00:00,0.0,0.0,0.0,0.0,0.0,0.0
2025-01-22 00:00:00,0.0,0.0,0.0,0.0,0.0,0.0
2025-01-22 01:00:00,0.0,0.0,0.0,0.0,0.0,0.0
2025-01-22 02:00:00,0.0,0.0,0.0,0.0,0.0,0.0
2025-01-22 03:00:00,0.0,0.0,0.0,0.0,0.0,0.0
2025-01-22 04:00:00,0.0,0.0,0.0,0.0,0.0,0.0
2025-01-22 05:00:00,0.0,0.0,0.0,0.0,0.0,0.0
2025-01-22 06:00:00,4632.0,39.0,0.0,0.0,0.0,0.0
2025-01-22 07:00:00,14421.0,44.96,36.5,6.3,30.2,36.5
2025-01-22 08:00:00,29620.0,47.63,237.5,129.4,108.1,237.5
2025-01-22 09:00:00,40380.0,54.67,466.2,322.5,143.6,466.2
2025-01-22 10:00:00,45540.0,55.3,668.2,505.8,162.3,668.2
2025-01-22 11:00:00,51120.0,56.68,787.5,591.2,196.3,787.5
2025-01-22 12:00:00,39720.0,58.43,895.8,693.1,202.7,895.8
2025-01-22 13:00:00,21194.0,54.53,910.8,711.4,199.5,910.8
2025-01-22 14:00:00,9934.0,52.56,761.3,543.4,217.9,761.3
2025-01-22 15:00:00,16674.0,52.24,493.3,255.0,238.3,493.3
2025-01-22 16:00:00,7410.0,52.120000000000005,246.7,69.8,176.8,246.7
2025-01-22 17:00:00,0.0,47.870000000000005,104.5,15.6,88.9,104.5
2025-01-22 18:00:00,0.0,0.0,24.2,0.8,23.4,24.2
2025-01-22 19:00:00,0.0,0.0,0.0,0.0,0.0,0.0
2025-01-22 20:00:00,0.0,0.0,0.0,0.0,0.0,0.0
2025-01-22 21:00:00,0.0,0.0,0.0,0.0,0.0,0.0
2025-01-22 22:00:00,0.0,0.0,0.0,0.0,0.0,0.0
2025-01-22 23:00:00,0.0,0.0,0.0,0.0,0.0,0.0
2025-01-23 00:00:00,0.0,0.0,0.0,0.0,0.0,0.0
2025-01-23 01:00:00,0.0,0.0,0.0,0.0,0.0,0.0
2025-01-23 02:00:00,0.0,0.0,0.0,0.0,0.0,0.0
2025-01-23 03:00:00,0.0,0.0,0.0,0.0,0.0,0.0
2025-01-23 04:00:00,0.0,0.0,0.0,0.0,0.0,0.0
2025-01-23 05:00:00,0.0,0.0,0.0,0.0,0.0,0.0
2025-01-23 06:00:00,1663.0,39.74,0.0,0.0,0.0,0.0
2025-01-23 07:00:00,8205.0,44.3,17.8,0.1,17.7,17.8
2025-01-23 08:00:00,28253.0,46.66,135.3,35.6,99.7,135.3
2025-01-23 09:00:00,30545.0,54.71,345.3,174.2,171.2,345.3
2025-01-23 10:00:00,31977.0,55.04,577.5,380.4,197.1,577.5
2025-01-23 11:00:00,46400.0,53.91,732.5,509.0,223.5,732.5
2025-01-23 12:00:00,45550.0,53.28,677.0,366.7,310.3,677.0
2025-01-23 13:00:00,9708.0,50.74,547.5,201.8,345.7,547.5
2025-01-23 14:00:00,5564.0,50.2,418.3,110.8,307.5,418.3
2025-01-23 15:00:00,8546.0,50.78,316.0,75.2,240.8,316.0
2025-01-23 16:00:00,4516.0,49.44,265.0,83.8,181.2,265.0
2025-01-23 17:00:00,0.0,46.34,131.3,28.8,102.6,131.3
2025-01-23 18:00:00,0.0,0.0,34.0,3.4,30.6,34.0
2025-01-23 19:00:00,0.0,0.0,0.0,0.0,0.0,0.0
2025-01-23 20:00:00,0.0,0.0,0.0,0.0,0.0,0.0
2025-01-23 21:00:00,0.0,0.0,0.0,0.0,0.0,0.0
2025-01-23 22:00:00,0.0,0.0,0.0,0.0,0.0,0.0
2025-01-23 23:00:00,0.0,0.0,0.0,0.0,0.0,0.0
2025-01-24 00:00:00,0.0,0.0,0.0,0.0,0.0,0.0
2025-01-24 01:00:00,0.0,0.0,0.0,0.0,0.0,0.0
2025-01-24 02:00:00,0.0,0.0,0.0,0.0,0.0,0.0
2025-01-24 03:00:00,0.0,0.0,0.0,0.0,0.0,0.0
2025-01-24 04:00:00,0.0,0.0,0.0,0.0,0.0,0.0
2025-01-24 05:00:00,0.0,0.0,0.0,0.0,0.0,0.0
2025-01-24 06:00:00,3195.0,40.88,0.0,0.0,0.0,0.0
2025-01-24 07:00:00,12492.0,42.35,38.3,7.3,31.1,38.3
2025-01-24 08:00:00,25579.0,47.28,219.7,111.5,108.2,219.7
2025-01-24 09:00:00,40580.0,54.85,425.2,272.1,153.1,425.2
2025-01-24 10:00:00,42810.0,57.36,625.2,446.4,178.8,625.2
2025-01-24 11:00:00,46380.0,58.76,786.8,587.7,199.1,786.8
2025-01-24 12:00:00,19385.0,58.35,834.3,598.1,236.2,834.3
2025-01-24 13:00:00,14884.0,56.66,819.8,571.7,248.1,819.8
2025-01-24 14:00:00,17371.0,51.54,618.0,331.0,287.0,618.0
2025-01-24 15:00:00,11824.0,53.870000000000005,469.3,222.2,247.1,469.3
2025-01-24 16:00:00,4246.0,50.29,447.0,287.8,159.2,447.0
2025-01-24 17:00:00,0.0,46.58,214.7,97.1,117.5,214.7
2025-01-24 18:00:00,0.0,0.0,35.7,4.0,31.7,35.7
2025-01-24 19:00:00,0.0,0.0,0.0,0.0,0.0,0.0
2025-01-24 20:00:00,0.0,0.0,0.0,0.0,0.0,0.0
2025-01-24 21:00:00,0.0,0.0,0.0,0.0,0.0,0.0
2025-01-24 22:00:00,0.0,0.0,0.0,0.0,0.0,0.0
2025-01-24 23:00:00,0.0,0.0,0.0,0.0,0.0,0.0
2025-01-25 00:00:00,0.0,0.0,0.0,0.0,0.0,0.0
2025-01-25 01:00:00,0.0,0.0,0.0,0.0,0.0,0.0
2025-01-25 02:00:00,0.0,0.0,0.0,0.0,0.0,0.0
2025-01-25 03:00:00,0.0,0.0,0.0,0.0,0.0,0.0
2025-01-25 04:00:00,0.0,0.0,0.0,0.0,0.0,0.0
2025-01-25 05:00:00,0.0,0.0,0.0,0.0,0.0,0.0
2025-01-25 06:00:00,3209.0,40.46,0.0,0.0,0.0,0.0
2025-01-25 07:00:00,12970.0,44.78,38.5,7.4,31.1,38.5
2025-01-25 08:00:00,26004.0,45.85,242.5,134.1,108.4,242.5
2025-01-25 09:00:00,38210.0,55.04,443.0,293.9,149.1,443.0
2025-01-25 10:00:00,44640.0,56.36,640.3,466.6,173.8,640.3
2025-01-25 11:00:00,45550.0,58.35,808.7,617.9,190.8,808.7
2025-01-25 12:00:00,44600.0,59.92,895.2,687.0,208.1,895.2
2025-01-25 13:00:00,43680.0,53.16,904.8,697.0,207.8,904.8
2025-01-25 14:00:00,29761.0,54.89,713.7,466.0,247.7,713.7
2025-01-25 15:00:00,11956.0,51.08,635.8,446.5,189.4,635.8
2025-01-25 16:00:00,5801.0,51.51,398.5,224.9,173.6,398.5
2025-01-25 17:00:00,0.0,48.71,211.8,93.6,118.2,211.8
2025-01-25 18:00:00,0.0,0.0,27.3,1.3,26.0,27.3
2025-01-25 19:00:00,0.0,0.0,0.0,0.0,0.0,0.0
2025-01-25 20:00:00,0.0,0.0,0.0,0.0,0.0,0.0
2025-01-25 21:00:00,0.0,0.0,0.0,0.0,0.0,0.0
2025-01-25 22:00:00,0.0,0.0,0.0,0.0,0.0,0.0
2025-01-25 23:00:00,0.0,0.0,0.0,0.0,0.0,0.0
2025-01-26 00:00:00,0.0,0.0,0.0,0.0,0.0,0.0
2025-01-26 01:00:00,0.0,0.0,0.0,0.0,0.0,0.0
2025-01-26 02:00:00,0.0,0.0,0.0,0.0,0.0,0.0
2025-01-26 03:00:00,0.0,0.0,0.0,0.0,0.0,0.0
2025-01-26 04:00:00,0.0,0.0,0.0,0.0,0.0,0.0
2025-01-26 05:00:00,0.0,0.0,0.0,0.0,0.0,0.0
2025-01-26 06:00:00,1158.0,40.02,0.0,0.0,0.0,0.0
2025-01-26 07:00:00,10731.0,44.72,22.2,0.9,21.3,22.2
2025-01-26 08:00:00,23046.0,45.13,57.5,3.2,54.3,57.5
2025-01-26 09:00:00,36830.0,52.35,289.5,112.9,176.6,289.5
2025-01-26 10:00:00,49400.0,54.16,617.2,433.6,183.5,617.2
2025-01-26 11:00:00,25429.0,54.56,684.5,433.7,250.8,684.5
2025-01-26 12:00:00,44660.0,57.4,829.2,586.4,242.8,829.2
2025-01-26 13:00:00,40260.0,57.24,894.8,680.3,214.5,894.8
2025-01-26 14:00:00,28538.0,55.98,823.3,626.5,196.9,823.3
2025-01-26 15:00:00,17934.0,50.35,612.2,411.2,201.0,612.2
2025-01-26 16:00:00,5070.0,50.23,329.0,142.5,186.5,329.0
2025-01-26 17:00:00,0.0,46.76,144.5,36.0,108.5,144.5
2025-01-26 18:00:00,0.0,0.0,27.7,1.4,26.3,27.7
2025-01-26 19:00:00,0.0,0.0,0.0,0.0,0.0,0.0
2025-01-26 20:00:00,0.0,0.0,0.0,0.0,0.0,0.0
2025-01-26 21:00:00,0.0,0.0,0.0,0.0,0.0,0.0
2025-01-26 22:00:00,0.0,0.0,0.0,0.0,0.0,0.0
2025-01-26 23:00:00,0.0,0.0,0.0,0.0,0.0,0.0
2025-01-27 00:00:00,0.0,0.0,0.0,0.0,0.0,0.0
2025-01-27 01:00:00,0.0,0.0,0.0,0.0,0.0,0.0
2025-01-27 02:00:00,0.0,0.0,0.0,0.0,0.0,0.0
2025-01-27 03:00:00,0.0,0.0,0.0,0.0,0.0,0.0
2025-01-27 04:00:00,0.0,0.0,0.0,0.0,0.0,0.0
2025-01-27 05:00:00,0.0,0.0,0.0,0.0,0.0,0.0
2025-01-27 06:00:00,3393.0,39.49,0.0,0.0,0.0,0.0
2025-01-27 07:00:00,13852.0,44.15,30.2,3.3,26.9,30.2
2025-01-27 08:00:00,18094.0,43.41,190.5,81.9,108.6,190.5
2025-01-27 09:00:00,24780.0,50.45,392.5,230.0,162.5,392.5
2025-01-27 10:00:00,43320.0,54.16,607.8,419.7,188.2,607.8
2025-01-27 11:00:00,37760.0,53.870000000000005,800.2,603.1,197.1,800.2
2025-01-27 12:00:00,45160.0,56.65,851.5,618.2,233.3,851.5
2025-01-27 13:00:00,49130.0,58.86,630.8,293.5,337.3,630.8
2025-01-27 14:00:00,33790.0,57.07,598.0,298.5,299.5,598.0
2025-01-27 15:00:00,18987.0,51.73,465.2,213.0,252.1,465.2
2025-01-27 16:00:00,4561.0,50.35,409.3,236.3,173.0,409.3
2025-01-27 17:00:00,0.0,46.8,230.5,111.4,119.1,230.5
2025-01-27 18:00:00,0.0,0.0,29.3,1.7,27.6,29.3
2025-01-27 19:00:00,0.0,0.0,0.0,0.0,0.0,0.0
2025-01-27 20:00:00,0.0,0.0,0.0,0.0,0.0,0.0
2025-01-27 21:00:00,0.0,0.0,0.0,0.0,0.0,0.0
2025-01-27 22:00:00,0.0,0.0,0.0,0.0,0.0,0.0
2025-01-27 23:00:00,0.0,0.0,0.0,0.0,0.0,0.0
2025-01-28 00:00:00,0.0,0.0,0.0,0.0,0.0,0.0
2025-01-28 01:00:00,0.0,0.0,0.0,0.0,0.0,0.0
2025-01-28 02:00:00,0.0,0.0,0.0,0.0,0.0,0.0
2025-01-28 03:00:00,0.0,0.0,0.0,0.0,0.0,0.0
2025-01-28 04:00:00,0.0,0.0,0.0,0.0,0.0,0.0
2025-01-28 05:00:00,0.0,0.0,0.0,0.0,0.0,0.0
2025-01-28 06:00:00,2151.0,38.49,0.0,0.0,0.0,0.0
2025-01-28 07:00:00,14356.0,44.33,41.3,8.9,32.4,41.3
2025-01-28 08:00:00,32586.0,47.28,247.8,138.8,109.0,247.8
2025-01-28 09:00:00,37790.0,54.78,470.3,325.9,144.4,470.3
2025-01-28 10:00:00,50640.0,55.64,667.3,500.9,166.5,667.3
2025-01-28 11:00:00,48570.0,57.11,801.5,603.6,197.9,801.5
2025-01-28 12:00:00,53840.0,59.0,899.8,688.4,211.4,899.8
2025-01-28 13:00:00,45480.0,56.15,904.0,689.6,214.4,904.0
2025-01-28 14:00:00,37220.0,55.68,797.0,583.9,213.1,797.0
2025-01-28 15:00:00,12026.0,51.51,693.7,522.5,171.2,693.7
2025-01-28 16:00:00,4799.0,49.97,456.8,296.1,160.7,456.8
2025-01-28 17:00:00,0.0,46.17,275.5,158.1,117.4,275.5
2025-01-28 18:00:00,0.0,0.0,47.8,9.3,38.5,47.8
2025-01-28 19:00:00,0.0,0.0,0.0,0.0,0.0,0.0
2025-01-28 20:00:00,0.0,0.0,0.0,0.0,0.0,0.0
2025-01-28 21:00:00,0.0,0.0,0.0,0.0,0.0,0.0
2025-01-28 22:00:00,0.0,0.0,0.0,0.0,0.0,0.0
2025-01-28 23:00:00,0.0,0.0,0.0,0.0,0.0,0.0
2025-01-29 00:00:00,0.0,0.0,0.0,0.0,0.0,0.0
2025-01-29 01:00:00,0.0,0.0,0.0,0.0,0.0,0.0
2025-01-29 02:00:00,0.0,0.0,0.0,0.0,0.0,0.0
2025-01-29 03:00:00,0.0,0.0,0.0,0.0,0.0,0.0
2025-01-29 04:00:00,0.0,0.0,0.0,0.0,0.0,0.0
2025-01-29 05:00:00,0.0,0.0,0.0,0.0,0.0,0.0
2025-01-29 06:00:00,4782.0,37.17,0.0,0.0,0.0,0.0
2025-01-29 07:00:00,16416.0,43.13,38.2,7.1,31.1,38.2
2025-01-29 08:00:00,30059.0,46.76,243.0,134.1,108.9,243.0
2025-01-29 09:00:00,47540.0,55.47,465.2,319.4,145.7,465.2
2025-01-29 10:00:00,52370.0,56.82,667.8,500.7,167.1,667.8
2025-01-29 11:00:00,48760.0,58.31,842.3,660.1,182.2,842.3
2025-01-29 12:00:00,47730.0,59.56,938.3,741.9,196.4,938.3
2025-01-29 13:00:00,43330.0,56.74,927.5,721.8,205.7,927.5
2025-01-29 14:00:00,32332.0,56.91,865.3,680.5,184.9,865.3
2025-01-29 15:00:00,21093.0,51.97,666.5,483.4,183.1,666.5
2025-01-29 16:00:00,2131.0,49.02,548.7,405.9,142.8,548.7
2025-01-29 17:00:00,0.0,45.49,298.0,179.9,118.1,298.0
2025-01-29 18:00:00,0.0,0.0,43.2,6.7,36.4,43.2
2025-01-29 19:00:00,0.0,0.0,0.0,0.0,0.0,0.0
2025-01-29 20:00:00,0.0,0.0,0.0,0.0,0.0,0.0
2025-01-29 21:00:00,0.0,0.0,0.0,0.0,0.0,0.0
2025-01-29 22:00:00,0.0,0.0,0.0,0.0,0.0,0.0
2025-01-29 23:00:00,0.0,0.0,0.0,0.0,0.0,0.0
2025-01-30 00:00:00,0.0,0.0,0.0,0.0,0.0,0.0
2025-01-30 01:00:00,0.0,0.0,0.0,0.0,0.0,0.0
2025-01-30 02:00:00,0.0,0.0,0.0,0.0,0.0,0.0
2025-01-30 03:00:00,0.0,0.0,0.0,0.0,0.0,0.0
2025-01-30 04:00:00,0.0,0.0,0.0,0.0,0.0,0.0
2025-01-30 05:00:00,0.0,0.0,0.0,0.0,0.0,0.0
2025-01-30 06:00:00,5217.0,37.49,0.0,0.0,0.0,0.0
2025-01-30 07:00:00,15839.0,43.97,40.3,8.2,32.1,40.3
2025-01-30 08:00:00,25361.0,46.62,184.8,75.9,108.9,184.8
2025-01-30 09:00:00,44440.0,54.31,365.5,195.2,170.3,365.5
2025-01-30 10:00:00,54620.0,55.23,671.0,504.1,166.9,671.0
2025-01-30 11:00:00,20330.0,57.69,843.0,659.7,183.3,843.0
2025-01-30 12:00:00,57390.0,59.4,917.7,710.5,207.1,917.7
2025-01-30 13:00:00,35700.0,55.25,900.3,679.8,220.6,900.3
2025-01-30 14:00:00,20595.0,50.92,659.8,376.9,283.0,659.8
2025-01-30 15:00:00,5681.0,49.91,648.8,456.7,192.1,648.8
2025-01-30 16:00:00,1919.0,47.66,542.3,398.7,143.6,542.3
2025-01-30 17:00:00,0.0,44.81,297.7,179.3,118.3,297.7
2025-01-30 18:00:00,0.0,0.0,52.7,11.9,40.8,52.7
2025-01-30 19:00:00,0.0,0.0,0.0,0.0,0.0,0.0
2025-01-30 20:00:00,0.0,0.0,0.0,0.0,0.0,0.0
2025-01-30 21:00:00,0.0,0.0,0.0,0.0,0.0,0.0
2025-01-30 22:00:00,0.0,0.0,0.0,0.0,0.0,0.0
2025-01-30 23:00:00,0.0,0.0,0.0,0.0,0.0,0.0
2025-01-31 00:00:00,0.0,0.0,0.0,0.0,0.0,0.0
2025-01-31 01:00:00,0.0,0.0,0.0,0.0,0.0,0.0
2025-01-31 02:00:00,0.0,0.0,0.0,0.0,0.0,0.0
2025-01-31 03:00:00,0.0,0.0,0.0,0.0,0.0,0.0
2025-01-31 04:00:00,0.0,0.0,0.0,0.0,0.0,0.0
2025-01-31 05:00:00,0.0,0.0,0.0,0.0,0.0,0.0
2025-01-31 06:00:00,5701.0,37.79,0.0,0.0,0.0,0.0
2025-01-31 07:00:00,16321.0,44.6,37.8,6.8,31.1,37.8
2025-01-31 08:00:00,31623.0,47.65,246.7,137.3,109.4,246.7
2025-01-31 09:00:00,44450.0,54.42,472.8,327.8,145.1,472.8
2025-01-31 10:00:00,51060.0,56.7,670.8,503.0,167.8,670.8
2025-01-31 11:00:00,49740.0,59.23,828.5,637.9,190.6,828.5
2025-01-31 12:00:00,46480.0,60.86,893.2,672.4,220.7,893.2
2025-01-31 13:00:00,31724.0,60.43,886.8,657.2,229.6,886.8
2025-01-31 14:00:00,22679.0,54.34,759.0,520.5,238.5,759.0
2025-01-31 15:00:00,16276.0,52.620000000000005,470.3,213.5,256.8,470.3
2025-01-31 16:00:00,7039.0,52.61,390.8,208.8,182.1,390.8
2025-01-31 17:00:00,0.0,49.31,167.2,50.3,116.8,167.2
2025-01-31 18:00:00,0.0,0.0,14.3,-0.3,14.7,14.3
2025-01-31 19:00:00,0.0,0.0,0.0,0.0,0.0,0.0
2025-01-31 20:00:00,0.0,0.0,0.0,0.0,0.0,0.0
2025-01-31 21:00:00,0.0,0.0,0.0,0.0,0.0,0.0
2025-01-31 22:00:00,0.0,0.0,0.0,0.0,0.0,0.0
2025-01-31 23:00:00,0.0,0.0,0.0,0.0,0.0,0.0
2025-02-01 00:00:00,0.0,0.0,0.0,0.0,0.0,0.0
2025-02-01 01:00:00,0.0,0.0,0.0,0.0,0.0,0.0
2025-02-01 02:00:00,0.0,0.0,0.0,0.0,0.0,0.0
2025-02-01 03:00:00,0.0,0.0,0.0,0.0,0.0,0.0
2025-02-01 04:00:00,0.0,0.0,0.0,0.0,0.0,0.0
2025-02-01 05:00:00,0.0,0.0,0.0,0.0,0.0,0.0
2025-02-01 06:00:00,4299.0,38.38,0.0,0.0,0.0,0.0
2025-02-01 07:00:00,15313.0,44.99,40.3,8.1,32.2,40.3
2025-02-01 08:00:00,27508.0,47.18,236.5,127.1,109.4,236.5
2025-02-01 09:00:00,40070.0,54.63,459.3,311.0,148.3,459.3
2025-02-01 10:00:00,48190.0,54.27,654.2,479.4,174.8,654.2
2025-02-01 11:00:00,38780.0,55.55,805.5,603.1,202.4,805.5
2025-02-01 12:00:00,46500.0,58.18,890.0,665.5,224.5,890.0
2025-02-01 13:00:00,40240.0,58.02,905.0,682.1,222.9,905.0
2025-02-01 14:00:00,34960.0,56.98,815.5,602.8,212.7,815.5
2025-02-01 15:00:00,17940.0,51.81,632.3,429.7,202.6,632.3
2025-02-01 16:00:00,7091.0,50.66,492.5,337.7,154.8,492.5
2025-02-01 17:00:00,0.0,47.49,189.7,68.5,121.1,189.7
2025-02-01 18:00:00,0.0,0.0,28.8,1.4,27.4,28.8
2025-02-01 19:00:00,0.0,0.0,0.0,0.0,0.0,0.0
2025-02-01 20:00:00,0.0,0.0,0.0,0.0,0.0,0.0
2025-02-01 21:00:00,0.0,0.0,0.0,0.0,0.0,0.0
2025-02-01 22:00:00,0.0,0.0,0.0,0.0,0.0,0.0
2025-02-01 23:00:00,0.0,0.0,0.0,0.0,0.0,0.0
2025-02-02 00:00:00,0.0,0.0,0.0,0.0,0.0,0.0
2025-02-02 01:00:00,0.0,0.0,0.0,0.0,0.0,0.0
2025-02-02 02:00:00,0.0,0.0,0.0,0.0,0.0,0.0
2025-02-02 03:00:00,0.0,0.0,0.0,0.0,0.0,0.0
2025-02-02 04:00:00,0.0,0.0,0.0,0.0,0.0,0.0
2025-02-02 05:00:00,0.0,0.0,0.0,0.0,0.0,0.0
2025-02-02 06:00:00,3608.0,39.21,0.0,0.0,0.0,0.0
2025-02-02 07:00:00,16645.0,45.02,40.7,8.3,32.4,40.7
2025-02-02 08:00:00,31723.0,48.44,249.5,139.6,109.9,249.5
2025-02-02 09:00:00,44500.0,54.620000000000005,471.7,325.5,146.2,471.7
2025-02-02 10:00:00,49160.0,57.27,676.5,508.7,167.8,676.5
2025-02-02 11:00:00,51010.0,58.84,829.5,636.2,193.3,829.5
2025-02-02 12:00:00,48130.0,59.2,928.3,720.0,208.4,928.3
2025-02-02 13:00:00,43990.0,58.84,949.2,744.5,204.7,949.2
2025-02-02 14:00:00,32424.0,57.1,878.3,691.4,187.0,878.3
2025-02-02 15:00:00,18363.0,52.72,734.7,570.6,164.1,734.7
2025-02-02 16:00:00,5216.0,50.14,530.0,383.0,147.0,530.0
2025-02-02 17:00:00,0.0,47.870000000000005,277.2,157.3,119.9,277.2
2025-02-02 18:00:00,0.0,0.0,43.7,6.5,37.2,43.7
2025-02-02 19:00:00,0.0,0.0,0.0,0.0,0.0,0.0
2025-02-02 20:00:00,0.0,0.0,0.0,0.0,0.0,0.0
2025-02-02 21:00:00,0.0,0.0,0.0,0.0,0.0,0.0
2025-02-02 22:00:00,0.0,0.0,0.0,0.0,0.0,0.0
2025-02-02 23:00:00,0.0,0.0,0.0,0.0,0.0,0.0
2025-02-03 00:00:00,0.0,0.0,0.0,0.0,0.0,0.0
2025-02-03 01:00:00,0.0,0.0,0.0,0.0,0.0,0.0
2025-02-03 02:00:00,0.0,0.0,0.0,0.0,0.0,0.0
2025-02-03 03:00:00,0.0,0.0,0.0,0.0,0.0,0.0
2025-02-03 04:00:00,0.0,0.0,0.0,0.0,0.0,0.0
2025-02-03 05:00:00,0.0,0.0,0.0,0.0,0.0,0.0
2025-02-03 06:00:00,3819.0,39.96,0.0,0.0,0.0,0.0
2025-02-03 07:00:00,16486.0,44.75,40.2,7.9,32.3,40.2
2025-02-03 08:00:00,20098.0,47.73,220.3,110.2,110.2,220.3
2025-02-03 09:00:00,37640.0,53.83,420.3,261.0,159.3,420.3
2025-02-03 10:00:00,48940.0,56.4,652.7,475.1,177.5,652.7
2025-02-03 11:00:00,51690.0,59.36,838.2,646.9,191.3,838.2
2025-02-03 12:00:00,51440.0,61.09,924.2,711.8,212.4,924.2
2025-02-03 13:00:00,45470.0,57.6,926.2,708.8,217.3,926.2
2025-02-03 14:00:00,31746.0,56.64,851.3,651.1,200.3,851.3
2025-02-03 15:00:00,15519.0,51.97,726.0,557.9,168.1,726.0
2025-02-03 16:00:00,6240.0,49.83,513.3,362.0,151.3,513.3
2025-02-03 17:00:00,0.0,47.59,225.0,101.3,123.7,225.0
2025-02-03 18:00:00,0.0,0.0,38.8,4.4,34.5,38.8
2025-02-03 19:00:00,0.0,0.0,0.0,0.0,0.0,0.0
2025-02-03 20:00:00,0.0,0.0,0.0,0.0,0.0,0.0
2025-02-03 21:00:00,0.0,0.0,0.0,0.0,0.0,0.0
2025-02-03 22:00:00,0.0,0.0,0.0,0.0,0.0,0.0
2025-02-03 23:00:00,0.0,0.0,0.0,0.0,0.0,0.0
2025-02-04 00:00:00,0.0,0.0,0.0,0.0,0.0,0.0
2025-02-04 01:00:00,0.0,0.0,0.0,0.0,0.0,0.0
2025-02-04 02:00:00,0.0,0.0,0.0,0.0,0.0,0.0
2025-02-04 03:00:00,0.0,0.0,0.0,0.0,0.0,0.0
2025-02-04 04:00:00,0.0,0.0,0.0,0.0,0.0,0.0
2025-02-04 05:00:00,0.0,0.0,0.0,0.0,0.0,0.0
2025-02-04 06:00:00,4265.0,40.22,0.0,0.0,0.0,0.0
2025-02-04 07:00:00,15899.0,44.84,40.2,7.8,32.3,40.2
2025-02-04 08:00:00,28431.0,48.21,251.2,140.8,110.3,251.2
2025-02-04 09:00:00,41780.0,54.13,483.8,339.0,144.9,483.8
2025-02-04 10:00:00,49420.0,57.2,690.7,525.7,165.0,690.7
2025-02-04 11:00:00,52150.0,59.35,851.8,664.6,187.3,851.8
2025-02-04 12:00:00,51410.0,61.89,949.3,746.0,203.3,949.3
2025-02-04 13:00:00,44560.0,61.42,962.7,759.5,203.2,962.7
2025-02-04 14:00:00,32733.0,58.1,893.5,708.7,184.8,893.5
2025-02-04 15:00:00,18626.0,53.69,750.2,588.3,161.9,750.2
2025-02-04 16:00:00,4966.0,50.39,543.0,396.9,146.1,543.0
2025-02-04 17:00:00,0.0,48.14,291.5,171.3,120.2,291.5
2025-02-04 18:00:00,0.0,0.0,47.8,8.4,39.5,47.8
2025-02-04 19:00:00,0.0,0.0,0.0,0.0,0.0,0.0
2025-02-04 20:00:00,0.0,0.0,0.0,0.0,0.0,0.0
2025-02-04 21:00:00,0.0,0.0,0.0,0.0,0.0,0.0
2025-02-04 22:00:00,0.0,0.0,0.0,0.0,0.0,0.0
2025-02-04 23:00:00,0.0,0.0,0.0,0.0,0.0,0.0
2025-02-05 00:00:00,0.0,0.0,0.0,0.0,0.0,0.0
2025-02-05 01:00:00,0.0,0.0,0.0,0.0,0.0,0.0
2025-02-05 02:00:00,0.0,0.0,0.0,0.0,0.0,0.0
2025-02-05 03:00:00,0.0,0.0,0.0,0.0,0.0,0.0
2025-02-05 04:00:00,0.0,0.0,0.0,0.0,0.0,0.0
2025-02-05 05:00:00,0.0,0.0,0.0,0.0,0.0,0.0
2025-02-05 06:00:00,4044.0,39.52,0.0,0.0,0.0,0.0
2025-02-05 07:00:00,17370.0,44.48,42.0,8.8,33.2,42.0
2025-02-05 08:00:00,32461.0,48.94,257.5,146.6,110.9,257.5
2025-02-05 09:00:00,43530.0,54.56,490.5,346.3,144.2,490.5
2025-02-05 10:00:00,50230.0,57.97,697.3,533.5,163.9,697.3
2025-02-05 11:00:00,54110.0,61.14,854.5,666.7,187.8,854.5
2025-02-05 12:00:00,52990.0,63.13,951.0,746.4,204.6,951.0
2025-02-05 13:00:00,47140.0,62.49,967.2,763.7,203.4,967.2
2025-02-05 14:00:00,35300.0,59.98,904.2,721.5,182.6,904.2
2025-02-05 15:00:00,20313.0,55.17,763.3,603.9,159.4,763.3
2025-02-05 16:00:00,6707.0,49.53,558.5,414.0,144.5,558.5
2025-02-05 17:00:00,0.0,47.7,288.3,167.5,120.8,288.3
2025-02-05 18:00:00,0.0,0.0,43.8,6.3,37.5,43.8
2025-02-05 19:00:00,0.0,0.0,0.0,0.0,0.0,0.0
2025-02-05 20:00:00,0.0,0.0,0.0,0.0,0.0,0.0
2025-02-05 21:00:00,0.0,0.0,0.0,0.0,0.0,0.0
2025-02-05 22:00:00,0.0,0.0,0.0,0.0,0.0,0.0
2025-02-05 23:00:00,0.0,0.0,0.0,0.0,0.0,0.0
2025-02-06 00:00:00,0.0,0.0,0.0,0.0,0.0,0.0
2025-02-06 01:00:00,0.0,0.0,0.0,0.0,0.0,0.0
2025-02-06 02:00:00,0.0,0.0,0.0,0.0,0.0,0.0
2025-02-06 03:00:00,0.0,0.0,0.0,0.0,0.0,0.0
2025-02-06 04:00:00,0.0,0.0,0.0,0.0,0.0,0.0
2025-02-06 05:00:00,0.0,0.0,0.0,0.0,0.0,0.0
2025-02-06 06:00:00,4526.0,39.14,0.0,0.0,0.0,0.0
2025-02-06 07:00:00,17128.0,43.9,42.0,8.7,33.3,42.0
2025-02-06 08:00:00,30673.0,48.1,257.0,146.0,111.0,257.0
2025-02-06 09:00:00,44280.0,54.23,494.0,349.9,144.1,494.0
2025-02-06 10:00:00,51460.0,56.7,701.8,538.4,163.4,701.8
2025-02-06 11:00:00,55170.0,59.64,864.3,678.8,185.5,864.3
2025-02-06 12:00:00,52160.0,61.51,966.0,765.6,200.4,966.0
2025-02-06 13:00:00,38360.0,60.72,978.5,777.6,200.9,978.5
2025-02-06 14:00:00,34830.0,59.07,907.2,723.9,183.3,907.2
2025-02-06 15:00:00,17830.0,55.02,732.3,562.4,169.9,732.3
2025-02-06 16:00:00,4477.0,49.28,557.8,412.8,145.1,557.8
2025-02-06 17:00:00,110.0,47.01,297.7,176.8,120.9,297.7
2025-02-06 18:00:00,0.0,0.0,41.8,5.3,36.5,41.8
2025-02-06 19:00:00,0.0,0.0,0.0,0.0,0.0,0.0
2025-02-06 20:00:00,0.0,0.0,0.0,0.0,0.0,0.0
2025-02-06 21:00:00,0.0,0.0,0.0,0.0,0.0,0.0
2025-02-06 22:00:00,0.0,0.0,0.0,0.0,0.0,0.0
2025-02-06 23:00:00,0.0,0.0,0.0,0.0,0.0,0.0
2025-02-07 00:00:00,0.0,0.0,0.0,0.0,0.0,0.0
2025-02-07 01:00:00,0.0,0.0,0.0,0.0,0.0,0.0
2025-02-07 02:00:00,0.0,0.0,0.0,0.0,0.0,0.0
2025-02-07 03:00:00,0.0,0.0,0.0,0.0,0.0,0.0
2025-02-07 04:00:00,0.0,0.0,0.0,0.0,0.0,0.0
2025-02-07 05:00:00,0.0,0.0,0.0,0.0,0.0,0.0
2025-02-07 06:00:00,2405.0,38.95,0.0,0.0,0.0,0.0
2025-02-07 07:00:00,21320.0,43.93,46.2,11.2,35.0,46.2
2025-02-07 08:00:00,31071.0,48.43,248.8,137.7,111.1,248.8
2025-02-07 09:00:00,40120.0,53.57,497.8,353.9,144.0,497.8
2025-02-07 10:00:00,35810.0,54.34,702.3,538.0,164.3,702.3
2025-02-07 11:00:00,27207.0,53.870000000000005,764.2,530.3,233.8,764.2
2025-02-07 12:00:00,53750.0,56.85,710.5,382.7,327.8,710.5
2025-02-07 13:00:00,58140.0,59.32,834.0,558.7,275.3,834.0
2025-02-07 14:00:00,23892.0,55.59,678.0,385.0,293.0,678.0
2025-02-07 15:00:00,11317.0,51.92,482.3,217.8,264.5,482.3
2025-02-07 16:00:00,4039.0,51.09,421.0,238.9,182.1,421.0
2025-02-07 17:00:00,0.0,48.1,135.8,27.6,108.2,135.8
2025-02-07 18:00:00,0.0,0.0,50.8,9.6,41.2,50.8
2025-02-07 19:00:00,0.0,0.0,0.0,0.0,0.0,0.0
2025-02-07 20:00:00,0.0,0.0,0.0,0.0,0.0,0.0
2025-02-07 21:00:00,0.0,0.0,0.0,0.0,0.0,0.0
2025-02-07 22:00:00,0.0,0.0,0.0,0.0,0.0,0.0
2025-02-07 23:00:00,0.0,0.0,0.0,0.0,0.0,0.0
2025-02-08 00:00:00,0.0,0.0,0.0,0.0,0.0,0.0
2025-02-08 01:00:00,0.0,0.0,0.0,0.0,0.0,0.0
2025-02-08 02:00:00,0.0,0.0,0.0,0.0,0.0,0.0
2025-02-08 03:00:00,0.0,0.0,0.0,0.0,0.0,0.0
2025-02-08 04:00:00,0.0,0.0,0.0,0.0,0.0,0.0
2025-02-08 05:00:00,0.0,0.0,0.0,0.0,0.0,0.0
2025-02-08 06:00:00,3437.0,39.54,0.0,0.0,0.0,0.0
2025-02-08 07:00:00,8299.0,44.72,41.0,7.9,33.1,41.0
2025-02-08 08:00:00,32146.0,47.35,250.3,138.9,111.4,250.3
2025-02-08 09:00:00,44170.0,54.69,496.3,351.7,144.7,496.3
2025-02-08 10:00:00,51470.0,58.4,699.7,533.5,166.2,699.7
2025-02-08 11:00:00,48980.0,60.95,858.7,667.5,191.2,858.7
2025-02-08 12:00:00,48140.0,59.88,945.8,732.4,213.4,945.8
2025-02-08 13:00:00,31343.0,59.94,918.3,684.9,233.4,918.3
2025-02-08 14:00:00,30697.0,55.25,854.5,645.2,209.3,854.5
2025-02-08 15:00:00,22831.0,55.07,698.3,512.4,186.0,698.3
2025-02-08 16:00:00,8303.0,50.15,547.2,399.4,147.8,547.2
2025-02-08 17:00:00,0.0,49.14,265.2,141.0,124.2,265.2
2025-02-08 18:00:00,0.0,0.0,37.0,3.4,33.6,37.0
2025-02-08 19:00:00,0.0,0.0,0.0,0.0,0.0,0.0
2025-02-08 20:00:00,0.0,0.0,0.0,0.0,0.0,0.0
2025-02-08 21:00:00,0.0,0.0,0.0,0.0,0.0,0.0
2025-02-08 22:00:00,0.0,0.0,0.0,0.0,0.0,0.0
2025-02-08 23:00:00,0.0,0.0,0.0,0.0,0.0,0.0
2025-02-09 00:00:00,0.0,0.0,0.0,0.0,0.0,0.0
2025-02-09 01:00:00,0.0,0.0,0.0,0.0,0.0,0.0
2025-02-09 02:00:00,0.0,0.0,0.0,0.0,0.0,0.0
2025-02-09 03:00:00,0.0,0.0,0.0,0.0,0.0,0.0
2025-02-09 04:00:00,0.0,0.0,0.0,0.0,0.0,0.0
2025-02-09 05:00:00,0.0,0.0,0.0,0.0,0.0,0.0
2025-02-09 06:00:00,4460.0,37.88,0.0,0.0,0.0,0.0
2025-02-09 07:00:00,18146.0,44.51,46.0,10.8,35.2,46.0
2025-02-09 08:00:00,33190.0,47.52,258.5,146.6,111.9,258.5
2025-02-09 09:00:00,44720.0,54.91,489.3,342.9,146.5,489.3
2025-02-09 10:00:00,54340.0,56.82,691.7,521.6,170.1,691.7
2025-02-09 11:00:00,44030.0,58.47,840.8,640.1,200.7,840.8
2025-02-09 12:00:00,39970.0,56.7,840.8,571.1,269.7,840.8
2025-02-09 13:00:00,37150.0,57.24,838.5,560.2,278.3,838.5
2025-02-09 14:00:00,34420.0,55.38,713.7,432.0,281.7,713.7
2025-02-09 15:00:00,21173.0,54.9,705.7,521.2,184.5,705.7
2025-02-09 16:00:00,5723.0,50.81,554.0,406.8,147.2,554.0
2025-02-09 17:00:00,0.0,47.08,308.5,186.7,121.8,308.5
2025-02-09 18:00:00,0.0,0.0,57.0,13.0,44.0,57.0
2025-02-09 19:00:00,0.0,0.0,0.0,0.0,0.0,0.0
2025-02-09 20:00:00,0.0,0.0,0.0,0.0,0.0,0.0
2025-02-09 21:00:00,0.0,0.0,0.0,0.0,0.0,0.0
2025-02-09 22:00:00,0.0,0.0,0.0,0.0,0.0,0.0
2025-02-09 23:00:00,0.0,0.0,0.0,0.0,0.0,0.0
2025-02-10 00:00:00,0.0,0.0,0.0,0.0,0.0,0.0
2025-02-10 01:00:00,0.0,0.0,0.0,0.0,0.0,0.0
2025-02-10 02:00:00,0.0,0.0,0.0,0.0,0.0,0.0
2025-02-10 03:00:00,0.0,0.0,0.0,0.0,0.0,0.0
2025-02-10 04:00:00,0.0,0.0,0.0,0.0,0.0,0.0
2025-02-10 05:00:00,0.0,0.0,0.0,0.0,0.0,0.0
2025-02-10 06:00:00,2874.0,39.99,0.0,0.0,0.0,0.0
2025-02-10 07:00:00,15398.0,44.63,44.8,10.0,34.8,44.8
2025-02-10 08:00:00,37550.0,47.42,242.5,130.3,112.2,242.5
2025-02-10 09:00:00,48260.0,55.07,443.7,285.3,158.3,443.7
2025-02-10 10:00:00,53600.0,59.36,683.5,509.2,174.3,683.5
2025-02-10 11:00:00,53690.0,60.48,840.7,637.9,202.7,840.7
2025-02-10 12:00:00,52200.0,62.3,930.8,705.6,225.3,930.8
2025-02-10 13:00:00,26670.0,57.03,922.5,686.2,236.3,922.5
2025-02-10 14:00:00,20201.0,51.78,648.3,337.3,311.0,648.3
2025-02-10 15:00:00,14012.0,51.49,423.2,149.7,273.5,423.2
2025-02-10 16:00:00,5149.0,50.97,300.0,102.1,197.9,300.0
2025-02-10 17:00:00,0.0,48.74,139.2,28.8,110.4,139.2
2025-02-10 18:00:00,0.0,0.0,29.0,1.2,27.8,29.0
2025-02-10 19:00:00,0.0,0.0,0.0,0.0,0.0,0.0
2025-02-10 20:00:00,0.0,0.0,0.0,0.0,0.0,0.0
2025-02-10 21:00:00,0.0,0.0,0.0,0.0,0.0,0.0
2025-02-10 22:00:00,0.0,0.0,0.0,0.0,0.0,0.0
2025-02-10 23:00:00,0.0,0.0,0.0,0.0,0.0,0.0
2025-02-11 00:00:00,0.0,0.0,0.0,0.0,0.0,0.0
2025-02-11 01:00:00,0.0,0.0,0.0,0.0,0.0,0.0
2025-02-11 02:00:00,0.0,0.0,0.0,0.0,0.0,0.0
2025-02-11 03:00:00,0.0,0.0,0.0,0.0,0.0,0.0
2025-02-11 04:00:00,0.0,0.0,0.0,0.0,0.0,0.0
2025-02-11 05:00:00,0.0,0.0,0.0,0.0,0.0,0.0
2025-02-11 06:00:00,3067.0,41.7,0.0,0.0,0.0,0.0
2025-02-11 07:00:00,8294.0,44.63,34.2,4.3,29.9,34.2
2025-02-11 08:00:00,15420.0,45.28,204.5,90.9,113.6,204.5
2025-02-11 09:00:00,34240.0,53.06,350.7,169.3,181.4,350.7
2025-02-11 10:00:00,43760.0,53.92,530.3,293.2,237.2,530.3
2025-02-11 11:00:00,51100.0,57.56,638.8,339.5,299.3,638.8
2025-02-11 12:00:00,39810.0,54.2,801.5,505.9,295.6,801.5
2025-02-11 13:00:00,39910.0,57.73,721.0,381.4,339.6,721.0
2025-02-11 14:00:00,32631.0,54.66,610.3,285.3,325.0,610.3
2025-02-11 15:00:00,14558.0,51.5,343.3,80.9,262.5,343.3
2025-02-11 16:00:00,6178.0,51.24,213.0,39.7,173.3,213.0
2025-02-11 17:00:00,0.0,47.93,72.3,4.8,67.6,72.3
2025-02-11 18:00:00,0.0,0.0,21.3,0.1,21.3,21.3
2025-02-11 19:00:00,0.0,0.0,0.0,0.0,0.0,0.0
2025-02-11 20:00:00,0.0,0.0,0.0,0.0,0.0,0.0
2025-02-11 21:00:00,0.0,0.0,0.0,0.0,0.0,0.0
2025-02-11 22:00:00,0.0,0.0,0.0,0.0,0.0,0.0
2025-02-11 23:00:00,0.0,0.0,0.0,0.0,0.0,0.0
2025-02-12 00:00:00,0.0,0.0,0.0,0.0,0.0,0.0
2025-02-12 01:00:00,0.0,0.0,0.0,0.0,0.0,0.0
2025-02-12 02:00:00,0.0,0.0,0.0,0.0,0.0,0.0
2025-02-12 03:00:00,0.0,0.0,0.0,0.0,0.0,0.0
2025-02-12 04:00:00,0.0,0.0,0.0,0.0,0.0,0.0
2025-02-12 05:00:00,0.0,0.0,0.0,0.0,0.0,0.0
2025-02-12 06:00:00,3356.0,42.31,0.0,0.0,0.0,0.0
2025-02-12 07:00:00,5596.0,41.7,47.2,11.2,36.0,47.2
2025-02-12 08:00:00,11407.0,44.12,194.5,80.6,113.9,194.5
2025-02-12 09:00:00,15598.0,51.28,201.0,39.4,161.6,201.0
2025-02-12 10:00:00,26728.0,55.51,270.8,44.3,226.5,270.8
2025-02-12 11:00:00,44410.0,53.69,534.3,207.5,326.8,534.3
2025-02-12 12:00:00,43310.0,58.84,602.3,233.9,368.4,602.3
2025-02-12 13:00:00,34020.0,60.9,857.7,581.6,276.1,857.7
2025-02-12 14:00:00,37990.0,58.55,868.7,657.5,211.2,868.7
2025-02-12 15:00:00,21797.0,53.82,743.5,569.5,174.0,743.5
2025-02-12 16:00:00,7203.0,52.07,488.3,321.4,166.9,488.3
2025-02-12 17:00:00,0.0,47.28,241.3,113.1,128.2,241.3
2025-02-12 18:00:00,0.0,0.0,51.8,9.6,42.2,51.8
2025-02-12 19:00:00,0.0,0.0,0.0,0.0,0.0,0.0
2025-02-12 20:00:00,0.0,0.0,0.0,0.0,0.0,0.0
2025-02-12 21:00:00,0.0,0.0,0.0,0.0,0.0,0.0
2025-02-12 22:00:00,0.0,0.0,0.0,0.0,0.0,0.0
2025-02-12 23:00:00,0.0,0.0,0.0,0.0,0.0,0.0
2025-02-13 00:00:00,0.0,0.0,0.0,0.0,0.0,0.0
2025-02-13 01:00:00,0.0,0.0,0.0,0.0,0.0,0.0
2025-02-13 02:00:00,0.0,0.0,0.0,0.0,0.0,0.0
2025-02-13 03:00:00,0.0,0.0,0.0,0.0,0.0,0.0
2025-02-13 04:00:00,0.0,0.0,0.0,0.0,0.0,0.0
2025-02-13 05:00:00,0.0,0.0,0.0,0.0,0.0,0.0
2025-02-13 06:00:00,178.0,38.73,0.0,0.0,0.0,0.0
2025-02-13 07:00:00,1994.0,43.87,3.8,-0.2,4.0,3.8
2025-02-13 08:00:00,9441.0,44.96,28.2,0.5,27.7,28.2
2025-02-13 09:00:00,16305.0,44.78,127.3,10.9,116.4,127.3
2025-02-13 10:00:00,19010.0,48.68,224.3,24.0,200.3,224.3
2025-02-13 11:00:00,18166.0,49.61,267.5,19.9,247.6,267.5
2025-02-13 12:00:00,14218.0,51.78,233.2,5.8,227.4,233.2
2025-02-13 13:00:00,17980.0,52.91,302.8,19.9,283.0,302.8
2025-02-13 14:00:00,13571.0,51.93,258.5,14.8,243.7,258.5
2025-02-13 15:00:00,11918.0,51.32,190.8,11.2,179.7,190.8
2025-02-13 16:00:00,3024.0,50.08,189.3,28.0,161.3,189.3
2025-02-13 17:00:00,0.0,47.69,121.3,19.5,101.9,121.3
2025-02-13 18:00:00,0.0,0.0,43.7,5.6,38.1,43.7
2025-02-13 19:00:00,0.0,0.0,0.0,0.0,0.0,0.0
2025-02-13 20:00:00,0.0,0.0,0.0,0.0,0.0,0.0
2025-02-13 21:00:00,0.0,0.0,0.0,0.0,0.0,0.0
2025-02-13 22:00:00,0.0,0.0,0.0,0.0,0.0,0.0
2025-02-13 23:00:00,0.0,0.0,0.0,0.0,0.0,0.0
2025-02-14 00:00:00,0.0,0.0,0.0,0.0,0.0,0.0
2025-02-14 01:00:00,0.0,0.0,0.0,0.0,0.0,0.0
2025-02-14 02:00:00,0.0,0.0,0.0,0.0,0.0,0.0
2025-02-14 03:00:00,0.0,0.0,0.0,0.0,0.0,0.0
2025-02-14 04:00:00,0.0,0.0,0.0,0.0,0.0,0.0
2025-02-14 05:00:00,0.0,0.0,0.0,0.0,0.0,0.0
2025-02-14 06:00:00,973.0,41.67,0.0,0.0,0.0,0.0
2025-02-14 07:00:00,4680.0,44.93,22.5,0.6,21.9,22.5
2025-02-14 08:00:00,10808.0,42.56,97.0,12.9,84.1,97.0
2025-02-14 09:00:00,41330.0,51.2,215.7,47.1,168.6,215.7
2025-02-14 10:00:00,16492.0,52.870000000000005,400.8,138.7,262.2,400.8
2025-02-14 11:00:00,27167.0,56.23,488.0,156.7,331.3,488.0
2025-02-14 12:00:00,31669.0,59.43,768.7,449.2,319.4,768.7
2025-02-14 13:00:00,21636.0,57.11,832.8,538.2,294.6,832.8
2025-02-14 14:00:00,18326.0,54.08,802.0,552.9,249.1,802.0
2025-02-14 15:00:00,19832.0,53.89,619.8,389.4,230.4,619.8
2025-02-14 16:00:00,6936.0,51.19,454.7,275.1,179.6,454.7
2025-02-14 17:00:00,174.0,48.81,257.7,129.6,128.1,257.7
2025-02-14 18:00:00,0.0,0.0,48.5,7.7,40.8,48.5
2025-02-14 19:00:00,0.0,0.0,0.0,0.0,0.0,0.0
2025-02-14 20:00:00,0.0,0.0,0.0,0.0,0.0,0.0
2025-02-14 21:00:00,0.0,0.0,0.0,0.0,0.0,0.0
2025-02-14 22:00:00,0.0,0.0,0.0,0.0,0.0,0.0
2025-02-14 23:00:00,0.0,0.0,0.0,0.0,0.0,0.0
2025-02-15 00:00:00,0.0,0.0,0.0,0.0,0.0,0.0
2025-02-15 01:00:00,0.0,0.0,0.0,0.0,0.0,0.0
2025-02-15 02:00:00,0.0,0.0,0.0,0.0,0.0,0.0
2025-02-15 03:00:00,0.0,0.0,0.0,0.0,0.0,0.0
2025-02-15 04:00:00,0.0,0.0,0.0,0.0,0.0,0.0
2025-02-15 05:00:00,0.0,0.0,0.0,0.0,0.0,0.0
2025-02-15 06:00:00,2888.0,42.41,0.0,0.0,0.0,0.0
2025-02-15 07:00:00,7786.0,42.34,31.3,2.9,28.4,31.3
2025-02-15 08:00:00,7176.0,47.42,226.3,111.2,115.1,226.3
2025-02-15 09:00:00,51600.0,53.91,273.5,88.6,184.9,273.5
2025-02-15 10:00:00,29214.0,56.74,354.3,96.9,257.4,354.3
2025-02-15 11:00:00,22792.0,59.4,531.7,200.1,331.6,531.7
2025-02-15 12:00:00,59230.0,64.76,712.5,366.8,345.7,712.5
2025-02-15 13:00:00,24267.0,61.19,842.3,550.1,292.2,842.3
2025-02-15 14:00:00,14005.0,52.27,739.0,455.8,283.2,739.0
2025-02-15 15:00:00,22382.0,51.620000000000005,572.0,320.8,251.2,572.0
2025-02-15 16:00:00,4775.0,51.36,412.8,220.6,192.3,412.8
2025-02-15 17:00:00,223.0,48.58,233.7,103.7,130.0,233.7
2025-02-15 18:00:00,0.0,0.0,39.5,3.9,35.6,39.5
2025-02-15 19:00:00,0.0,0.0,0.0,0.0,0.0,0.0
2025-02-15 20:00:00,0.0,0.0,0.0,0.0,0.0,0.0
2025-02-15 21:00:00,0.0,0.0,0.0,0.0,0.0,0.0
2025-02-15 22:00:00,0.0,0.0,0.0,0.0,0.0,0.0
2025-02-15 23:00:00,0.0,0.0,0.0,0.0,0.0,0.0
2025-02-16 00:00:00,0.0,0.0,0.0,0.0,0.0,0.0
2025-02-16 01:00:00,0.0,0.0,0.0,0.0,0.0,0.0
2025-02-16 02:00:00,0.0,0.0,0.0,0.0,0.0,0.0
2025-02-16 03:00:00,0.0,0.0,0.0,0.0,0.0,0.0
2025-02-16 04:00:00,0.0,0.0,0.0,0.0,0.0,0.0
2025-02-16 05:00:00,0.0,0.0,0.0,0.0,0.0,0.0
2025-02-16 06:00:00,4037.0,41.99,0.0,0.0,0.0,0.0
2025-02-16 07:00:00,6048.0,41.51,20.8,0.3,20.5,20.8
2025-02-16 08:00:00,43330.0,46.83,122.8,24.3,98.5,122.8
2025-02-16 09:00:00,53640.0,56.09,368.7,186.0,182.7,368.7
2025-02-16 10:00:00,37370.0,55.59,631.5,426.8,204.7,631.5
2025-02-16 11:00:00,30888.0,55.68,764.5,511.1,253.4,764.5
2025-02-16 12:00:00,36470.0,54.69,536.5,159.4,377.1,536.5
2025-02-16 13:00:00,28910.0,55.47,602.5,222.3,380.2,602.5
2025-02-16 14:00:00,17509.0,57.9,620.7,289.2,331.4,620.7
2025-02-16 15:00:00,7167.0,49.97,519.5,250.7,268.8,519.5
2025-02-16 16:00:00,5822.0,50.35,113.3,6.2,107.1,113.3
2025-02-16 17:00:00,0.0,47.35,94.5,9.6,84.9,94.5
2025-02-16 18:00:00,0.0,0.0,52.8,9.8,43.0,52.8
2025-02-16 19:00:00,0.0,0.0,0.0,0.0,0.0,0.0
2025-02-16 20:00:00,0.0,0.0,0.0,0.0,0.0,0.0
2025-02-16 21:00:00,0.0,0.0,0.0,0.0,0.0,0.0
2025-02-16 22:00:00,0.0,0.0,0.0,0.0,0.0,0.0
2025-02-16 23:00:00,0.0,0.0,0.0,0.0,0.0,0.0
2025-02-17 00:00:00,0.0,0.0,0.0,0.0,0.0,0.0
2025-02-17 01:00:00,0.0,0.0,0.0,0.0,0.0,0.0
2025-02-17 02:00:00,0.0,0.0,0.0,0.0,0.0,0.0
2025-02-17 03:00:00,0.0,0.0,0.0,0.0,0.0,0.0
2025-02-17 04:00:00,0.0,0.0,0.0,0.0,0.0,0.0
2025-02-17 05:00:00,0.0,0.0,0.0,0.0,0.0,0.0
2025-02-17 06:00:00,4754.0,40.65,0.0,0.0,0.0,0.0
2025-02-17 07:00:00,19293.0,41.92,52.5,13.9,38.6,52.5
2025-02-17 08:00:00,37480.0,53.25,271.5,156.7,114.8,271.5
2025-02-17 09:00:00,48750.0,57.16,505.3,356.9,148.4,505.3
2025-02-17 10:00:00,56450.0,61.33,710.2,536.6,173.6,710.2
2025-02-17 11:00:00,62210.0,62.07,869.7,666.2,203.4,869.7
2025-02-17 12:00:00,21925.0,64.53,916.0,665.6,250.4,916.0
2025-02-17 13:00:00,55290.0,66.58,950.3,710.8,239.6,950.3
2025-02-17 14:00:00,10223.0,53.72,833.0,593.3,239.7,833.0
2025-02-17 15:00:00,12940.0,51.69,537.5,272.1,265.4,537.5
2025-02-17 16:00:00,6368.0,50.77,199.7,31.6,168.0,199.7
2025-02-17 17:00:00,0.0,48.88,200.3,71.0,129.3,200.3
2025-02-17 18:00:00,0.0,0.0,52.0,9.2,42.8,52.0
2025-02-17 19:00:00,0.0,0.0,0.0,0.0,0.0,0.0
2025-02-17 20:00:00,0.0,0.0,0.0,0.0,0.0,0.0
2025-02-17 21:00:00,0.0,0.0,0.0,0.0,0.0,0.0
2025-02-17 22:00:00,0.0,0.0,0.0,0.0,0.0,0.0
2025-02-17 23:00:00,0.0,0.0,0.0,0.0,0.0,0.0
2025-02-18 00:00:00,0.0,0.0,0.0,0.0,0.0,0.0
2025-02-18 01:00:00,0.0,0.0,0.0,0.0,0.0,0.0
2025-02-18 02:00:00,0.0,0.0,0.0,0.0,0.0,0.0
2025-02-18 03:00:00,0.0,0.0,0.0,0.0,0.0,0.0
2025-02-18 04:00:00,0.0,0.0,0.0,0.0,0.0,0.0
2025-02-18 05:00:00,0.0,0.0,0.0,0.0,0.0,0.0
2025-02-18 06:00:00,4829.0,42.4,0.0,0.0,0.0,0.0
2025-02-18 07:00:00,20613.0,42.91,45.8,9.5,36.3,45.8
2025-02-18 08:00:00,35190.0,53.18,264.3,149.1,115.2,264.3
2025-02-18 09:00:00,47300.0,56.7,500.5,350.3,150.2,500.5
2025-02-18 10:00:00,52930.0,57.64,703.8,526.5,177.4,703.8
2025-02-18 11:00:00,66410.0,63.99,844.2,626.6,217.6,844.2
2025-02-18 12:00:00,48990.0,59.23,907.2,649.5,257.7,907.2
2025-02-18 13:00:00,18065.0,52.26,629.2,248.9,380.2,629.2
2025-02-18 14:00:00,18877.0,55.17,400.5,74.2,326.3,400.5
2025-02-18 15:00:00,3549.0,50.66,666.8,451.1,215.7,666.8
2025-02-18 16:00:00,346.0,48.51,362.0,158.4,203.6,362.0
2025-02-18 17:00:00,0.0,44.27,106.8,13.3,93.5,106.8
2025-02-18 18:00:00,0.0,0.0,38.7,3.4,35.2,38.7
2025-02-18 19:00:00,0.0,0.0,0.0,0.0,0.0,0.0
2025-02-18 20:00:00,0.0,0.0,0.0,0.0,0.0,0.0
2025-02-18 21:00:00,0.0,0.0,0.0,0.0,0.0,0.0
2025-02-18 22:00:00,0.0,0.0,0.0,0.0,0.0,0.0
2025-02-18 23:00:00,0.0,0.0,0.0,0.0,0.0,0.0
2025-02-19 00:00:00,0.0,0.0,0.0,0.0,0.0,0.0
2025-02-19 01:00:00,0.0,0.0,0.0,0.0,0.0,0.0
2025-02-19 02:00:00,0.0,0.0,0.0,0.0,0.0,0.0
2025-02-19 03:00:00,0.0,0.0,0.0,0.0,0.0,0.0
2025-02-19 04:00:00,0.0,0.0,0.0,0.0,0.0,0.0
2025-02-19 05:00:00,0.0,0.0,0.0,0.0,0.0,0.0
2025-02-19 06:00:00,3792.0,41.86,0.0,0.0,0.0,0.0
2025-02-19 07:00:00,5500.0,44.27,11.2,-0.4,11.5,11.2
2025-02-19 08:00:00,12941.0,42.82,85.2,8.6,76.6,85.2
2025-02-19 09:00:00,29378.0,53.06,120.0,8.7,111.3,120.0
2025-02-19 10:00:00,42280.0,55.85,452.0,186.0,266.0,452.0
2025-02-19 11:00:00,36510.0,58.99,585.7,255.6,330.1,585.7
2025-02-19 12:00:00,23860.0,54.23,689.8,327.4,362.4,689.8
2025-02-19 13:00:00,21856.0,54.94,690.2,322.0,368.2,690.2
2025-02-19 14:00:00,18767.0,55.21,609.5,270.0,339.5,609.5
2025-02-19 15:00:00,17985.0,52.4,335.5,70.5,265.0,335.5
2025-02-19 16:00:00,11876.0,54.1,333.3,127.8,205.5,333.3
2025-02-19 17:00:00,0.0,49.2,102.2,11.7,90.4,102.2
2025-02-19 18:00:00,0.0,0.0,7.8,-0.3,8.1,7.8
2025-02-19 19:00:00,0.0,0.0,0.0,0.0,0.0,0.0
2025-02-19 20:00:00,0.0,0.0,0.0,0.0,0.0,0.0
2025-02-19 21:00:00,0.0,0.0,0.0,0.0,0.0,0.0
2025-02-19 22:00:00,0.0,0.0,0.0,0.0,0.0,0.0
2025-02-19 23:00:00,0.0,0.0,0.0,0.0,0.0,0.0
2025-02-20 00:00:00,0.0,0.0,0.0,0.0,0.0,0.0
2025-02-20 01:00:00,0.0,0.0,0.0,0.0,0.0,0.0
2025-02-20 02:00:00,0.0,0.0,0.0,0.0,0.0,0.0
2025-02-20 03:00:00,0.0,0.0,0.0,0.0,0.0,0.0
2025-02-20 04:00:00,0.0,0.0,0.0,0.0,0.0,0.0
2025-02-20 05:00:00,0.0,0.0,0.0,0.0,0.0,0.0
2025-02-20 06:00:00,4368.0,40.55,0.0,0.0,0.0,0.0
2025-02-20 07:00:00,23848.0,43.87,50.5,12.1,38.4,50.5
2025-02-20 08:00:00,37950.0,53.0,269.2,153.1,116.1,269.2
2025-02-20 09:00:00,47280.0,55.94,498.0,345.4,152.6,498.0
2025-02-20 10:00:00,59920.0,59.6,701.5,520.2,181.3,701.5
2025-02-20 11:00:00,60380.0,63.53,852.2,634.0,218.1,852.2
2025-02-20 12:00:00,54310.0,65.86,960.8,726.0,234.8,960.8
2025-02-20 13:00:00,47880.0,64.98,972.2,736.4,235.8,972.2
2025-02-20 14:00:00,15403.0,52.42,875.0,650.4,224.6,875.0
2025-02-20 15:00:00,10130.0,51.65,468.0,185.6,282.4,468.0
2025-02-20 16:00:00,7010.0,51.4,305.5,101.2,204.3,305.5
2025-02-20 17:00:00,0.0,48.91,184.5,56.9,127.6,184.5
2025-02-20 18:00:00,0.0,0.0,58.0,12.2,45.8,58.0
2025-02-20 19:00:00,0.0,0.0,0.0,0.0,0.0,0.0
2025-02-20 20:00:00,0.0,0.0,0.0,0.0,0.0,0.0
2025-02-20 21:00:00,0.0,0.0,0.0,0.0,0.0,0.0
2025-02-20 22:00:00,0.0,0.0,0.0,0.0,0.0,0.0
2025-02-20 23:00:00,0.0,0.0,0.0,0.0,0.0,0.0
2025-02-21 00:00:00,0.0,0.0,0.0,0.0,0.0,0.0
2025-02-21 01:00:00,0.0,0.0,0.0,0.0,0.0,0.0
2025-02-21 02:00:00,0.0,0.0,0.0,0.0,0.0,0.0
2025-02-21 03:00:00,0.0,0.0,0.0,0.0,0.0,0.0
2025-02-21 04:00:00,0.0,0.0,0.0,0.0,0.0,0.0
2025-02-21 05:00:00,0.0,0.0,0.0,0.0,0.0,0.0
2025-02-21 06:00:00,4033.0,42.53,0.0,0.0,0.0,0.0
2025-02-21 07:00:00,20030.0,42.91,56.5,15.9,40.6,56.5
2025-02-21 08:00:00,44480.0,50.82,261.2,144.3,116.9,261.2
2025-02-21 09:00:00,32135.0,55.120000000000005,462.3,298.8,163.6,462.3
2025-02-21 10:00:00,58480.0,59.48,649.2,443.7,205.5,649.2
2025-02-21 11:00:00,42760.0,60.1,779.7,522.2,257.4,779.7
2025-02-21 12:00:00,19176.0,55.25,764.0,425.0,339.0,764.0
2025-02-21 13:00:00,61380.0,57.85,592.7,203.7,388.9,592.7
2025-02-21 14:00:00,8053.0,49.870000000000005,689.5,371.9,317.6,689.5
2025-02-21 15:00:00,14553.0,55.04,263.7,31.7,231.9,263.7
2025-02-21 16:00:00,2716.0,48.54,261.2,65.8,195.4,261.2
2025-02-21 17:00:00,0.0,44.96,87.2,7.5,79.6,87.2
2025-02-21 18:00:00,0.0,0.0,48.0,6.8,41.2,48.0
2025-02-21 19:00:00,0.0,0.0,0.0,0.0,0.0,0.0
2025-02-21 20:00:00,0.0,0.0,0.0,0.0,0.0,0.0
2025-02-21 21:00:00,0.0,0.0,0.0,0.0,0.0,0.0
2025-02-21 22:00:00,0.0,0.0,0.0,0.0,0.0,0.0
2025-02-21 23:00:00,0.0,0.0,0.0,0.0,0.0,0.0
2025-02-22 00:00:00,0.0,0.0,0.0,0.0,0.0,0.0
2025-02-22 01:00:00,0.0,0.0,0.0,0.0,0.0,0.0
2025-02-22 02:00:00,0.0,0.0,0.0,0.0,0.0,0.0
2025-02-22 03:00:00,0.0,0.0,0.0,0.0,0.0,0.0
2025-02-22 04:00:00,0.0,0.0,0.0,0.0,0.0,0.0
2025-02-22 05:00:00,0.0,0.0,0.0,0.0,0.0,0.0
2025-02-22 06:00:00,4377.0,41.51,0.0,0.0,0.0,0.0
2025-02-22 07:00:00,11912.0,44.21,49.3,10.9,38.4,49.3
2025-02-22 08:00:00,25422.0,46.06,192.3,73.5,118.8,192.3
2025-02-22 09:00:00,37240.0,54.89,176.7,25.2,151.4,176.7
2025-02-22 10:00:00,28870.0,53.21,479.5,213.2,266.3,479.5
2025-02-22 11:00:00,15940.0,51.22,448.5,112.3,336.2,448.5
2025-02-22 12:00:00,21975.0,53.02,309.8,20.3,289.5,309.8
2025-02-22 13:00:00,17105.0,51.55,338.3,28.5,309.8,338.3
2025-02-22 14:00:00,15257.0,52.04,365.7,51.8,313.9,365.7
2025-02-22 15:00:00,5023.0,48.91,332.7,67.1,265.6,332.7
2025-02-22 16:00:00,2047.0,47.6,328.0,120.9,207.1,328.0
2025-02-22 17:00:00,277.0,46.41,198.0,67.4,130.6,198.0
2025-02-22 18:00:00,0.0,0.0,27.2,0.6,26.5,27.2
2025-02-22 19:00:00,0.0,0.0,0.0,0.0,0.0,0.0
2025-02-22 20:00:00,0.0,0.0,0.0,0.0,0.0,0.0
2025-02-22 21:00:00,0.0,0.0,0.0,0.0,0.0,0.0
2025-02-22 22:00:00,0.0,0.0,0.0,0.0,0.0,0.0
2025-02-22 23:00:00,0.0,0.0,0.0,0.0,0.0,0.0
2025-02-23 00:00:00,0.0,0.0,0.0,0.0,0.0,0.0
2025-02-23 01:00:00,0.0,0.0,0.0,0.0,0.0,0.0
2025-02-23 02:00:00,0.0,0.0,0.0,0.0,0.0,0.0
2025-02-23 03:00:00,0.0,0.0,0.0,0.0,0.0,0.0
2025-02-23 04:00:00,0.0,0.0,0.0,0.0,0.0,0.0
2025-02-23 05:00:00,0.0,0.0,0.0,0.0,0.0,0.0
2025-02-23 06:00:00,1702.0,41.76,0.0,0.0,0.0,0.0
2025-02-23 07:00:00,15823.0,41.54,39.7,5.6,34.1,39.7
2025-02-23 08:00:00,30942.0,50.57,143.5,34.7,108.8,143.5
2025-02-23 09:00:00,39210.0,55.120000000000005,341.7,148.5,193.1,341.7
2025-02-23 10:00:00,45600.0,55.64,482.7,215.4,267.2,482.7
2025-02-23 11:00:00,29924.0,53.06,644.0,321.9,322.1,644.0
2025-02-23 12:00:00,29954.0,53.96,405.2,57.6,347.5,405.2
2025-02-23 13:00:00,19035.0,54.6,445.0,78.6,366.4,445.0
2025-02-23 14:00:00,26549.0,52.77,361.2,49.0,312.2,361.2
2025-02-23 15:00:00,14845.0,51.36,406.5,122.3,284.2,406.5
2025-02-23 16:00:00,4413.0,49.41,329.2,121.5,207.7,329.2
2025-02-23 17:00:00,0.0,48.45,89.2,7.9,81.2,89.2
2025-02-23 18:00:00,0.0,0.0,19.5,-0.1,19.6,19.5
2025-02-23 19:00:00,0.0,0.0,0.0,0.0,0.0,0.0
2025-02-23 20:00:00,0.0,0.0,0.0,0.0,0.0,0.0
2025-02-23 21:00:00,0.0,0.0,0.0,0.0,0.0,0.0
2025-02-23 22:00:00,0.0,0.0,0.0,0.0,0.0,0.0
2025-02-23 23:00:00,0.0,0.0,0.0,0.0,0.0,0.0
2025-02-24 00:00:00,0.0,0.0,0.0,0.0,0.0,0.0
2025-02-24 01:00:00,0.0,0.0,0.0,0.0,0.0,0.0
2025-02-24 02:00:00,0.0,0.0,0.0,0.0,0.0,0.0
2025-02-24 03:00:00,0.0,0.0,0.0,0.0,0.0,0.0
2025-02-24 04:00:00,0.0,0.0,0.0,0.0,0.0,0.0
2025-02-24 05:00:00,0.0,0.0,0.0,0.0,0.0,0.0
2025-02-24 06:00:00,4234.0,40.65,0.0,0.0,0.0,0.0
2025-02-24 07:00:00,15539.0,42.37,39.3,5.3,34.0,39.3
2025-02-24 08:00:00,26310.0,49.84,193.7,73.6,120.1,193.7
2025-02-24 09:00:00,39560.0,55.51,351.7,158.5,193.2,351.7
2025-02-24 10:00:00,38980.0,56.61,555.7,306.3,249.4,555.7
2025-02-24 11:00:00,30061.0,59.03,699.2,395.9,303.3,699.2
2025-02-24 12:00:00,75210.0,53.02,751.7,400.1,351.6,751.7
2025-02-24 13:00:00,10585.0,54.71,472.3,95.7,376.6,472.3
2025-02-24 14:00:00,36430.0,57.77,551.8,196.4,355.4,551.8
2025-02-24 15:00:00,12349.0,52.57,717.2,516.0,201.1,717.2
2025-02-24 16:00:00,11603.0,51.38,470.2,286.8,183.4,470.2
2025-02-24 17:00:00,285.0,49.7,289.3,160.2,129.2,289.3
2025-02-24 18:00:00,0.0,0.0,54.8,9.9,44.9,54.8
2025-02-24 19:00:00,0.0,0.0,0.0,0.0,0.0,0.0
2025-02-24 20:00:00,0.0,0.0,0.0,0.0,0.0,0.0
2025-02-24 21:00:00,0.0,0.0,0.0,0.0,0.0,0.0
2025-02-24 22:00:00,0.0,0.0,0.0,0.0,0.0,0.0
2025-02-24 23:00:00,0.0,0.0,0.0,0.0,0.0,0.0
2025-02-25 00:00:00,0.0,0.0,0.0,0.0,0.0,0.0
2025-02-25 01:00:00,0.0,0.0,0.0,0.0,0.0,0.0
2025-02-25 02:00:00,0.0,0.0,0.0,0.0,0.0,0.0
2025-02-25 03:00:00,0.0,0.0,0.0,0.0,0.0,0.0
2025-02-25 04:00:00,0.0,0.0,0.0,0.0,0.0,0.0
2025-02-25 05:00:00,0.0,0.0,0.0,0.0,0.0,0.0
2025-02-25 06:00:00,3227.0,41.86,0.0,0.0,0.0,0.0
2025-02-25 07:00:00,11659.0,44.18,31.8,2.4,29.4,31.8
2025-02-25 08:00:00,24323.0,47.53,153.2,40.4,112.8,153.2
2025-02-25 09:00:00,38310.0,55.64,316.8,121.1,195.7,316.8
2025-02-25 10:00:00,37310.0,55.34,655.8,445.9,209.9,655.8
2025-02-25 11:00:00,23622.0,58.06,774.0,503.8,270.2,774.0
2025-02-25 12:00:00,30499.0,52.98,725.8,362.0,363.8,725.8
2025-02-25 13:00:00,24361.0,53.43,471.3,94.3,377.1,471.3
2025-02-25 14:00:00,15097.0,52.64,458.8,109.8,349.1,458.8
2025-02-25 15:00:00,7088.0,49.61,435.5,147.6,287.9,435.5
2025-02-25 16:00:00,3793.0,49.54,234.0,47.4,186.6,234.0
2025-02-25 17:00:00,245.0,48.51,74.0,4.8,69.2,74.0
2025-02-25 18:00:00,0.0,0.0,28.8,0.9,28.0,28.8
2025-02-25 19:00:00,0.0,0.0,0.0,0.0,0.0,0.0
2025-02-25 20:00:00,0.0,0.0,0.0,0.0,0.0,0.0
2025-02-25 21:00:00,0.0,0.0,0.0,0.0,0.0,0.0
2025-02-25 22:00:00,0.0,0.0,0.0,0.0,0.0,0.0
2025-02-25 23:00:00,0.0,0.0,0.0,0.0,0.0,0.0
2025-02-26 00:00:00,0.0,0.0,0.0,0.0,0.0,0.0
2025-02-26 01:00:00,0.0,0.0,0.0,0.0,0.0,0.0
2025-02-26 02:00:00,0.0,0.0,0.0,0.0,0.0,0.0
2025-02-26 03:00:00,0.0,0.0,0.0,0.0,0.0,0.0
2025-02-26 04:00:00,0.0,0.0,0.0,0.0,0.0,0.0
2025-02-26 05:00:00,0.0,32.61,0.0,0.0,0.0,0.0
2025-02-26 06:00:00,6906.0,43.38,0.0,0.0,0.0,0.0
2025-02-26 07:00:00,22026.0,44.06,58.2,15.9,42.3,58.2
2025-02-26 08:00:00,37120.0,53.03,279.5,160.5,119.0,279.5
2025-02-26 09:00:00,55710.0,55.47,518.8,365.8,153.0,518.8
2025-02-26 10:00:00,48590.0,62.99,711.2,523.8,187.4,711.2
2025-02-26 11:00:00,54500.0,61.93,881.3,663.7,217.7,881.3
2025-02-26 12:00:00,40340.0,60.43,850.5,540.7,309.8,850.5
2025-02-26 13:00:00,38070.0,57.93,789.5,443.6,345.9,789.5
2025-02-26 14:00:00,27633.0,55.21,684.0,355.1,328.9,684.0
2025-02-26 15:00:00,18702.0,53.31,439.2,150.3,288.8,439.2
2025-02-26 16:00:00,3899.0,50.58,318.3,109.9,208.5,318.3
2025-02-26 17:00:00,0.0,47.21,124.7,19.6,105.1,124.7
2025-02-26 18:00:00,0.0,0.0,12.7,-0.3,13.0,12.7
2025-02-26 19:00:00,0.0,0.0,0.0,0.0,0.0,0.0
2025-02-26 20:00:00,0.0,0.0,0.0,0.0,0.0,0.0
2025-02-26 21:00:00,0.0,0.0,0.0,0.0,0.0,0.0
2025-02-26 22:00:00,0.0,0.0,0.0,0.0,0.0,0.0
2025-02-26 23:00:00,0.0,0.0,0.0,0.0,0.0,0.0
2025-02-27 00:00:00,0.0,0.0,0.0,0.0,0.0,0.0
2025-02-27 01:00:00,0.0,0.0,0.0,0.0,0.0,0.0
2025-02-27 02:00:00,0.0,0.0,0.0,0.0,0.0,0.0
2025-02-27 03:00:00,0.0,0.0,0.0,0.0,0.0,0.0
2025-02-27 04:00:00,0.0,0.0,0.0,0.0,0.0,0.0
2025-02-27 05:00:00,0.0,32.25,0.0,0.0,0.0,0.0
2025-02-27 06:00:00,3952.0,41.86,0.0,0.0,0.0,0.0
2025-02-27 07:00:00,24280.0,42.34,61.5,18.0,43.5,61.5
2025-02-27 08:00:00,25607.0,50.43,297.7,178.5,119.2,297.7
2025-02-27 09:00:00,52820.0,57.16,525.3,373.0,152.3,525.3
2025-02-27 10:00:00,60300.0,62.7,722.8,538.6,184.2,722.8
2025-02-27 11:00:00,61790.0,63.95,885.7,667.8,217.8,885.7
2025-02-27 12:00:00,42580.0,65.35,984.2,743.6,240.5,984.2
2025-02-27 13:00:00,59180.0,60.53,990.8,748.1,242.8,990.8
2025-02-27 14:00:00,42970.0,60.29,858.5,611.5,247.0,858.5
2025-02-27 15:00:00,10697.0,53.46,752.5,563.3,189.2,752.5
2025-02-27 16:00:00,8352.0,51.42,493.7,315.9,177.7,493.7
2025-02-27 17:00:00,329.0,48.61,302.5,173.9,128.6,302.5
2025-02-27 18:00:00,0.0,0.0,62.8,14.2,48.6,62.8
2025-02-27 19:00:00,0.0,0.0,0.0,0.0,0.0,0.0
2025-02-27 20:00:00,0.0,0.0,0.0,0.0,0.0,0.0
2025-02-27 21:00:00,0.0,0.0,0.0,0.0,0.0,0.0
2025-02-27 22:00:00,0.0,0.0,0.0,0.0,0.0,0.0
2025-02-27 23:00:00,0.0,0.0,0.0,0.0,0.0,0.0
2025-02-28 00:00:00,0.0,0.0,0.0,0.0,0.0,0.0
2025-02-28 01:00:00,0.0,0.0,0.0,0.0,0.0,0.0
2025-02-28 02:00:00,0.0,0.0,0.0,0.0,0.0,0.0
2025-02-28 03:00:00,0.0,0.0,0.0,0.0,0.0,0.0
2025-02-28 04:00:00,0.0,0.0,0.0,0.0,0.0,0.0
2025-02-28 05:00:00,0.0,33.55,0.0,0.0,0.0,0.0
2025-02-28 06:00:00,8654.0,43.28,0.0,0.0,0.0,0.0
2025-02-28 07:00:00,20126.0,43.66,53.7,12.5,41.2,53.7
2025-02-28 08:00:00,36730.0,54.02,287.7,167.8,119.8,287.7
2025-02-28 09:00:00,29547.0,56.65,525.8,372.6,153.2,525.8
2025-02-28 10:00:00,47100.0,57.69,732.0,549.8,182.2,732.0
2025-02-28 11:00:00,68130.0,67.26,882.8,661.3,221.5,882.8
2025-02-28 12:00:00,24344.0,56.93,792.3,448.6,343.7,792.3
2025-02-28 13:00:00,52330.0,63.45,813.2,473.8,339.4,813.2
2025-02-28 14:00:00,19371.0,61.7,848.0,593.6,254.4,848.0
2025-02-28 15:00:00,24953.0,55.04,697.3,482.0,215.4,697.3
2025-02-28 16:00:00,7814.0,49.95,515.3,344.3,171.0,515.3
2025-02-28 17:00:00,257.0,48.88,219.5,85.2,134.3,219.5
2025-02-28 18:00:00,0.0,0.0,62.2,13.7,48.4,62.2
2025-02-28 19:00:00,0.0,0.0,0.0,0.0,0.0,0.0
2025-02-28 20:00:00,0.0,0.0,0.0,0.0,0.0,0.0
2025-02-28 21:00:00,0.0,0.0,0.0,0.0,0.0,0.0
2025-02-28 22:00:00,0.0,0.0,0.0,0.0,0.0,0.0
2025-02-28 23:00:00,0.0,0.0,0.0,0.0,0.0,0.0
2025-03-01 00:00:00,0.0,0.0,0.0,0.0,0.0,0.0
2025-03-01 01:00:00,0.0,0.0,0.0,0.0,0.0,0.0
2025-03-01 02:00:00,0.0,0.0,0.0,0.0,0.0,0.0
2025-03-01 03:00:00,0.0,0.0,0.0,0.0,0.0,0.0
2025-03-01 04:00:00,0.0,0.0,0.0,0.0,0.0,0.0
2025-03-01 05:00:00,0.0,33.25,0.0,0.0,0.0,0.0
2025-03-01 06:00:00,6756.0,43.06,0.0,0.0,0.0,0.0
2025-03-01 07:00:00,22320.0,44.33,65.0,20.1,44.9,65.0
2025-03-01 08:00:00,44190.0,53.94,287.5,167.1,120.4,287.5
2025-03-01 09:00:00,49960.0,57.14,460.3,286.4,173.9,460.3
2025-03-01 10:00:00,46980.0,62.61,685.7,481.6,204.1,685.7
2025-03-01 11:00:00,66610.0,67.77,884.3,661.2,223.1,884.3
2025-03-01 12:00:00,58920.0,69.95,985.3,740.5,244.8,985.3
2025-03-01 13:00:00,51880.0,66.68,982.0,730.1,251.9,982.0
2025-03-01 14:00:00,13890.0,59.04,927.3,711.5,215.8,927.3
2025-03-01 15:00:00,25830.0,55.71,749.2,556.3,192.8,749.2
2025-03-01 16:00:00,9120.0,49.69,523.5,354.6,168.9,523.5
2025-03-01 17:00:00,327.0,48.27,319.7,192.3,127.4,319.7
2025-03-01 18:00:00,0.0,0.0,61.0,12.9,48.1,61.0
2025-03-01 19:00:00,0.0,0.0,0.0,0.0,0.0,0.0
2025-03-01 20:00:00,0.0,0.0,0.0,0.0,0.0,0.0
2025-03-01 21:00:00,0.0,0.0,0.0,0.0,0.0,0.0
2025-03-01 22:00:00,0.0,0.0,0.0,0.0,0.0,0.0
2025-03-01 23:00:00,0.0,0.0,0.0,0.0,0.0,0.0
2025-03-02 00:00:00,0.0,0.0,0.0,0.0,0.0,0.0
2025-03-02 01:00:00,0.0,0.0,0.0,0.0,0.0,0.0
2025-03-02 02:00:00,0.0,0.0,0.0,0.0,0.0,0.0
2025-03-02 03:00:00,0.0,0.0,0.0,0.0,0.0,0.0
2025-03-02 04:00:00,0.0,0.0,0.0,0.0,0.0,0.0
2025-03-02 05:00:00,0.0,33.6,0.0,0.0,0.0,0.0
2025-03-02 06:00:00,5872.0,43.13,0.0,0.0,0.0,0.0
2025-03-02 07:00:00,11466.0,42.37,56.3,13.7,42.6,56.3
2025-03-02 08:00:00,29235.0,50.2,171.2,51.3,119.9,171.2
2025-03-02 09:00:00,59480.0,52.53,426.3,241.0,185.3,426.3
2025-03-02 10:00:00,34630.0,57.36,568.0,312.0,256.0,568.0
2025-03-02 11:00:00,61420.0,57.81,681.2,357.0,324.1,681.2
2025-03-02 12:00:00,64030.0,60.1,735.2,363.7,371.5,735.2
2025-03-02 13:00:00,20225.0,60.95,767.8,404.1,363.7,767.8
2025-03-02 14:00:00,18396.0,54.48,720.7,399.5,321.2,720.7
2025-03-02 15:00:00,22414.0,54.870000000000005,639.8,395.6,244.2,639.8
2025-03-02 16:00:00,7612.0,50.27,553.0,393.0,160.0,553.0
2025-03-02 17:00:00,318.0,48.78,300.5,170.8,129.7,300.5
2025-03-02 18:00:00,0.0,0.0,60.0,12.3,47.7,60.0
2025-03-02 19:00:00,0.0,0.0,0.0,0.0,0.0,0.0
2025-03-02 20:00:00,0.0,0.0,0.0,0.0,0.0,0.0
2025-03-02 21:00:00,0.0,0.0,0.0,0.0,0.0,0.0
2025-03-02 22:00:00,0.0,0.0,0.0,0.0,0.0,0.0
2025-03-02 23:00:00,0.0,0.0,0.0,0.0,0.0,0.0
2025-03-03 00:00:00,0.0,0.0,0.0,0.0,0.0,0.0
2025-03-03 01:00:00,0.0,0.0,0.0,0.0,0.0,0.0
2025-03-03 02:00:00,0.0,0.0,0.0,0.0,0.0,0.0
2025-03-03 03:00:00,0.0,0.0,0.0,0.0,0.0,0.0
2025-03-03 04:00:00,0.0,0.0,0.0,0.0,0.0,0.0
2025-03-03 05:00:00,0.0,33.61,0.0,0.0,0.0,0.0
2025-03-03 06:00:00,8544.0,42.56,0.0,0.0,0.0,0.0
2025-03-03 07:00:00,23609.0,44.45,66.8,20.9,46.0,66.8
2025-03-03 08:00:00,41030.0,55.47,297.7,176.5,121.2,297.7
2025-03-03 09:00:00,51890.0,59.28,543.3,391.6,151.8,543.3
2025-03-03 10:00:00,48980.0,65.65,749.5,569.3,180.2,749.5
2025-03-03 11:00:00,65770.0,68.94,911.8,697.5,214.3,911.8
2025-03-03 12:00:00,21668.0,68.33,969.5,711.4,258.1,969.5
2025-03-03 13:00:00,58860.0,68.59,927.7,641.7,286.0,927.7
2025-03-03 14:00:00,44140.0,65.44,814.8,537.4,277.5,814.8
2025-03-03 15:00:00,11807.0,56.15,673.3,443.2,230.2,673.3
2025-03-03 16:00:00,10888.0,50.620000000000005,523.0,352.8,170.2,523.0
2025-03-03 17:00:00,261.0,49.47,218.5,83.6,134.9,218.5
2025-03-03 18:00:00,0.0,0.0,46.7,5.6,41.0,46.7
2025-03-03 19:00:00,0.0,0.0,0.0,0.0,0.0,0.0
2025-03-03 20:00:00,0.0,0.0,0.0,0.0,0.0,0.0
2025-03-03 21:00:00,0.0,0.0,0.0,0.0,0.0,0.0
2025-03-03 22:00:00,0.0,0.0,0.0,0.0,0.0,0.0
2025-03-03 23:00:00,0.0,0.0,0.0,0.0,0.0,0.0
2025-03-04 00:00:00,0.0,0.0,0.0,0.0,0.0,0.0
2025-03-04 01:00:00,0.0,0.0,0.0,0.0,0.0,0.0
2025-03-04 02:00:00,0.0,0.0,0.0,0.0,0.0,0.0
2025-03-04 03:00:00,0.0,0.0,0.0,0.0,0.0,0.0
2025-03-04 04:00:00,0.0,0.0,0.0,0.0,0.0,0.0
2025-03-04 05:00:00,0.0,34.02,0.0,0.0,0.0,0.0
2025-03-04 06:00:00,5832.0,42.91,0.0,0.0,0.0,0.0
2025-03-04 07:00:00,22635.0,44.09,68.7,21.9,46.7,68.7
2025-03-04 08:00:00,36100.0,53.43,294.0,172.1,121.9,294.0
2025-03-04 09:00:00,50600.0,58.14,519.7,360.5,159.2,519.7
2025-03-04 10:00:00,60640.0,64.52,711.8,513.9,197.9,711.8
2025-03-04 11:00:00,69000.0,63.4,884.3,654.3,230.0,884.3
2025-03-04 12:00:00,36320.0,60.76,801.3,452.3,349.0,801.3
2025-03-04 13:00:00,20912.0,57.65,739.3,361.2,378.1,739.3
2025-03-04 14:00:00,44580.0,55.64,566.3,202.2,364.1,566.3
2025-03-04 15:00:00,27448.0,52.04,514.2,226.6,287.6,514.2
2025-03-04 16:00:00,9012.0,51.26,337.2,125.2,212.0,337.2
2025-03-04 17:00:00,346.0,48.81,243.0,107.4,135.6,243.0
2025-03-04 18:00:00,0.0,0.0,51.3,7.6,43.7,51.3
2025-03-04 19:00:00,0.0,0.0,0.0,0.0,0.0,0.0
2025-03-04 20:00:00,0.0,0.0,0.0,0.0,0.0,0.0
2025-03-04 21:00:00,0.0,0.0,0.0,0.0,0.0,0.0
2025-03-04 22:00:00,0.0,0.0,0.0,0.0,0.0,0.0
2025-03-04 23:00:00,0.0,0.0,0.0,0.0,0.0,0.0
2025-03-05 00:00:00,0.0,0.0,0.0,0.0,0.0,0.0
2025-03-05 01:00:00,0.0,0.0,0.0,0.0,0.0,0.0
2025-03-05 02:00:00,0.0,0.0,0.0,0.0,0.0,0.0
2025-03-05 03:00:00,0.0,0.0,0.0,0.0,0.0,0.0
2025-03-05 04:00:00,0.0,0.0,0.0,0.0,0.0,0.0
2025-03-05 05:00:00,0.0,33.910000000000004,0.0,0.0,0.0,0.0
2025-03-05 06:00:00,7256.0,43.38,0.0,0.0,0.0,0.0
2025-03-05 07:00:00,21705.0,44.0,67.8,21.0,46.8,67.8
2025-03-05 08:00:00,40260.0,55.54,297.2,174.8,122.4,297.2
2025-03-05 09:00:00,51330.0,57.56,514.5,352.6,161.9,514.5
2025-03-05 10:00:00,61110.0,60.67,688.3,477.8,210.5,688.3
2025-03-05 11:00:00,39630.0,62.35,837.8,581.2,256.6,837.8
2025-03-05 12:00:00,22673.0,57.61,789.5,433.0,356.5,789.5
2025-03-05 13:00:00,21640.0,58.47,618.0,213.8,404.2,618.0
2025-03-05 14:00:00,44390.0,58.99,691.5,354.1,337.4,691.5
2025-03-05 15:00:00,8609.0,53.35,564.7,288.7,276.0,564.7
2025-03-05 16:00:00,8088.0,50.72,401.2,193.9,207.2,401.2
2025-03-05 17:00:00,288.0,48.54,278.8,145.8,133.0,278.8
2025-03-05 18:00:00,0.0,0.0,50.3,7.1,43.2,50.3
2025-03-05 19:00:00,0.0,0.0,0.0,0.0,0.0,0.0
2025-03-05 20:00:00,0.0,0.0,0.0,0.0,0.0,0.0
2025-03-05 21:00:00,0.0,0.0,0.0,0.0,0.0,0.0
2025-03-05 22:00:00,0.0,0.0,0.0,0.0,0.0,0.0
2025-03-05 23:00:00,0.0,0.0,0.0,0.0,0.0,0.0
2025-03-06 00:00:00,0.0,0.0,0.0,0.0,0.0,0.0
2025-03-06 01:00:00,0.0,0.0,0.0,0.0,0.0,0.0
2025-03-06 02:00:00,0.0,0.0,0.0,0.0,0.0,0.0
2025-03-06 03:00:00,0.0,0.0,0.0,0.0,0.0,0.0
2025-03-06 04:00:00,0.0,0.0,0.0,0.0,0.0,0.0
2025-03-06 05:00:00,0.0,32.97,0.0,0.0,0.0,0.0
2025-03-06 06:00:00,7566.0,43.31,0.0,0.0,0.0,0.0
2025-03-06 07:00:00,21221.0,44.36,73.7,25.2,48.5,73.7
2025-03-06 08:00:00,39370.0,55.34,302.2,179.4,122.7,302.2
2025-03-06 09:00:00,55570.0,57.03,518.8,357.1,161.7,518.8
2025-03-06 10:00:00,64800.0,63.66,632.8,395.2,237.6,632.8
2025-03-06 11:00:00,59650.0,65.14,860.5,613.5,247.0,860.5
2025-03-06 12:00:00,27688.0,67.1,923.7,633.2,290.5,923.7
2025-03-06 13:00:00,16241.0,66.49,884.3,568.1,316.2,884.3
2025-03-06 14:00:00,42700.0,60.67,867.7,613.1,254.5,867.7
2025-03-06 15:00:00,7179.0,57.85,621.0,364.5,256.5,621.0
2025-03-06 16:00:00,8091.0,51.2,542.7,377.4,165.3,542.7
2025-03-06 17:00:00,261.0,49.14,323.3,195.3,128.1,323.3
2025-03-06 18:00:00,0.0,0.0,69.7,18.1,51.6,69.7
2025-03-06 19:00:00,0.0,0.0,0.0,0.0,0.0,0.0
2025-03-06 20:00:00,0.0,0.0,0.0,0.0,0.0,0.0
2025-03-06 21:00:00,0.0,0.0,0.0,0.0,0.0,0.0
2025-03-06 22:00:00,0.0,0.0,0.0,0.0,0.0,0.0
2025-03-06 23:00:00,0.0,0.0,0.0,0.0,0.0,0.0
2025-03-07 00:00:00,0.0,0.0,0.0,0.0,0.0,0.0
2025-03-07 01:00:00,0.0,0.0,0.0,0.0,0.0,0.0
2025-03-07 02:00:00,0.0,0.0,0.0,0.0,0.0,0.0
2025-03-07 03:00:00,0.0,0.0,0.0,0.0,0.0,0.0
2025-03-07 04:00:00,0.0,0.0,0.0,0.0,0.0,0.0
2025-03-07 05:00:00,0.0,35.62,0.0,0.0,0.0,0.0
2025-03-07 06:00:00,8892.0,43.84,0.0,0.0,0.0,0.0
2025-03-07 07:00:00,22030.0,45.06,76.2,26.8,49.4,76.2
2025-03-07 08:00:00,40810.0,55.370000000000005,312.5,189.6,122.9,312.5
2025-03-07 09:00:00,46750.0,56.32,547.7,393.1,154.5,547.7
2025-03-07 10:00:00,61230.0,63.4,731.3,536.7,194.6,731.3
2025-03-07 11:00:00,74970.0,57.16,854.7,602.2,252.4,854.7
2025-03-07 12:00:00,65190.0,59.84,472.3,89.7,382.6,472.3
2025-03-07 13:00:00,54630.0,64.31,705.8,312.7,393.1,705.8
2025-03-07 14:00:00,2806.0,53.06,792.0,496.1,295.9,792.0
2025-03-07 15:00:00,2883.0,49.64,697.3,474.2,223.1,697.3
2025-03-07 16:00:00,5943.0,46.8,319.0,107.1,211.9,319.0
2025-03-07 17:00:00,218.0,45.99,69.7,3.9,65.7,69.7
2025-03-07 18:00:00,0.0,0.0,22.8,0.1,22.8,22.8
2025-03-07 19:00:00,0.0,0.0,0.0,0.0,0.0,0.0
2025-03-07 20:00:00,0.0,0.0,0.0,0.0,0.0,0.0
2025-03-07 21:00:00,0.0,0.0,0.0,0.0,0.0,0.0
2025-03-07 22:00:00,0.0,0.0,0.0,0.0,0.0,0.0
2025-03-07 23:00:00,0.0,0.0,0.0,0.0,0.0,0.0
2025-03-08 00:00:00,0.0,0.0,0.0,0.0,0.0,0.0
2025-03-08 01:00:00,0.0,0.0,0.0,0.0,0.0,0.0
2025-03-08 02:00:00,0.0,0.0,0.0,0.0,0.0,0.0
2025-03-08 03:00:00,0.0,0.0,0.0,0.0,0.0,0.0
2025-03-08 04:00:00,0.0,0.0,0.0,0.0,0.0,0.0
2025-03-08 05:00:00,0.0,33.14,0.0,0.0,0.0,0.0
2025-03-08 06:00:00,9094.0,43.69,0.0,0.0,0.0,0.0
2025-03-08 07:00:00,24376.0,45.92,74.5,25.2,49.3,74.5
2025-03-08 08:00:00,25558.0,50.7,303.5,179.6,123.9,303.5
2025-03-08 09:00:00,67680.0,57.31,508.2,340.6,167.5,508.2
2025-03-08 10:00:00,49220.0,57.03,664.8,437.8,227.1,664.8
2025-03-08 11:00:00,38670.0,63.72,698.3,368.0,330.4,698.3
2025-03-08 12:00:00,69210.0,60.67,779.7,412.7,367.0,779.7
2025-03-08 13:00:00,57580.0,62.67,901.5,590.5,311.0,901.5
2025-03-08 14:00:00,41890.0,61.89,868.3,611.0,257.3,868.3
2025-03-08 15:00:00,35410.0,59.56,766.2,574.0,192.2,766.2
2025-03-08 16:00:00,6460.0,49.870000000000005,351.2,137.6,213.6,351.2
2025-03-08 17:00:00,326.0,48.78,164.0,39.7,124.3,164.0
2025-03-08 18:00:00,0.0,0.0,41.8,3.8,38.1,41.8
2025-03-08 19:00:00,0.0,0.0,0.0,0.0,0.0,0.0
2025-03-08 20:00:00,0.0,0.0,0.0,0.0,0.0,0.0
2025-03-08 21:00:00,0.0,0.0,0.0,0.0,0.0,0.0
2025-03-08 22:00:00,0.0,0.0,0.0,0.0,0.0,0.0
2025-03-08 23:00:00,0.0,0.0,0.0,0.0,0.0,0.0
2025-03-09 00:00:00,0.0,0.0,0.0,0.0,0.0,0.0
2025-03-09 01:00:00,0.0,0.0,0.0,0.0,0.0,0.0
2025-03-09 02:00:00,0.0,0.0,0.0,0.0,0.0,0.0
2025-03-09 03:00:00,0.0,0.0,0.0,0.0,0.0,0.0
2025-03-09 04:00:00,0.0,0.0,0.0,0.0,0.0,0.0
2025-03-09 05:00:00,0.0,32.92,0.0,0.0,0.0,0.0
2025-03-09 06:00:00,4759.0,40.91,0.0,0.0,0.0,0.0
2025-03-09 07:00:00,15567.0,42.25,67.3,19.6,47.7,67.3
2025-03-09 08:00:00,20412.0,47.69,253.2,123.9,129.2,253.2
2025-03-09 09:00:00,30594.0,54.13,351.7,145.1,206.6,351.7
2025-03-09 10:00:00,29122.0,52.76,549.7,275.7,274.0,549.7
2025-03-09 11:00:00,35720.0,57.11,458.3,104.4,353.9,458.3
2025-03-09 12:00:00,30263.0,54.16,564.2,159.0,405.1,564.2
2025-03-09 13:00:00,17254.0,52.07,493.8,102.1,391.7,493.8
2025-03-09 14:00:00,18329.0,51.82,278.3,14.8,263.5,278.3
2025-03-09 15:00:00,8997.0,54.49,279.5,34.1,245.4,279.5
2025-03-09 16:00:00,5512.0,51.43,258.2,59.6,198.6,258.2
2025-03-09 17:00:00,0.0,47.83,51.2,1.8,49.4,51.2
2025-03-09 18:00:00,0.0,0.0,35.0,1.9,33.1,35.0
2025-03-09 19:00:00,0.0,0.0,0.0,0.0,0.0,0.0
2025-03-09 20:00:00,0.0,0.0,0.0,0.0,0.0,0.0
2025-03-09 21:00:00,0.0,0.0,0.0,0.0,0.0,0.0
2025-03-09 22:00:00,0.0,0.0,0.0,0.0,0.0,0.0
2025-03-09 23:00:00,0.0,0.0,0.0,0.0,0.0,0.0
2025-03-10 00:00:00,0.0,0.0,0.0,0.0,0.0,0.0
2025-03-10 01:00:00,0.0,0.0,0.0,0.0,0.0,0.0
2025-03-10 02:00:00,0.0,0.0,0.0,0.0,0.0,0.0
2025-03-10 03:00:00,0.0,0.0,0.0,0.0,0.0,0.0
2025-03-10 04:00:00,0.0,0.0,0.0,0.0,0.0,0.0
2025-03-10 05:00:00,0.0,33.57,0.0,0.0,0.0,0.0
2025-03-10 06:00:00,6628.0,43.53,0.0,0.0,0.0,0.0
2025-03-10 07:00:00,17059.0,43.07,54.8,11.1,43.7,54.8
2025-03-10 08:00:00,30265.0,55.07,213.8,83.2,130.6,213.8
2025-03-10 09:00:00,56860.0,60.29,468.2,284.9,183.3,468.2
2025-03-10 10:00:00,51840.0,62.72,715.8,508.7,207.1,715.8
2025-03-10 11:00:00,35180.0,58.8,825.8,551.2,274.6,825.8
2025-03-10 12:00:00,52150.0,60.19,630.5,223.1,407.4,630.5
2025-03-10 13:00:00,35130.0,56.23,739.3,351.4,387.9,739.3
2025-03-10 14:00:00,22493.0,53.98,607.0,241.1,365.9,607.0
2025-03-10 15:00:00,12186.0,51.27,361.0,78.8,282.2,361.0
2025-03-10 16:00:00,5264.0,50.23,199.3,28.3,171.1,199.3
2025-03-10 17:00:00,0.0,47.52,123.8,18.6,105.3,123.8
2025-03-10 18:00:00,0.0,0.0,49.2,6.4,42.8,49.2
2025-03-10 19:00:00,0.0,0.0,0.0,0.0,0.0,0.0
2025-03-10 20:00:00,0.0,0.0,0.0,0.0,0.0,0.0
2025-03-10 21:00:00,0.0,0.0,0.0,0.0,0.0,0.0
2025-03-10 22:00:00,0.0,0.0,0.0,0.0,0.0,0.0
2025-03-10 23:00:00,0.0,0.0,0.0,0.0,0.0,0.0
2025-03-11 00:00:00,0.0,0.0,0.0,0.0,0.0,0.0
2025-03-11 01:00:00,0.0,0.0,0.0,0.0,0.0,0.0
2025-03-11 02:00:00,0.0,0.0,0.0,0.0,0.0,0.0
2025-03-11 03:00:00,0.0,0.0,0.0,0.0,0.0,0.0
2025-03-11 04:00:00,0.0,0.0,0.0,0.0,0.0,0.0
2025-03-11 05:00:00,0.0,34.14,0.0,0.0,0.0,0.0
2025-03-11 06:00:00,5147.0,42.66,0.0,0.0,0.0,0.0
2025-03-11 07:00:00,27782.0,46.83,75.5,25.1,50.4,75.5
2025-03-11 08:00:00,41550.0,54.68,315.2,190.2,125.0,315.2
2025-03-11 09:00:00,57260.0,54.63,550.7,392.8,157.9,550.7
2025-03-11 10:00:00,17332.0,58.79,709.3,497.3,212.0,709.3
2025-03-11 11:00:00,41520.0,60.72,746.7,430.3,316.4,746.7
2025-03-11 12:00:00,74540.0,61.33,778.0,404.6,373.4,778.0
2025-03-11 13:00:00,10350.0,53.97,686.0,282.9,403.1,686.0
2025-03-11 14:00:00,5719.0,50.5,463.8,103.8,360.1,463.8
2025-03-11 15:00:00,5418.0,48.74,429.5,133.1,296.4,429.5
2025-03-11 16:00:00,2492.0,46.97,197.8,27.6,170.3,197.8
2025-03-11 17:00:00,0.0,49.1,269.7,134.4,135.2,269.7
2025-03-11 18:00:00,0.0,0.0,64.8,14.6,50.3,64.8
2025-03-11 19:00:00,0.0,0.0,0.0,0.0,0.0,0.0
2025-03-11 20:00:00,0.0,0.0,0.0,0.0,0.0,0.0
2025-03-11 21:00:00,0.0,0.0,0.0,0.0,0.0,0.0
2025-03-11 22:00:00,0.0,0.0,0.0,0.0,0.0,0.0
2025-03-11 23:00:00,0.0,0.0,0.0,0.0,0.0,0.0
2025-03-12 00:00:00,0.0,0.0,0.0,0.0,0.0,0.0
2025-03-12 01:00:00,0.0,0.0,0.0,0.0,0.0,0.0
2025-03-12 02:00:00,0.0,0.0,0.0,0.0,0.0,0.0
2025-03-12 03:00:00,0.0,0.0,0.0,0.0,0.0,0.0
2025-03-12 04:00:00,0.0,0.0,0.0,0.0,0.0,0.0
2025-03-12 05:00:00,0.0,36.05,0.0,0.0,0.0,0.0
2025-03-12 06:00:00,9788.0,44.54,0.0,0.0,0.0,0.0
2025-03-12 07:00:00,26690.0,46.94,82.2,29.9,52.2,82.2
2025-03-12 08:00:00,38480.0,54.74,325.7,200.6,125.1,325.7
2025-03-12 09:00:00,49510.0,58.82,561.0,404.9,156.1,561.0
2025-03-12 10:00:00,62540.0,63.4,756.0,563.5,192.5,756.0
2025-03-12 11:00:00,74590.0,64.58,908.7,673.3,235.4,908.7
2025-03-12 12:00:00,66640.0,67.74,876.3,546.7,329.6,876.3
2025-03-12 13:00:00,63600.0,66.29,877.3,545.9,331.4,877.3
2025-03-12 14:00:00,13056.0,56.11,735.3,405.8,329.6,735.3
2025-03-12 15:00:00,32159.0,54.05,678.5,442.1,236.4,678.5
2025-03-12 16:00:00,7407.0,51.88,374.5,160.9,213.6,374.5
2025-03-12 17:00:00,239.0,49.07,276.5,141.8,134.7,276.5
2025-03-12 18:00:00,0.0,0.0,56.3,9.7,46.6,56.3
2025-03-12 19:00:00,0.0,0.0,0.0,0.0,0.0,0.0
2025-03-12 20:00:00,0.0,0.0,0.0,0.0,0.0,0.0
2025-03-12 21:00:00,0.0,0.0,0.0,0.0,0.0,0.0
2025-03-12 22:00:00,0.0,0.0,0.0,0.0,0.0,0.0
2025-03-12 23:00:00,0.0,0.0,0.0,0.0,0.0,0.0
2025-03-13 00:00:00,0.0,0.0,0.0,0.0,0.0,0.0
2025-03-13 01:00:00,0.0,0.0,0.0,0.0,0.0,0.0
2025-03-13 02:00:00,0.0,0.0,0.0,0.0,0.0,0.0
2025-03-13 03:00:00,0.0,0.0,0.0,0.0,0.0,0.0
2025-03-13 04:00:00,0.0,0.0,0.0,0.0,0.0,0.0
2025-03-13 05:00:00,0.0,34.96,0.0,0.0,0.0,0.0
2025-03-13 06:00:00,10191.0,44.84,0.0,0.0,0.0,0.0
2025-03-13 07:00:00,26841.0,46.62,61.3,14.5,46.9,61.3
2025-03-13 08:00:00,29361.0,54.74,252.3,119.7,132.7,252.3
2025-03-13 09:00:00,42350.0,57.2,525.2,356.9,168.3,525.2
2025-03-13 10:00:00,55600.0,62.95,715.8,503.1,212.7,715.8
2025-03-13 11:00:00,53640.0,68.71000000000001,856.5,591.3,265.2,856.5
2025-03-13 12:00:00,61070.0,72.26,943.2,647.8,295.4,943.2
2025-03-13 13:00:00,61410.0,70.53,1008.3,746.9,261.5,1008.3
2025-03-13 14:00:00,46950.0,62.72,906.3,662.2,244.1,906.3
2025-03-13 15:00:00,30933.0,59.4,715.7,496.1,219.6,715.7
2025-03-13 16:00:00,11344.0,51.55,541.0,372.4,168.6,541.0
2025-03-13 17:00:00,273.0,49.44,323.3,194.2,129.1,323.3
2025-03-13 18:00:00,0.0,0.0,60.5,11.9,48.6,60.5
2025-03-13 19:00:00,0.0,0.0,0.0,0.0,0.0,0.0
2025-03-13 20:00:00,0.0,0.0,0.0,0.0,0.0,0.0
2025-03-13 21:00:00,0.0,0.0,0.0,0.0,0.0,0.0
2025-03-13 22:00:00,0.0,0.0,0.0,0.0,0.0,0.0
2025-03-13 23:00:00,0.0,0.0,0.0,0.0,0.0,0.0
2025-03-14 00:00:00,0.0,0.0,0.0,0.0,0.0,0.0
2025-03-14 01:00:00,0.0,0.0,0.0,0.0,0.0,0.0
2025-03-14 02:00:00,0.0,0.0,0.0,0.0,0.0,0.0
2025-03-14 03:00:00,0.0,0.0,0.0,0.0,0.0,0.0
2025-03-14 04:00:00,0.0,0.0,0.0,0.0,0.0,0.0
2025-03-14 05:00:00,0.0,34.99,0.0,0.0,0.0,0.0
2025-03-14 06:00:00,9138.0,40.75,0.0,0.0,0.0,0.0
2025-03-14 07:00:00,26145.0,45.67,89.8,35.2,54.7,89.8
2025-03-14 08:00:00,41250.0,55.17,328.2,202.1,126.1,328.2
2025-03-14 09:00:00,51190.0,59.4,564.2,406.8,157.3,564.2
2025-03-14 10:00:00,54370.0,63.13,762.3,569.1,193.3,762.3
2025-03-14 11:00:00,63840.0,68.28,931.3,703.1,228.2,931.3
2025-03-14 12:00:00,54480.0,69.8,1013.2,754.2,258.9,1013.2
2025-03-14 13:00:00,21008.0,67.77,1003.5,737.8,265.7,1003.5
2025-03-14 14:00:00,44030.0,65.45,910.7,667.6,243.1,910.7
2025-03-14 15:00:00,11364.0,57.61,733.2,521.2,211.9,733.2
2025-03-14 16:00:00,11530.0,52.2,492.8,307.2,185.6,492.8
2025-03-14 17:00:00,243.0,49.57,308.0,177.0,131.0,308.0
2025-03-14 18:00:00,0.0,0.0,56.5,9.7,46.8,56.5
2025-03-14 19:00:00,0.0,0.0,0.0,0.0,0.0,0.0
2025-03-14 20:00:00,0.0,0.0,0.0,0.0,0.0,0.0
2025-03-14 21:00:00,0.0,0.0,0.0,0.0,0.0,0.0
2025-03-14 22:00:00,0.0,0.0,0.0,0.0,0.0,0.0
2025-03-14 23:00:00,0.0,0.0,0.0,0.0,0.0,0.0
2025-03-15 00:00:00,0.0,0.0,0.0,0.0,0.0,0.0
2025-03-15 01:00:00,0.0,0.0,0.0,0.0,0.0,0.0
2025-03-15 02:00:00,0.0,0.0,0.0,0.0,0.0,0.0
2025-03-15 03:00:00,0.0,0.0,0.0,0.0,0.0,0.0
2025-03-15 04:00:00,0.0,0.0,0.0,0.0,0.0,0.0
2025-03-15 05:00:00,0.0,35.43,0.0,0.0,0.0,0.0
2025-03-15 06:00:00,7925.0,44.6,0.0,0.0,0.0,0.0
2025-03-15 07:00:00,23589.0,46.31,88.3,33.5,54.9,88.3
2025-03-15 08:00:00,39670.0,55.120000000000005,323.2,196.1,127.1,323.2
2025-03-15 09:00:00,52230.0,59.28,558.0,397.7,160.3,558.0
2025-03-15 10:00:00,58080.0,65.24,754.0,555.2,198.8,754.0
2025-03-15 11:00:00,22839.0,60.76,913.5,674.1,239.4,913.5
2025-03-15 12:00:00,58960.0,64.08,662.2,251.7,410.4,662.2
2025-03-15 13:00:00,55350.0,64.94,645.8,233.0,412.8,645.8
2025-03-15 14:00:00,13825.0,57.32,867.7,600.5,267.2,867.7
2025-03-15 15:00:00,26341.0,56.57,629.2,368.7,260.5,629.2
2025-03-15 16:00:00,9788.0,49.870000000000005,451.2,251.9,199.2,451.2
2025-03-15 17:00:00,293.0,48.68,259.2,122.5,136.6,259.2
2025-03-15 18:00:00,0.0,0.0,40.7,3.3,37.4,40.7
2025-03-15 19:00:00,0.0,0.0,0.0,0.0,0.0,0.0
2025-03-15 20:00:00,0.0,0.0,0.0,0.0,0.0,0.0
2025-03-15 21:00:00,0.0,0.0,0.0,0.0,0.0,0.0
2025-03-15 22:00:00,0.0,0.0,0.0,0.0,0.0,0.0
2025-03-15 23:00:00,0.0,0.0,0.0,0.0,0.0,0.0
2025-03-16 00:00:00,0.0,0.0,0.0,0.0,0.0,0.0
2025-03-16 01:00:00,0.0,0.0,0.0,0.0,0.0,0.0
2025-03-16 02:00:00,0.0,0.0,0.0,0.0,0.0,0.0
2025-03-16 03:00:00,0.0,0.0,0.0,0.0,0.0,0.0
2025-03-16 04:00:00,0.0,0.0,0.0,0.0,0.0,0.0
2025-03-16 05:00:00,0.0,36.14,0.0,0.0,0.0,0.0
2025-03-16 06:00:00,5723.0,44.27,0.0,0.0,0.0,0.0
2025-03-16 07:00:00,22297.0,44.39,64.7,15.4,49.3,64.7
2025-03-16 08:00:00,18025.0,51.63,291.7,160.3,131.4,291.7
2025-03-16 09:00:00,56990.0,58.31,426.0,222.4,203.6,426.0
2025-03-16 10:00:00,24796.0,58.8,637.5,382.9,254.6,637.5
2025-03-16 11:00:00,20279.0,55.55,621.8,254.7,367.1,621.8
2025-03-16 12:00:00,24603.0,62.99,572.8,160.9,411.9,572.8
2025-03-16 13:00:00,8656.0,51.36,639.7,225.6,414.1,639.7
2025-03-16 14:00:00,43070.0,58.51,579.0,204.9,374.1,579.0
2025-03-16 15:00:00,24944.0,55.28,769.5,573.1,196.4,769.5
2025-03-16 16:00:00,9410.0,49.7,404.7,194.1,210.5,404.7
2025-03-16 17:00:00,219.0,48.41,265.2,128.9,136.2,265.2
2025-03-16 18:00:00,0.0,0.0,37.3,2.4,34.9,37.3
2025-03-16 19:00:00,0.0,0.0,0.0,0.0,0.0,0.0
2025-03-16 20:00:00,0.0,0.0,0.0,0.0,0.0,0.0
2025-03-16 21:00:00,0.0,0.0,0.0,0.0,0.0,0.0
2025-03-16 22:00:00,0.0,0.0,0.0,0.0,0.0,0.0
2025-03-16 23:00:00,0.0,0.0,0.0,0.0,0.0,0.0
2025-03-17 00:00:00,0.0,0.0,0.0,0.0,0.0,0.0
2025-03-17 01:00:00,0.0,0.0,0.0,0.0,0.0,0.0
2025-03-17 02:00:00,0.0,0.0,0.0,0.0,0.0,0.0
2025-03-17 03:00:00,0.0,0.0,0.0,0.0,0.0,0.0
2025-03-17 04:00:00,0.0,0.0,0.0,0.0,0.0,0.0
2025-03-17 05:00:00,0.0,34.49,0.0,0.0,0.0,0.0
2025-03-17 06:00:00,5888.0,44.09,0.0,0.0,0.0,0.0
2025-03-17 07:00:00,22883.0,44.78,91.0,34.3,56.7,91.0
2025-03-17 08:00:00,21638.0,50.44,315.5,186.2,129.3,315.5
2025-03-17 09:00:00,15731.0,50.78,452.8,255.1,197.7,452.8
2025-03-17 10:00:00,48280.0,54.5,262.5,26.6,235.9,262.5
2025-03-17 11:00:00,26501.0,62.06,691.5,341.0,350.5,691.5
2025-03-17 12:00:00,45780.0,67.23,867.3,523.3,344.0,867.3
2025-03-17 13:00:00,54290.0,54.38,952.3,653.5,298.8,952.3
2025-03-17 14:00:00,37420.0,61.75,643.8,278.6,365.2,643.8
2025-03-17 15:00:00,14329.0,53.83,749.3,543.2,206.2,749.3
2025-03-17 16:00:00,3573.0,49.61,370.0,154.9,215.1,370.0
2025-03-17 17:00:00,259.0,48.81,131.3,21.6,109.8,131.3
2025-03-17 18:00:00,0.0,0.0,33.3,1.5,31.9,33.3
2025-03-17 19:00:00,0.0,0.0,0.0,0.0,0.0,0.0
2025-03-17 20:00:00,0.0,0.0,0.0,0.0,0.0,0.0
2025-03-17 21:00:00,0.0,0.0,0.0,0.0,0.0,0.0
2025-03-17 22:00:00,0.0,0.0,0.0,0.0,0.0,0.0
2025-03-17 23:00:00,0.0,0.0,0.0,0.0,0.0,0.0
2025-03-18 00:00:00,0.0,0.0,0.0,0.0,0.0,0.0
2025-03-18 01:00:00,0.0,0.0,0.0,0.0,0.0,0.0
2025-03-18 02:00:00,0.0,0.0,0.0,0.0,0.0,0.0
2025-03-18 03:00:00,0.0,0.0,0.0,0.0,0.0,0.0
2025-03-18 04:00:00,0.0,0.0,0.0,0.0,0.0,0.0
2025-03-18 05:00:00,0.0,32.6,0.0,0.0,0.0,0.0
2025-03-18 06:00:00,10940.0,44.78,0.0,0.0,0.0,0.0
2025-03-18 07:00:00,26944.0,47.45,88.2,31.5,56.7,88.2
2025-03-18 08:00:00,46270.0,55.25,338.2,210.2,127.9,338.2
2025-03-18 09:00:00,59480.0,60.9,563.8,401.8,162.0,563.8
2025-03-18 10:00:00,61160.0,67.15,745.0,536.7,208.3,745.0
2025-03-18 11:00:00,24341.0,55.55,936.2,702.2,233.9,936.2
2025-03-18 12:00:00,21381.0,71.56,878.7,538.6,340.0,878.7
2025-03-18 13:00:00,54160.0,69.15,891.8,558.6,333.3,891.8
2025-03-18 14:00:00,40480.0,63.36,849.2,568.7,280.4,849.2
2025-03-18 15:00:00,25761.0,58.35,739.0,527.5,211.5,739.0
2025-03-18 16:00:00,7244.0,52.35,572.3,412.6,159.7,572.3
2025-03-18 17:00:00,339.0,49.64,267.7,131.5,136.1,267.7
2025-03-18 18:00:00,0.0,0.0,2.8,-0.1,2.9,2.8
2025-03-18 19:00:00,0.0,0.0,0.0,0.0,0.0,0.0
2025-03-18 20:00:00,0.0,0.0,0.0,0.0,0.0,0.0
2025-03-18 21:00:00,0.0,0.0,0.0,0.0,0.0,0.0
2025-03-18 22:00:00,0.0,0.0,0.0,0.0,0.0,0.0
2025-03-18 23:00:00,0.0,0.0,0.0,0.0,0.0,0.0
2025-03-19 00:00:00,0.0,0.0,0.0,0.0,0.0,0.0
2025-03-19 01:00:00,0.0,0.0,0.0,0.0,0.0,0.0
2025-03-19 02:00:00,0.0,0.0,0.0,0.0,0.0,0.0
2025-03-19 03:00:00,0.0,0.0,0.0,0.0,0.0,0.0
2025-03-19 04:00:00,0.0,0.0,0.0,0.0,0.0,0.0
2025-03-19 05:00:00,0.0,36.63,0.0,0.0,0.0,0.0
2025-03-19 06:00:00,9273.0,44.3,0.0,0.0,0.0,0.0
2025-03-19 07:00:00,27324.0,45.99,100.8,40.9,60.0,100.8
2025-03-19 08:00:00,42670.0,54.67,350.3,222.5,127.9,350.3
2025-03-19 09:00:00,53260.0,58.42,587.8,431.7,156.1,587.8
2025-03-19 10:00:00,60570.0,63.63,783.8,591.4,192.4,783.8
2025-03-19 11:00:00,63070.0,67.85,952.0,724.0,228.0,952.0
2025-03-19 12:00:00,61240.0,70.18,1037.8,782.8,255.0,1037.8
2025-03-19 13:00:00,53420.0,69.15,1035.5,779.5,256.0,1035.5
2025-03-19 14:00:00,40310.0,64.31,954.7,728.7,225.9,954.7
2025-03-19 15:00:00,22169.0,57.61,800.3,615.7,184.6,800.3
2025-03-19 16:00:00,10513.0,51.28,575.7,416.8,158.9,575.7
2025-03-19 17:00:00,269.0,49.47,267.2,130.9,136.2,267.2
2025-03-19 18:00:00,0.0,0.0,64.0,13.9,50.1,64.0
2025-03-19 19:00:00,0.0,0.0,0.0,0.0,0.0,0.0
2025-03-19 20:00:00,0.0,0.0,0.0,0.0,0.0,0.0
2025-03-19 21:00:00,0.0,0.0,0.0,0.0,0.0,0.0
2025-03-19 22:00:00,0.0,0.0,0.0,0.0,0.0,0.0
2025-03-19 23:00:00,0.0,0.0,0.0,0.0,0.0,0.0
2025-03-20 00:00:00,0.0,0.0,0.0,0.0,0.0,0.0
2025-03-20 01:00:00,0.0,0.0,0.0,0.0,0.0,0.0
2025-03-20 02:00:00,0.0,0.0,0.0,0.0,0.0,0.0
2025-03-20 03:00:00,0.0,0.0,0.0,0.0,0.0,0.0
2025-03-20 04:00:00,0.0,0.0,0.0,0.0,0.0,0.0
2025-03-20 05:00:00,207.0,34.47,0.0,0.0,0.0,0.0
2025-03-20 06:00:00,10666.0,43.5,0.0,0.0,0.0,0.0
2025-03-20 07:00:00,25783.0,44.87,90.7,32.2,58.5,90.7
2025-03-20 08:00:00,42340.0,55.16,328.2,197.9,130.2,328.2
2025-03-20 09:00:00,48990.0,57.43,572.5,410.8,161.7,572.5
2025-03-20 10:00:00,53610.0,60.05,766.8,565.1,201.7,766.8
2025-03-20 11:00:00,57190.0,64.76,882.3,615.9,266.4,882.3
2025-03-20 12:00:00,60450.0,66.94,960.5,661.3,299.2,960.5
2025-03-20 13:00:00,43980.0,63.95,1010.2,739.3,270.9,1010.2
2025-03-20 14:00:00,20915.0,55.72,610.8,237.4,373.4,610.8
2025-03-20 15:00:00,10825.0,51.0,510.0,212.3,297.7,510.0
2025-03-20 16:00:00,7344.0,52.31,554.5,388.9,165.6,554.5
2025-03-20 17:00:00,283.0,49.77,225.7,88.2,137.4,225.7
2025-03-20 18:00:00,0.0,0.0,19.3,-0.2,19.5,19.3
2025-03-20 19:00:00,0.0,0.0,0.0,0.0,0.0,0.0
2025-03-20 20:00:00,0.0,0.0,0.0,0.0,0.0,0.0
2025-03-20 21:00:00,0.0,0.0,0.0,0.0,0.0,0.0
2025-03-20 22:00:00,0.0,0.0,0.0,0.0,0.0,0.0
2025-03-20 23:00:00,0.0,0.0,0.0,0.0,0.0,0.0
2025-03-21 00:00:00,0.0,0.0,0.0,0.0,0.0,0.0
2025-03-21 01:00:00,0.0,0.0,0.0,0.0,0.0,0.0
2025-03-21 02:00:00,0.0,0.0,0.0,0.0,0.0,0.0
2025-03-21 03:00:00,0.0,0.0,0.0,0.0,0.0,0.0
2025-03-21 04:00:00,0.0,0.0,0.0,0.0,0.0,0.0
2025-03-21 05:00:00,191.0,33.99,0.0,0.0,0.0,0.0
2025-03-21 06:00:00,9881.0,43.37,0.0,0.0,0.0,0.0
2025-03-21 07:00:00,26418.0,45.2,106.8,44.5,62.4,106.8
2025-03-21 08:00:00,23249.0,53.9,355.0,226.3,128.7,355.0
2025-03-21 09:00:00,52690.0,58.14,598.8,443.7,155.2,598.8
2025-03-21 10:00:00,64660.0,61.98,795.2,604.4,190.8,795.2
2025-03-21 11:00:00,65920.0,66.89,901.8,643.9,257.9,901.8
2025-03-21 12:00:00,56890.0,68.31,1003.5,726.7,276.8,1003.5
2025-03-21 13:00:00,32424.0,58.63,922.0,600.9,321.1,922.0
2025-03-21 14:00:00,33030.0,59.64,581.2,204.2,377.0,581.2
2025-03-21 15:00:00,26851.0,57.52,745.2,535.2,210.0,745.2
2025-03-21 16:00:00,8382.0,50.620000000000005,462.3,265.2,197.1,462.3
2025-03-21 17:00:00,261.0,49.04,264.2,127.6,136.6,264.2
2025-03-21 18:00:00,0.0,0.0,61.8,12.6,49.2,61.8
2025-03-21 19:00:00,0.0,0.0,0.0,0.0,0.0,0.0
2025-03-21 20:00:00,0.0,0.0,0.0,0.0,0.0,0.0
2025-03-21 21:00:00,0.0,0.0,0.0,0.0,0.0,0.0
2025-03-21 22:00:00,0.0,0.0,0.0,0.0,0.0,0.0
2025-03-21 23:00:00,0.0,0.0,0.0,0.0,0.0,0.0
2025-03-22 00:00:00,0.0,0.0,0.0,0.0,0.0,0.0
2025-03-22 01:00:00,0.0,0.0,0.0,0.0,0.0,0.0
2025-03-22 02:00:00,0.0,0.0,0.0,0.0,0.0,0.0
2025-03-22 03:00:00,0.0,0.0,0.0,0.0,0.0,0.0
2025-03-22 04:00:00,0.0,0.0,0.0,0.0,0.0,0.0
2025-03-22 05:00:00,0.0,34.93,0.0,0.0,0.0,0.0
2025-03-22 06:00:00,9166.0,43.44,0.0,0.0,0.0,0.0
2025-03-22 07:00:00,23869.0,44.84,102.8,40.7,62.1,102.8
2025-03-22 08:00:00,38140.0,55.38,352.7,223.3,129.4,352.7
2025-03-22 09:00:00,53350.0,58.63,586.7,427.1,159.6,586.7
2025-03-22 10:00:00,59450.0,64.17,789.8,595.1,194.7,789.8
2025-03-22 11:00:00,62180.0,68.49,953.3,720.5,232.9,953.3
2025-03-22 12:00:00,36490.0,64.38,1039.3,780.4,258.9,1039.3
2025-03-22 13:00:00,51270.0,68.23,1036.5,777.4,259.1,1036.5
2025-03-22 14:00:00,39280.0,65.01,956.2,728.5,227.6,956.2
2025-03-22 15:00:00,23477.0,59.2,798.2,611.5,186.6,798.2
2025-03-22 16:00:00,7735.0,51.89,569.5,408.4,161.1,569.5
2025-03-22 17:00:00,279.0,49.38,301.2,168.8,132.3,301.2
2025-03-22 18:00:00,0.0,0.0,59.2,11.1,48.1,59.2
2025-03-22 19:00:00,0.0,0.0,0.0,0.0,0.0,0.0
2025-03-22 20:00:00,0.0,0.0,0.0,0.0,0.0,0.0
2025-03-22 21:00:00,0.0,0.0,0.0,0.0,0.0,0.0
2025-03-22 22:00:00,0.0,0.0,0.0,0.0,0.0,0.0
2025-03-22 23:00:00,0.0,0.0,0.0,0.0,0.0,0.0
2025-03-23 00:00:00,0.0,0.0,0.0,0.0,0.0,0.0
2025-03-23 01:00:00,0.0,0.0,0.0,0.0,0.0,0.0
2025-03-23 02:00:00,0.0,0.0,0.0,0.0,0.0,0.0
2025-03-23 03:00:00,0.0,0.0,0.0,0.0,0.0,0.0
2025-03-23 04:00:00,0.0,0.0,0.0,0.0,0.0,0.0
2025-03-23 05:00:00,467.0,37.29,0.0,0.0,0.0,0.0
2025-03-23 06:00:00,9951.0,44.6,0.0,0.0,0.0,0.0
2025-03-23 07:00:00,29668.0,46.94,97.2,35.5,61.6,97.2
2025-03-23 08:00:00,39880.0,54.45,242.7,101.3,141.4,242.7
2025-03-23 09:00:00,53030.0,59.120000000000005,566.5,399.4,167.1,566.5
2025-03-23 10:00:00,58490.0,63.53,789.8,593.6,196.3,789.8
2025-03-23 11:00:00,62670.0,63.99,946.7,708.6,238.0,946.7
2025-03-23 12:00:00,31265.0,66.49,1038.7,777.9,260.8,1038.7
2025-03-23 13:00:00,51360.0,65.77,1036.2,775.8,260.4,1036.2
2025-03-23 14:00:00,17953.0,60.98,894.3,633.8,260.5,894.3
2025-03-23 15:00:00,11698.0,54.05,664.2,415.0,249.1,664.2
2025-03-23 16:00:00,7125.0,50.02,437.3,232.9,204.5,437.3
2025-03-23 17:00:00,256.0,48.64,253.2,115.8,137.4,253.2
2025-03-23 18:00:00,0.0,0.0,30.3,0.9,29.4,30.3
2025-03-23 19:00:00,0.0,0.0,0.0,0.0,0.0,0.0
2025-03-23 20:00:00,0.0,0.0,0.0,0.0,0.0,0.0
2025-03-23 21:00:00,0.0,0.0,0.0,0.0,0.0,0.0
2025-03-23 22:00:00,0.0,0.0,0.0,0.0,0.0,0.0
2025-03-23 23:00:00,0.0,0.0,0.0,0.0,0.0,0.0
2025-03-24 00:00:00,0.0,0.0,0.0,0.0,0.0,0.0
2025-03-24 01:00:00,0.0,0.0,0.0,0.0,0.0,0.0
2025-03-24 02:00:00,0.0,0.0,0.0,0.0,0.0,0.0
2025-03-24 03:00:00,0.0,0.0,0.0,0.0,0.0,0.0
2025-03-24 04:00:00,0.0,0.0,0.0,0.0,0.0,0.0
2025-03-24 05:00:00,85.0,32.4,0.0,0.0,0.0,0.0
2025-03-24 06:00:00,10266.0,43.5,0.2,0.0,0.2,0.2
2025-03-24 07:00:00,25759.0,44.69,106.2,42.2,63.9,106.2
2025-03-24 08:00:00,38980.0,54.85,353.2,222.7,130.5,353.2
2025-03-24 09:00:00,50440.0,56.49,594.2,434.7,159.5,594.2
2025-03-24 10:00:00,56800.0,61.14,803.8,612.1,191.7,803.8
2025-03-24 11:00:00,60980.0,64.02,963.7,732.5,231.2,963.7
2025-03-24 12:00:00,56260.0,64.92,1042.2,781.9,260.3,1042.2
2025-03-24 13:00:00,50330.0,63.8,1034.8,772.7,262.1,1034.8
2025-03-24 14:00:00,36190.0,60.72,943.8,708.6,235.2,943.8
2025-03-24 15:00:00,20679.0,55.89,779.8,584.7,195.1,779.8
2025-03-24 16:00:00,7407.0,49.47,530.3,355.9,174.4,530.3
2025-03-24 17:00:00,315.0,47.52,278.7,143.5,135.2,278.7
2025-03-24 18:00:00,0.0,0.0,52.0,7.5,44.5,52.0
2025-03-24 19:00:00,0.0,0.0,0.0,0.0,0.0,0.0
2025-03-24 20:00:00,0.0,0.0,0.0,0.0,0.0,0.0
2025-03-24 21:00:00,0.0,0.0,0.0,0.0,0.0,0.0
2025-03-24 22:00:00,0.0,0.0,0.0,0.0,0.0,0.0
2025-03-24 23:00:00,0.0,0.0,0.0,0.0,0.0,0.0
2025-03-25 00:00:00,0.0,0.0,0.0,0.0,0.0,0.0
2025-03-25 01:00:00,0.0,0.0,0.0,0.0,0.0,0.0
2025-03-25 02:00:00,0.0,0.0,0.0,0.0,0.0,0.0
2025-03-25 03:00:00,0.0,0.0,0.0,0.0,0.0,0.0
2025-03-25 04:00:00,0.0,0.0,0.0,0.0,0.0,0.0
2025-03-25 05:00:00,0.0,33.79,0.0,0.0,0.0,0.0
2025-03-25 06:00:00,3690.0,43.16,0.2,-4.1,4.3,0.2
2025-03-25 07:00:00,8123.0,42.75,48.8,4.9,43.9,48.8
2025-03-25 08:00:00,18700.0,45.38,139.3,23.6,115.7,139.3
2025-03-25 09:00:00,35840.0,54.81,285.8,73.5,212.3,285.8
2025-03-25 10:00:00,37080.0,57.11,594.0,307.3,286.7,594.0
2025-03-25 11:00:00,41760.0,58.79,644.3,268.6,375.7,644.3
2025-03-25 12:00:00,27848.0,62.440000000000005,731.0,323.1,407.9,731.0
2025-03-25 13:00:00,52600.0,61.84,876.8,527.6,349.2,876.8
2025-03-25 14:00:00,40230.0,57.61,811.3,505.2,306.1,811.3
2025-03-25 15:00:00,15348.0,55.45,710.2,482.0,228.2,710.2
2025-03-25 16:00:00,7859.0,49.93,476.8,283.8,193.0,476.8
2025-03-25 17:00:00,298.0,48.48,287.0,152.8,134.2,287.0
2025-03-25 18:00:00,0.0,0.0,50.7,6.9,43.7,50.7
2025-03-25 19:00:00,0.0,0.0,0.0,0.0,0.0,0.0
2025-03-25 20:00:00,0.0,0.0,0.0,0.0,0.0,0.0
2025-03-25 21:00:00,0.0,0.0,0.0,0.0,0.0,0.0
2025-03-25 22:00:00,0.0,0.0,0.0,0.0,0.0,0.0
2025-03-25 23:00:00,0.0,0.0,0.0,0.0,0.0,0.0
2025-03-26 00:00:00,0.0,0.0,0.0,0.0,0.0,0.0
2025-03-26 01:00:00,0.0,0.0,0.0,0.0,0.0,0.0
2025-03-26 02:00:00,0.0,0.0,0.0,0.0,0.0,0.0
2025-03-26 03:00:00,0.0,0.0,0.0,0.0,0.0,0.0
2025-03-26 04:00:00,0.0,0.0,0.0,0.0,0.0,0.0
2025-03-26 05:00:00,284.0,33.69,0.0,0.0,0.0,0.0
2025-03-26 06:00:00,10074.0,43.16,0.3,0.0,0.3,0.3
2025-03-26 07:00:00,24873.0,45.1,114.8,48.1,66.7,114.8
2025-03-26 08:00:00,41080.0,55.47,360.7,229.6,131.1,360.7
2025-03-26 09:00:00,52950.0,58.1,596.7,435.9,160.8,596.7
2025-03-26 10:00:00,59970.0,64.53,796.3,598.4,198.0,796.3
2025-03-26 11:00:00,27900.0,60.1,919.3,661.7,257.6,919.3
2025-03-26 12:00:00,23657.0,63.5,931.2,606.8,324.3,931.2
2025-03-26 13:00:00,52410.0,63.620000000000005,751.2,349.7,401.4,751.2
2025-03-26 14:00:00,42310.0,57.52,774.7,450.0,324.7,774.7
2025-03-26 15:00:00,24379.0,55.64,739.7,525.4,214.3,739.7
2025-03-26 16:00:00,9019.0,49.93,524.0,347.2,176.8,524.0
2025-03-26 17:00:00,272.0,48.51,291.5,157.8,133.7,291.5
2025-03-26 18:00:00,0.0,0.0,58.8,10.9,47.9,58.8
2025-03-26 19:00:00,0.0,0.0,0.0,0.0,0.0,0.0
2025-03-26 20:00:00,0.0,0.0,0.0,0.0,0.0,0.0
2025-03-26 21:00:00,0.0,0.0,0.0,0.0,0.0,0.0
2025-03-26 22:00:00,0.0,0.0,0.0,0.0,0.0,0.0
2025-03-26 23:00:00,0.0,0.0,0.0,0.0,0.0,0.0
2025-03-27 00:00:00,0.0,0.0,0.0,0.0,0.0,0.0
2025-03-27 01:00:00,0.0,0.0,0.0,0.0,0.0,0.0
2025-03-27 02:00:00,0.0,0.0,0.0,0.0,0.0,0.0
2025-03-27 03:00:00,0.0,0.0,0.0,0.0,0.0,0.0
2025-03-27 04:00:00,0.0,0.0,0.0,0.0,0.0,0.0
2025-03-27 05:00:00,390.0,33.1,0.0,0.0,0.0,0.0
2025-03-27 06:00:00,10286.0,43.75,0.3,0.0,0.4,0.3
2025-03-27 07:00:00,25284.0,45.53,116.3,48.8,67.5,116.3
2025-03-27 08:00:00,23139.0,55.38,361.8,230.3,131.5,361.8
2025-03-27 09:00:00,56180.0,58.02,585.5,420.1,165.4,585.5
2025-03-27 10:00:00,59720.0,64.26,742.0,516.7,225.3,742.0
2025-03-27 11:00:00,61540.0,68.13,930.7,677.4,253.2,930.7
2025-03-27 12:00:00,58690.0,68.89,1031.2,761.2,270.0,1031.2
2025-03-27 13:00:00,51790.0,65.59,1023.7,752.7,271.0,1023.7
2025-03-27 14:00:00,40030.0,62.7,891.5,626.8,264.7,891.5
2025-03-27 15:00:00,24577.0,56.6,793.3,603.4,190.0,793.3
2025-03-27 16:00:00,9305.0,50.07,578.3,419.5,158.8,578.3
2025-03-27 17:00:00,308.0,48.71,320.2,190.1,130.0,320.2
2025-03-27 18:00:00,0.0,0.0,62.2,12.8,49.4,62.2
2025-03-27 19:00:00,0.0,0.0,0.0,0.0,0.0,0.0
2025-03-27 20:00:00,0.0,0.0,0.0,0.0,0.0,0.0
2025-03-27 21:00:00,0.0,0.0,0.0,0.0,0.0,0.0
2025-03-27 22:00:00,0.0,0.0,0.0,0.0,0.0,0.0
2025-03-27 23:00:00,0.0,0.0,0.0,0.0,0.0,0.0
2025-03-28 00:00:00,0.0,0.0,0.0,0.0,0.0,0.0
2025-03-28 01:00:00,0.0,0.0,0.0,0.0,0.0,0.0
2025-03-28 02:00:00,0.0,0.0,0.0,0.0,0.0,0.0
2025-03-28 03:00:00,0.0,0.0,0.0,0.0,0.0,0.0
2025-03-28 04:00:00,0.0,0.0,0.0,0.0,0.0,0.0
2025-03-28 05:00:00,315.0,34.59,0.0,0.0,0.0,0.0
2025-03-28 06:00:00,10568.0,44.39,0.0,0.0,0.0,0.0
2025-03-28 07:00:00,28212.0,45.92,115.0,47.2,67.8,115.0
2025-03-28 08:00:00,42120.0,54.75,359.3,227.0,132.4,359.3
2025-03-28 09:00:00,51980.0,57.61,576.2,406.6,169.6,576.2
2025-03-28 10:00:00,57570.0,63.45,751.8,529.8,222.0,751.8
2025-03-28 11:00:00,62710.0,67.74,946.5,700.1,246.4,946.5
2025-03-28 12:00:00,67020.0,70.18,1029.7,757.7,271.9,1029.7
2025-03-28 13:00:00,51380.0,62.66,937.7,618.0,319.7,937.7
2025-03-28 14:00:00,39170.0,59.92,714.5,363.5,351.0,714.5
2025-03-28 15:00:00,24814.0,55.98,737.0,521.0,216.0,737.0
2025-03-28 16:00:00,9268.0,50.42,568.7,406.9,161.8,568.7
2025-03-28 17:00:00,286.0,49.34,322.3,192.5,129.8,322.3
2025-03-28 18:00:00,0.0,0.0,66.2,15.2,51.0,66.2
2025-03-28 19:00:00,0.0,0.0,0.0,0.0,0.0,0.0
2025-03-28 20:00:00,0.0,0.0,0.0,0.0,0.0,0.0
2025-03-28 21:00:00,0.0,0.0,0.0,0.0,0.0,0.0
2025-03-28 22:00:00,0.0,0.0,0.0,0.0,0.0,0.0
2025-03-28 23:00:00,0.0,0.0,0.0,0.0,0.0,0.0
2025-03-29 00:00:00,0.0,0.0,0.0,0.0,0.0,0.0
2025-03-29 01:00:00,0.0,0.0,0.0,0.0,0.0,0.0
2025-03-29 02:00:00,0.0,0.0,0.0,0.0,0.0,0.0
2025-03-29 03:00:00,0.0,0.0,0.0,0.0,0.0,0.0
2025-03-29 04:00:00,0.0,0.0,0.0,0.0,0.0,0.0
2025-03-29 05:00:00,354.0,36.3,0.0,0.0,0.0,0.0
2025-03-29 06:00:00,11779.0,44.57,0.7,0.0,0.7,0.7
2025-03-29 07:00:00,33220.0,47.28,123.3,53.5,69.9,123.3
2025-03-29 08:00:00,45920.0,54.38,359.0,226.0,133.0,359.0
2025-03-29 09:00:00,19366.0,55.11,455.3,242.9,212.4,455.3
2025-03-29 10:00:00,65320.0,66.4,494.0,182.4,311.6,494.0
2025-03-29 11:00:00,74370.0,63.54,859.2,564.1,295.1,859.2
2025-03-29 12:00:00,35900.0,62.35,881.2,527.3,353.9,881.2
2025-03-29 13:00:00,18523.0,59.0,749.7,346.0,403.6,749.7
2025-03-29 14:00:00,46400.0,59.4,605.7,227.4,378.2,605.7
2025-03-29 15:00:00,35570.0,52.04,602.7,326.6,276.0,602.7
2025-03-29 16:00:00,6538.0,50.23,370.8,154.7,216.2,370.8
2025-03-29 17:00:00,164.0,48.24,177.3,47.9,129.4,177.3
2025-03-29 18:00:00,0.0,0.0,41.8,3.6,38.2,41.8
2025-03-29 19:00:00,0.0,0.0,0.0,0.0,0.0,0.0
2025-03-29 20:00:00,0.0,0.0,0.0,0.0,0.0,0.0
2025-03-29 21:00:00,0.0,0.0,0.0,0.0,0.0,0.0
2025-03-29 22:00:00,0.0,0.0,0.0,0.0,0.0,0.0
2025-03-29 23:00:00,0.0,0.0,0.0,0.0,0.0,0.0
2025-03-30 00:00:00,0.0,0.0,0.0,0.0,0.0,0.0
2025-03-30 01:00:00,0.0,0.0,0.0,0.0,0.0,0.0
2025-03-30 02:00:00,0.0,0.0,0.0,0.0,0.0,0.0
2025-03-30 03:00:00,0.0,0.0,0.0,0.0,0.0,0.0
2025-03-30 04:00:00,0.0,0.0,0.0,0.0,0.0,0.0
2025-03-30 05:00:00,153.0,36.51,0.0,0.0,0.0,0.0
2025-03-30 06:00:00,5287.0,44.87,0.8,-0.1,0.9,0.8
2025-03-30 07:00:00,27982.0,48.34,110.5,42.2,68.3,110.5
2025-03-30 08:00:00,43050.0,55.04,370.7,238.2,132.4,370.7
2025-03-30 09:00:00,48600.0,60.5,603.0,440.3,162.7,603.0
2025-03-30 10:00:00,71380.0,66.12,795.8,592.0,203.9,795.8
2025-03-30 11:00:00,31234.0,60.620000000000005,871.8,582.0,289.8,871.8
2025-03-30 12:00:00,17120.0,69.9,780.8,383.5,397.3,780.8
2025-03-30 13:00:00,15696.0,66.45,972.3,670.4,301.9,972.3
2025-03-30 14:00:00,3819.0,51.59,691.0,331.1,359.9,691.0
2025-03-30 15:00:00,2031.0,51.4,335.7,59.4,276.2,335.7
2025-03-30 16:00:00,6828.0,48.78,219.0,36.2,182.8,219.0
2025-03-30 17:00:00,198.0,48.54,201.3,66.4,134.9,201.3
2025-03-30 18:00:00,0.0,0.0,68.7,16.8,51.9,68.7
2025-03-30 19:00:00,0.0,0.0,0.0,0.0,0.0,0.0
2025-03-30 20:00:00,0.0,0.0,0.0,0.0,0.0,0.0
2025-03-30 21:00:00,0.0,0.0,0.0,0.0,0.0,0.0
2025-03-30 22:00:00,0.0,0.0,0.0,0.0,0.0,0.0
2025-03-30 23:00:00,0.0,0.0,0.0,0.0,0.0,0.0
2025-03-31 00:00:00,0.0,0.0,0.0,0.0,0.0,0.0
2025-03-31 01:00:00,0.0,0.0,0.0,0.0,0.0,0.0
2025-03-31 02:00:00,0.0,0.0,0.0,0.0,0.0,0.0
2025-03-31 03:00:00,0.0,0.0,0.0,0.0,0.0,0.0
2025-03-31 04:00:00,0.0,0.0,0.0,0.0,0.0,0.0
2025-03-31 05:00:00,403.0,37.29,0.0,0.0,0.0,0.0
2025-03-31 06:00:00,6938.0,44.81,1.2,-0.1,1.2,1.2
2025-03-31 07:00:00,18231.0,45.14,85.5,22.2,63.3,85.5
2025-03-31 08:00:00,20133.0,50.55,303.7,160.7,143.0,303.7
2025-03-31 09:00:00,28398.0,55.120000000000005,434.3,214.6,219.7,434.3
2025-03-31 10:00:00,47910.0,56.39,468.3,154.5,313.8,468.3
2025-03-31 11:00:00,39440.0,56.4,587.2,198.5,388.7,587.2
2025-03-31 12:00:00,13915.0,50.96,579.8,161.0,418.8,579.8
2025-03-31 13:00:00,22293.0,52.16,391.5,46.3,345.2,391.5
2025-03-31 14:00:00,21602.0,54.81,346.3,33.5,312.8,346.3
2025-03-31 15:00:00,9325.0,50.45,372.7,83.1,289.6,372.7
2025-03-31 16:00:00,1818.0,49.26,321.3,106.2,215.2,321.3
2025-03-31 17:00:00,0.0,46.13,76.7,5.0,71.7,76.7
2025-03-31 18:00:00,0.0,0.0,49.8,6.6,43.3,49.8
2025-03-31 19:00:00,0.0,0.0,0.0,0.0,0.0,0.0
2025-03-31 20:00:00,0.0,0.0,0.0,0.0,0.0,0.0
2025-03-31 21:00:00,0.0,0.0,0.0,0.0,0.0,0.0
2025-03-31 22:00:00,0.0,0.0,0.0,0.0,0.0,0.0
2025-03-31 23:00:00,0.0,0.0,0.0,0.0,0.0,0.0
2025-04-01 00:00:00,0.0,0.0,0.0,0.0,0.0,0.0
2025-04-01 01:00:00,0.0,0.0,0.0,0.0,0.0,0.0
2025-04-01 02:00:00,0.0,0.0,0.0,0.0,0.0,0.0
2025-04-01 03:00:00,0.0,0.0,0.0,0.0,0.0,0.0
2025-04-01 04:00:00,0.0,0.0,0.0,0.0,0.0,0.0
2025-04-01 05:00:00,387.0,33.43,0.0,0.0,0.0,0.0
2025-04-01 06:00:00,5861.0,44.66,0.7,-0.1,0.7,0.7
2025-04-01 07:00:00,14739.0,44.66,100.8,33.1,67.7,100.8
2025-04-01 08:00:00,19517.0,49.77,312.3,169.8,142.5,312.3
2025-04-01 09:00:00,20339.0,52.2,361.0,132.8,228.2,361.0
2025-04-01 10:00:00,24231.0,54.14,454.7,140.7,314.0,454.7
2025-04-01 11:00:00,22212.0,54.27,496.3,115.7,380.6,496.3
2025-04-01 12:00:00,13265.0,53.120000000000005,289.5,20.9,268.6,289.5
2025-04-01 13:00:00,7505.0,51.63,907.2,568.3,338.9,907.2
2025-04-01 14:00:00,2878.0,47.870000000000005,247.5,7.4,240.1,247.5
2025-04-01 15:00:00,7723.0,46.91,213.0,11.4,201.6,213.0
2025-04-01 16:00:00,4001.0,46.62,375.0,159.2,215.8,375.0
2025-04-01 17:00:00,0.0,43.22,76.5,5.0,71.5,76.5
2025-04-01 18:00:00,0.0,0.0,23.5,0.1,23.4,23.5
2025-04-01 19:00:00,0.0,0.0,0.0,0.0,0.0,0.0
2025-04-01 20:00:00,0.0,0.0,0.0,0.0,0.0,0.0
2025-04-01 21:00:00,0.0,0.0,0.0,0.0,0.0,0.0
2025-04-01 22:00:00,0.0,0.0,0.0,0.0,0.0,0.0
2025-04-01 23:00:00,0.0,0.0,0.0,0.0,0.0,0.0
2025-04-02 00:00:00,0.0,0.0,0.0,0.0,0.0,0.0
2025-04-02 01:00:00,0.0,0.0,0.0,0.0,0.0,0.0
2025-04-02 02:00:00,0.0,0.0,0.0,0.0,0.0,0.0
2025-04-02 03:00:00,0.0,0.0,0.0,0.0,0.0,0.0
2025-04-02 04:00:00,0.0,0.0,0.0,0.0,0.0,0.0
2025-04-02 05:00:00,0.0,36.05,0.0,0.0,0.0,0.0
2025-04-02 06:00:00,6388.0,43.35,1.3,-0.1,1.4,1.3
2025-04-02 07:00:00,15322.0,42.41,120.0,48.4,71.6,120.0
2025-04-02 08:00:00,29648.0,51.52,257.3,108.6,148.7,257.3
2025-04-02 09:00:00,22944.0,53.94,431.0,208.5,222.5,431.0
2025-04-02 10:00:00,30377.0,53.77,388.8,86.3,302.5,388.8
2025-04-02 11:00:00,43550.0,55.04,550.2,160.7,389.4,550.2
2025-04-02 12:00:00,29508.0,57.44,668.5,246.1,422.4,668.5
2025-04-02 13:00:00,13237.0,58.55,621.7,199.8,421.9,621.7
2025-04-02 14:00:00,28027.0,57.69,637.5,263.1,374.4,637.5
2025-04-02 15:00:00,32550.0,56.49,566.0,277.8,288.2,566.0
2025-04-02 16:00:00,5912.0,51.01,538.5,366.7,171.8,538.5
2025-04-02 17:00:00,377.0,49.08,109.5,13.1,96.4,109.5
2025-04-02 18:00:00,0.0,0.0,20.0,-0.1,20.1,20.0
2025-04-02 19:00:00,0.0,0.0,0.0,0.0,0.0,0.0
2025-04-02 20:00:00,0.0,0.0,0.0,0.0,0.0,0.0
2025-04-02 21:00:00,0.0,0.0,0.0,0.0,0.0,0.0
2025-04-02 22:00:00,0.0,0.0,0.0,0.0,0.0,0.0
2025-04-02 23:00:00,0.0,0.0,0.0,0.0,0.0,0.0
2025-04-03 00:00:00,0.0,0.0,0.0,0.0,0.0,0.0
2025-04-03 01:00:00,0.0,0.0,0.0,0.0,0.0,0.0
2025-04-03 02:00:00,0.0,0.0,0.0,0.0,0.0,0.0
2025-04-03 03:00:00,0.0,0.0,0.0,0.0,0.0,0.0
2025-04-03 04:00:00,0.0,0.0,0.0,0.0,0.0,0.0
2025-04-03 05:00:00,828.0,37.64,0.0,0.0,0.0,0.0
2025-04-03 06:00:00,16363.0,44.96,0.8,-0.1,0.9,0.8
2025-04-03 07:00:00,32700.0,49.72,129.0,55.5,73.5,129.0
2025-04-03 08:00:00,47460.0,55.89,373.2,238.6,134.5,373.2
2025-04-03 09:00:00,56990.0,61.75,611.7,447.8,163.9,611.7
2025-04-03 10:00:00,26732.0,68.08,817.5,618.3,199.2,817.5
2025-04-03 11:00:00,67880.0,71.71000000000001,955.0,704.6,250.4,955.0
2025-04-03 12:00:00,67780.0,69.45,935.2,605.1,330.1,935.2
2025-04-03 13:00:00,59040.0,66.35,883.7,531.7,352.0,883.7
2025-04-03 14:00:00,8824.0,61.98,823.3,519.4,303.9,823.3
2025-04-03 15:00:00,11651.0,54.620000000000005,797.3,608.3,189.0,797.3
2025-04-03 16:00:00,10424.0,51.7,525.0,348.5,176.5,525.0
2025-04-03 17:00:00,341.0,48.98,322.3,192.7,129.7,322.3
2025-04-03 18:00:00,0.0,0.0,66.0,15.1,50.9,66.0
2025-04-03 19:00:00,0.0,0.0,0.0,0.0,0.0,0.0
2025-04-03 20:00:00,0.0,0.0,0.0,0.0,0.0,0.0
2025-04-03 21:00:00,0.0,0.0,0.0,0.0,0.0,0.0
2025-04-03 22:00:00,0.0,0.0,0.0,0.0,0.0,0.0
2025-04-03 23:00:00,0.0,0.0,0.0,0.0,0.0,0.0
2025-04-04 00:00:00,0.0,0.0,0.0,0.0,0.0,0.0
2025-04-04 01:00:00,0.0,0.0,0.0,0.0,0.0,0.0
2025-04-04 02:00:00,0.0,0.0,0.0,0.0,0.0,0.0
2025-04-04 03:00:00,0.0,0.0,0.0,0.0,0.0,0.0
2025-04-04 04:00:00,0.0,0.0,0.0,0.0,0.0,0.0
2025-04-04 05:00:00,466.0,37.11,0.0,0.0,0.0,0.0
2025-04-04 06:00:00,6289.0,44.33,1.7,-0.1,1.8,1.7
2025-04-04 07:00:00,25033.0,44.66,134.0,59.2,74.8,134.0
2025-04-04 08:00:00,44510.0,56.18,353.3,215.2,138.1,353.3
2025-04-04 09:00:00,53850.0,61.61,578.2,401.5,176.7,578.2
2025-04-04 10:00:00,61670.0,68.31,812.0,609.0,203.0,812.0
2025-04-04 11:00:00,72490.0,65.59,968.0,723.2,244.8,968.0
2025-04-04 12:00:00,57210.0,63.99,933.0,601.0,332.0,933.0
2025-04-04 13:00:00,33510.0,63.36,786.0,391.4,394.6,786.0
2025-04-04 14:00:00,49750.0,62.3,736.0,391.2,344.8,736.0
2025-04-04 15:00:00,9255.0,53.61,626.3,359.0,267.4,626.3
2025-04-04 16:00:00,6860.0,49.8,530.2,355.6,174.6,530.2
2025-04-04 17:00:00,237.0,49.04,171.8,44.2,127.6,171.8
2025-04-04 18:00:00,0.0,0.0,53.3,8.1,45.2,53.3
2025-04-04 19:00:00,0.0,0.0,0.0,0.0,0.0,0.0
2025-04-04 20:00:00,0.0,0.0,0.0,0.0,0.0,0.0
2025-04-04 21:00:00,0.0,0.0,0.0,0.0,0.0,0.0
2025-04-04 22:00:00,0.0,0.0,0.0,0.0,0.0,0.0
2025-04-04 23:00:00,0.0,0.0,0.0,0.0,0.0,0.0
2025-04-05 00:00:00,0.0,0.0,0.0,0.0,0.0,0.0
2025-04-05 01:00:00,0.0,0.0,0.0,0.0,0.0,0.0
2025-04-05 02:00:00,0.0,0.0,0.0,0.0,0.0,0.0
2025-04-05 03:00:00,0.0,0.0,0.0,0.0,0.0,0.0
2025-04-05 04:00:00,0.0,0.0,0.0,0.0,0.0,0.0
2025-04-05 05:00:00,726.0,37.2,0.0,0.0,0.0,0.0
2025-04-05 06:00:00,13131.0,44.6,1.5,-0.1,1.6,1.5
2025-04-05 07:00:00,29962.0,47.63,140.0,63.7,76.3,140.0
2025-04-05 08:00:00,30797.0,55.85,389.7,255.7,133.9,389.7
2025-04-05 09:00:00,55770.0,61.19,616.2,451.9,164.3,616.2
2025-04-05 10:00:00,58490.0,68.07000000000001,818.0,616.5,201.5,818.0
2025-04-05 11:00:00,25741.0,63.95,975.7,733.6,242.0,975.7
2025-04-05 12:00:00,41080.0,62.03,900.7,551.0,349.6,900.7
2025-04-05 13:00:00,24000.0,58.02,656.5,234.6,421.9,656.5
2025-04-05 14:00:00,42970.0,58.63,677.2,311.8,365.3,677.2
2025-04-05 15:00:00,25491.0,56.35,640.8,379.5,261.3,640.8
2025-04-05 16:00:00,9025.0,50.16,542.0,371.6,170.4,542.0
2025-04-05 17:00:00,227.0,49.11,292.3,159.0,133.3,292.3
2025-04-05 18:00:00,0.0,0.0,55.7,9.3,46.4,55.7
2025-04-05 19:00:00,0.0,0.0,0.0,0.0,0.0,0.0
2025-04-05 20:00:00,0.0,0.0,0.0,0.0,0.0,0.0
2025-04-05 21:00:00,0.0,0.0,0.0,0.0,0.0,0.0
2025-04-05 22:00:00,0.0,0.0,0.0,0.0,0.0,0.0
2025-04-05 23:00:00,0.0,0.0,0.0,0.0,0.0,0.0
2025-04-06 00:00:00,0.0,0.0,0.0,0.0,0.0,0.0
2025-04-06 01:00:00,0.0,0.0,0.0,0.0,0.0,0.0
2025-04-06 02:00:00,0.0,0.0,0.0,0.0,0.0,0.0
2025-04-06 03:00:00,0.0,0.0,0.0,0.0,0.0,0.0
2025-04-06 04:00:00,0.0,0.0,0.0,0.0,0.0,0.0
2025-04-06 05:00:00,911.0,38.46,0.0,0.0,0.0,0.0
2025-04-06 06:00:00,13834.0,44.9,1.5,-0.1,1.6,1.5
2025-04-06 07:00:00,33620.0,47.43,135.0,59.0,76.0,135.0
2025-04-06 08:00:00,44870.0,55.64,370.5,233.7,136.8,370.5
2025-04-06 09:00:00,57950.0,63.09,610.7,443.6,167.1,610.7
2025-04-06 10:00:00,32850.0,65.24,812.2,606.8,205.4,812.2
2025-04-06 11:00:00,28686.0,63.59,809.8,478.6,331.2,809.8
2025-04-06 12:00:00,23184.0,66.68,669.3,246.2,423.2,669.3
2025-04-06 13:00:00,46900.0,68.26,849.3,479.7,369.6,849.3
2025-04-06 14:00:00,46450.0,63.34,850.0,559.7,290.3,850.0
2025-04-06 15:00:00,11768.0,57.98,733.7,515.6,218.1,733.7
2025-04-06 16:00:00,10129.0,51.51,503.2,319.2,183.9,503.2
2025-04-06 17:00:00,308.0,49.34,270.0,134.1,135.9,270.0
2025-04-06 18:00:00,0.0,0.0,53.0,8.0,45.0,53.0
2025-04-06 19:00:00,0.0,0.0,0.0,0.0,0.0,0.0
2025-04-06 20:00:00,0.0,0.0,0.0,0.0,0.0,0.0
2025-04-06 21:00:00,0.0,0.0,0.0,0.0,0.0,0.0
2025-04-06 22:00:00,0.0,0.0,0.0,0.0,0.0,0.0
2025-04-06 23:00:00,0.0,0.0,0.0,0.0,0.0,0.0
2025-04-07 00:00:00,0.0,0.0,0.0,0.0,0.0,0.0
2025-04-07 01:00:00,0.0,0.0,0.0,0.0,0.0,0.0
2025-04-07 02:00:00,0.0,0.0,0.0,0.0,0.0,0.0
2025-04-07 03:00:00,0.0,0.0,0.0,0.0,0.0,0.0
2025-04-07 04:00:00,0.0,0.0,0.0,0.0,0.0,0.0
2025-04-07 05:00:00,1026.0,39.85,0.0,0.0,0.0,0.0
2025-04-07 06:00:00,12807.0,44.3,1.3,-0.1,1.4,1.3
2025-04-07 07:00:00,30210.0,49.34,139.5,62.3,77.2,139.5
2025-04-07 08:00:00,45250.0,55.64,387.8,252.7,135.2,387.8
2025-04-07 09:00:00,54310.0,60.81,627.3,464.8,162.5,627.3
2025-04-07 10:00:00,62080.0,66.43,838.0,643.2,194.8,838.0
2025-04-07 11:00:00,65820.0,71.36,987.5,749.3,238.2,987.5
2025-04-07 12:00:00,64940.0,76.06,1059.2,795.4,263.8,1059.2
2025-04-07 13:00:00,53760.0,72.06,980.5,679.2,301.3,980.5
2025-04-07 14:00:00,43110.0,67.56,932.7,686.8,245.9,932.7
2025-04-07 15:00:00,28207.0,60.1,799.2,611.1,188.0,799.2
2025-04-07 16:00:00,10562.0,52.53,524.5,348.2,176.3,524.5
2025-04-07 17:00:00,268.0,49.44,244.8,107.4,137.4,244.8
2025-04-07 18:00:00,0.0,0.0,34.3,1.7,32.6,34.3
2025-04-07 19:00:00,0.0,0.0,0.0,0.0,0.0,0.0
2025-04-07 20:00:00,0.0,0.0,0.0,0.0,0.0,0.0
2025-04-07 21:00:00,0.0,0.0,0.0,0.0,0.0,0.0
2025-04-07 22:00:00,0.0,0.0,0.0,0.0,0.0,0.0
2025-04-07 23:00:00,0.0,0.0,0.0,0.0,0.0,0.0
2025-04-08 00:00:00,0.0,0.0,0.0,0.0,0.0,0.0
2025-04-08 01:00:00,0.0,0.0,0.0,0.0,0.0,0.0
2025-04-08 02:00:00,0.0,0.0,0.0,0.0,0.0,0.0
2025-04-08 03:00:00,0.0,0.0,0.0,0.0,0.0,0.0
2025-04-08 04:00:00,0.0,0.0,0.0,0.0,0.0,0.0
2025-04-08 05:00:00,1361.0,39.74,0.0,0.0,0.0,0.0
2025-04-08 06:00:00,7764.0,43.29,1.8,-0.1,2.0,1.8
2025-04-08 07:00:00,14018.0,44.21,90.0,21.9,68.1,90.0
2025-04-08 08:00:00,41770.0,53.09,174.5,38.4,136.1,174.5
2025-04-08 09:00:00,31195.0,52.370000000000005,429.0,200.3,228.7,429.0
2025-04-08 10:00:00,43250.0,54.66,449.7,131.1,318.5,449.7
2025-04-08 11:00:00,32350.0,62.440000000000005,760.7,405.3,355.4,760.7
2025-04-08 12:00:00,55640.0,60.57,830.8,447.5,383.4,830.8
2025-04-08 13:00:00,29223.0,59.6,772.8,372.8,400.0,772.8
2025-04-08 14:00:00,10783.0,54.41,716.3,363.6,352.7,716.3
2025-04-08 15:00:00,11943.0,50.69,441.0,138.8,302.2,441.0
2025-04-08 16:00:00,5600.0,51.85,391.3,177.8,213.5,391.3
2025-04-08 17:00:00,329.0,50.04,298.7,166.3,132.3,298.7
2025-04-08 18:00:00,0.0,0.0,56.7,9.8,46.9,56.7
2025-04-08 19:00:00,0.0,0.0,0.0,0.0,0.0,0.0
2025-04-08 20:00:00,0.0,0.0,0.0,0.0,0.0,0.0
2025-04-08 21:00:00,0.0,0.0,0.0,0.0,0.0,0.0
2025-04-08 22:00:00,0.0,0.0,0.0,0.0,0.0,0.0
2025-04-08 23:00:00,0.0,0.0,0.0,0.0,0.0,0.0
2025-04-09 00:00:00,0.0,0.0,0.0,0.0,0.0,0.0
2025-04-09 01:00:00,0.0,0.0,0.0,0.0,0.0,0.0
2025-04-09 02:00:00,0.0,0.0,0.0,0.0,0.0,0.0
2025-04-09 03:00:00,0.0,0.0,0.0,0.0,0.0,0.0
2025-04-09 04:00:00,0.0,0.0,0.0,0.0,0.0,0.0
2025-04-09 05:00:00,368.0,37.18,0.0,0.0,0.0,0.0
2025-04-09 06:00:00,12506.0,44.12,2.3,-0.2,2.5,2.3
2025-04-09 07:00:00,28747.0,48.14,147.2,67.8,79.4,147.2
2025-04-09 08:00:00,44880.0,56.11,388.8,252.7,136.1,388.8
2025-04-09 09:00:00,54170.0,61.48,615.5,447.3,168.2,615.5
2025-04-09 10:00:00,35840.0,61.42,808.0,597.3,210.7,808.0
2025-04-09 11:00:00,22894.0,59.08,720.7,349.5,371.2,720.7
2025-04-09 12:00:00,71230.0,55.94,466.8,84.0,382.8,466.8
2025-04-09 13:00:00,16857.0,52.83,547.8,135.2,412.6,547.8
2025-04-09 14:00:00,13518.0,55.42,499.5,123.9,375.6,499.5
2025-04-09 15:00:00,26762.0,52.15,513.8,214.7,299.2,513.8
2025-04-09 16:00:00,8826.0,52.03,352.3,136.0,216.3,352.3
2025-04-09 17:00:00,243.0,48.57,156.3,34.6,121.8,156.3
2025-04-09 18:00:00,0.0,0.0,62.2,12.8,49.3,62.2
2025-04-09 19:00:00,0.0,0.0,0.0,0.0,0.0,0.0
2025-04-09 20:00:00,0.0,0.0,0.0,0.0,0.0,0.0
2025-04-09 21:00:00,0.0,0.0,0.0,0.0,0.0,0.0
2025-04-09 22:00:00,0.0,0.0,0.0,0.0,0.0,0.0
2025-04-09 23:00:00,0.0,0.0,0.0,0.0,0.0,0.0
2025-04-10 00:00:00,0.0,0.0,0.0,0.0,0.0,0.0
2025-04-10 01:00:00,0.0,0.0,0.0,0.0,0.0,0.0
2025-04-10 02:00:00,0.0,0.0,0.0,0.0,0.0,0.0
2025-04-10 03:00:00,0.0,0.0,0.0,0.0,0.0,0.0
2025-04-10 04:00:00,0.0,0.0,0.0,0.0,0.0,0.0
2025-04-10 05:00:00,849.0,39.06,0.0,0.0,0.0,0.0
2025-04-10 06:00:00,12765.0,44.36,3.0,-0.2,3.2,3.0
2025-04-10 07:00:00,29867.0,49.61,136.2,57.7,78.4,136.2
2025-04-10 08:00:00,50960.0,53.83,372.2,232.9,139.3,372.2
2025-04-10 09:00:00,20097.0,55.04,560.0,370.0,190.0,560.0
2025-04-10 10:00:00,23043.0,63.09,581.8,272.3,309.5,581.8
2025-04-10 11:00:00,60430.0,64.13,665.8,278.9,386.9,665.8
2025-04-10 12:00:00,25342.0,60.38,758.2,349.5,408.7,758.2
2025-04-10 13:00:00,24991.0,64.22,597.5,176.5,421.0,597.5
2025-04-10 14:00:00,16353.0,53.09,753.8,416.2,337.6,753.8
2025-04-10 15:00:00,20225.0,54.03,458.2,155.4,302.8,458.2
2025-04-10 16:00:00,3854.0,50.27,329.3,114.0,215.4,329.3
2025-04-10 17:00:00,0.0,45.99,215.8,79.4,136.4,215.8
2025-04-10 18:00:00,0.0,0.0,4.0,-0.1,4.1,4.0
2025-04-10 19:00:00,0.0,0.0,0.0,0.0,0.0,0.0
2025-04-10 20:00:00,0.0,0.0,0.0,0.0,0.0,0.0
2025-04-10 21:00:00,0.0,0.0,0.0,0.0,0.0,0.0
2025-04-10 22:00:00,0.0,0.0,0.0,0.0,0.0,0.0
2025-04-10 23:00:00,0.0,0.0,0.0,0.0,0.0,0.0
2025-04-11 00:00:00,0.0,0.0,0.0,0.0,0.0,0.0
2025-04-11 01:00:00,0.0,0.0,0.0,0.0,0.0,0.0
2025-04-11 02:00:00,0.0,0.0,0.0,0.0,0.0,0.0
2025-04-11 03:00:00,0.0,0.0,0.0,0.0,0.0,0.0
2025-04-11 04:00:00,0.0,0.0,0.0,0.0,0.0,0.0
2025-04-11 05:00:00,368.0,38.78,0.0,0.0,0.0,0.0
2025-04-11 06:00:00,13389.0,44.15,4.2,-0.2,4.3,4.2
2025-04-11 07:00:00,29630.0,46.69,132.2,53.7,78.5,132.2
2025-04-11 08:00:00,49260.0,54.78,302.7,150.6,152.1,302.7
2025-04-11 09:00:00,43970.0,58.51,536.8,337.0,199.9,536.8
2025-04-11 10:00:00,25283.0,55.25,682.3,408.3,274.0,682.3
2025-04-11 11:00:00,33040.0,59.96,530.8,139.0,391.8,530.8
2025-04-11 12:00:00,72030.0,62.26,631.3,207.4,423.9,631.3
2025-04-11 13:00:00,48970.0,66.61,858.2,491.7,366.5,858.2
2025-04-11 14:00:00,53050.0,60.48,826.8,524.4,302.4,826.8
2025-04-11 15:00:00,31964.0,58.46,369.0,80.8,288.2,369.0
2025-04-11 16:00:00,10233.0,51.17,274.5,69.4,205.1,274.5
2025-04-11 17:00:00,0.0,49.08,236.5,99.2,137.3,236.5
2025-04-11 18:00:00,0.0,0.0,75.5,21.7,53.8,75.5
2025-04-11 19:00:00,0.0,0.0,0.0,0.0,0.0,0.0
2025-04-11 20:00:00,0.0,0.0,0.0,0.0,0.0,0.0
2025-04-11 21:00:00,0.0,0.0,0.0,0.0,0.0,0.0
2025-04-11 22:00:00,0.0,0.0,0.0,0.0,0.0,0.0
2025-04-11 23:00:00,0.0,0.0,0.0,0.0,0.0,0.0
2025-04-12 00:00:00,0.0,0.0,0.0,0.0,0.0,0.0
2025-04-12 01:00:00,0.0,0.0,0.0,0.0,0.0,0.0
2025-04-12 02:00:00,0.0,0.0,0.0,0.0,0.0,0.0
2025-04-12 03:00:00,0.0,0.0,0.0,0.0,0.0,0.0
2025-04-12 04:00:00,0.0,0.0,0.0,0.0,0.0,0.0
2025-04-12 05:00:00,771.0,39.68,0.0,0.0,0.0,0.0
2025-04-12 06:00:00,15229.0,44.66,4.0,-0.2,4.2,4.0
2025-04-12 07:00:00,33970.0,51.2,154.0,72.2,81.8,154.0
2025-04-12 08:00:00,48460.0,56.99,395.3,258.4,136.9,395.3
2025-04-12 09:00:00,64710.0,61.42,608.7,435.5,173.2,608.7
2025-04-12 10:00:00,68440.0,67.1,763.0,526.9,236.1,763.0
2025-04-12 11:00:00,15435.0,70.06,915.5,634.1,281.4,915.5
2025-04-12 12:00:00,22112.0,67.87,924.5,584.3,340.2,924.5
2025-04-12 13:00:00,19964.0,57.77,895.0,546.4,348.6,895.0
2025-04-12 14:00:00,48340.0,64.12,749.8,410.7,339.1,749.8
2025-04-12 15:00:00,10902.0,51.85,675.5,430.6,244.9,675.5
2025-04-12 16:00:00,11069.0,52.26,436.8,232.9,203.9,436.8
2025-04-12 17:00:00,324.0,49.67,279.8,145.4,134.4,279.8
2025-04-12 18:00:00,0.0,0.0,63.3,13.5,49.8,63.3
2025-04-12 19:00:00,0.0,0.0,0.0,0.0,0.0,0.0
2025-04-12 20:00:00,0.0,0.0,0.0,0.0,0.0,0.0
2025-04-12 21:00:00,0.0,0.0,0.0,0.0,0.0,0.0
2025-04-12 22:00:00,0.0,0.0,0.0,0.0,0.0,0.0
2025-04-12 23:00:00,0.0,0.0,0.0,0.0,0.0,0.0
2025-04-13 00:00:00,0.0,0.0,0.0,0.0,0.0,0.0
2025-04-13 01:00:00,0.0,0.0,0.0,0.0,0.0,0.0
2025-04-13 02:00:00,0.0,0.0,0.0,0.0,0.0,0.0
2025-04-13 03:00:00,0.0,0.0,0.0,0.0,0.0,0.0
2025-04-13 04:00:00,0.0,0.0,0.0,0.0,0.0,0.0
2025-04-13 05:00:00,971.0,38.61,0.0,0.0,0.0,0.0
2025-04-13 06:00:00,11630.0,44.93,3.0,-0.2,3.2,3.0
2025-04-13 07:00:00,31687.0,50.47,142.5,61.7,80.8,142.5
2025-04-13 08:00:00,41620.0,55.19,358.8,215.1,143.8,358.8
2025-04-13 09:00:00,58690.0,60.67,617.7,446.9,170.8,617.7
2025-04-13 10:00:00,35130.0,62.86,779.5,550.7,228.8,779.5
2025-04-13 11:00:00,30192.0,56.86,897.7,605.7,291.9,897.7
2025-04-13 12:00:00,37270.0,58.92,673.0,249.7,423.3,673.0
2025-04-13 13:00:00,12943.0,61.09,705.2,288.0,417.1,705.2
2025-04-13 14:00:00,44460.0,56.91,661.0,291.6,369.4,661.0
2025-04-13 15:00:00,13483.0,53.64,606.2,332.2,273.9,606.2
2025-04-13 16:00:00,1845.0,50.58,396.2,183.9,212.2,396.2
2025-04-13 17:00:00,0.0,47.56,231.2,94.0,137.1,231.2
2025-04-13 18:00:00,0.0,0.0,73.8,20.5,53.4,73.8
2025-04-13 19:00:00,0.0,0.0,0.0,0.0,0.0,0.0
2025-04-13 20:00:00,0.0,0.0,0.0,0.0,0.0,0.0
2025-04-13 21:00:00,0.0,0.0,0.0,0.0,0.0,0.0
2025-04-13 22:00:00,0.0,0.0,0.0,0.0,0.0,0.0
2025-04-13 23:00:00,0.0,0.0,0.0,0.0,0.0,0.0
2025-04-14 00:00:00,0.0,0.0,0.0,0.0,0.0,0.0
2025-04-14 01:00:00,0.0,0.0,0.0,0.0,0.0,0.0
2025-04-14 02:00:00,0.0,0.0,0.0,0.0,0.0,0.0
2025-04-14 03:00:00,0.0,0.0,0.0,0.0,0.0,0.0
2025-04-14 04:00:00,0.0,0.0,0.0,0.0,0.0,0.0
2025-04-14 05:00:00,1109.0,39.93,0.0,0.0,0.0,0.0
2025-04-14 06:00:00,15732.0,44.39,4.5,-0.2,4.7,4.5
2025-04-14 07:00:00,19679.0,49.0,156.3,73.4,82.9,156.3
2025-04-14 08:00:00,47330.0,56.36,386.7,247.4,139.3,386.7
2025-04-14 09:00:00,59090.0,61.48,621.8,451.8,170.1,621.8
2025-04-14 10:00:00,61940.0,68.54,811.7,597.8,213.8,811.7
2025-04-14 11:00:00,74590.0,70.62,950.5,686.8,263.7,950.5
2025-04-14 12:00:00,19946.0,62.58,950.2,623.3,326.8,950.2
2025-04-14 13:00:00,62570.0,65.98,796.0,403.4,392.6,796.0
2025-04-14 14:00:00,42380.0,60.72,700.2,342.4,357.8,700.2
2025-04-14 15:00:00,18696.0,54.02,418.8,119.7,299.1,418.8
2025-04-14 16:00:00,7109.0,49.96,292.3,82.8,209.5,292.3
2025-04-14 17:00:00,161.0,48.94,161.0,37.5,123.5,161.0
2025-04-14 18:00:00,0.0,0.0,49.7,6.5,43.1,49.7
2025-04-14 19:00:00,0.0,0.0,0.0,0.0,0.0,0.0
2025-04-14 20:00:00,0.0,0.0,0.0,0.0,0.0,0.0
2025-04-14 21:00:00,0.0,0.0,0.0,0.0,0.0,0.0
2025-04-14 22:00:00,0.0,0.0,0.0,0.0,0.0,0.0
2025-04-14 23:00:00,0.0,0.0,0.0,0.0,0.0,0.0
2025-04-15 00:00:00,0.0,0.0,0.0,0.0,0.0,0.0
2025-04-15 01:00:00,0.0,0.0,0.0,0.0,0.0,0.0
2025-04-15 02:00:00,0.0,0.0,0.0,0.0,0.0,0.0
2025-04-15 03:00:00,0.0,0.0,0.0,0.0,0.0,0.0
2025-04-15 04:00:00,0.0,0.0,0.0,0.0,0.0,0.0
2025-04-15 05:00:00,1702.0,39.85,0.0,0.0,0.0,0.0
2025-04-15 06:00:00,6805.0,40.92,1.7,-0.1,1.8,1.7
2025-04-15 07:00:00,18463.0,45.85,74.8,11.6,63.3,74.8
2025-04-15 08:00:00,27788.0,53.28,195.8,49.8,146.1,195.8
2025-04-15 09:00:00,30140.0,54.0,460.5,232.6,227.9,460.5
2025-04-15 10:00:00,44510.0,64.08,545.7,224.9,320.8,545.7
2025-04-15 11:00:00,22406.0,63.09,843.7,521.5,322.1,843.7
2025-04-15 12:00:00,68190.0,66.08,812.0,419.9,392.1,812.0
2025-04-15 13:00:00,19018.0,63.22,846.3,474.3,372.1,846.3
2025-04-15 14:00:00,4470.0,49.44,471.7,102.7,368.9,471.7
2025-04-15 15:00:00,15247.0,51.78,137.2,1.1,136.0,137.2
2025-04-15 16:00:00,3685.0,51.05,202.7,29.2,173.5,202.7
2025-04-15 17:00:00,158.0,49.21,279.7,145.4,134.3,279.7
2025-04-15 18:00:00,0.0,0.0,71.5,18.8,52.7,71.5
2025-04-15 19:00:00,0.0,0.0,0.0,0.0,0.0,0.0
2025-04-15 20:00:00,0.0,0.0,0.0,0.0,0.0,0.0
2025-04-15 21:00:00,0.0,0.0,0.0,0.0,0.0,0.0
2025-04-15 22:00:00,0.0,0.0,0.0,0.0,0.0,0.0
2025-04-15 23:00:00,0.0,0.0,0.0,0.0,0.0,0.0
2025-04-16 00:00:00,0.0,0.0,0.0,0.0,0.0,0.0
2025-04-16 01:00:00,0.0,0.0,0.0,0.0,0.0,0.0
2025-04-16 02:00:00,0.0,0.0,0.0,0.0,0.0,0.0
2025-04-16 03:00:00,0.0,0.0,0.0,0.0,0.0,0.0
2025-04-16 04:00:00,0.0,0.0,0.0,0.0,0.0,0.0
2025-04-16 05:00:00,1319.0,39.79,0.0,0.0,0.0,0.0
2025-04-16 06:00:00,11247.0,44.42,2.2,-0.2,2.3,2.2
2025-04-16 07:00:00,14688.0,45.6,114.0,35.9,78.1,114.0
2025-04-16 08:00:00,41800.0,55.98,285.2,128.1,157.1,285.2
2025-04-16 09:00:00,57750.0,59.84,468.8,242.3,226.6,468.8
2025-04-16 10:00:00,43300.0,63.620000000000005,756.0,512.8,243.2,756.0
2025-04-16 11:00:00,60810.0,58.18,868.3,558.6,309.8,868.3
2025-04-16 12:00:00,55770.0,57.48,694.8,273.5,421.3,694.8
2025-04-16 13:00:00,44070.0,61.33,588.0,168.1,419.9,588.0
2025-04-16 14:00:00,20433.0,57.77,701.2,344.1,357.1,701.2
2025-04-16 15:00:00,12987.0,52.870000000000005,523.0,226.4,296.6,523.0
2025-04-16 16:00:00,13128.0,50.77,247.2,51.9,195.3,247.2
2025-04-16 17:00:00,252.0,48.78,88.5,7.4,81.1,88.5
2025-04-16 18:00:00,0.0,0.0,15.5,-0.3,15.8,15.5
2025-04-16 19:00:00,0.0,0.0,0.0,0.0,0.0,0.0
2025-04-16 20:00:00,0.0,0.0,0.0,0.0,0.0,0.0
2025-04-16 21:00:00,0.0,0.0,0.0,0.0,0.0,0.0
2025-04-16 22:00:00,0.0,0.0,0.0,0.0,0.0,0.0
2025-04-16 23:00:00,0.0,0.0,0.0,0.0,0.0,0.0
2025-04-17 00:00:00,0.0,0.0,0.0,0.0,0.0,0.0
2025-04-17 01:00:00,0.0,0.0,0.0,0.0,0.0,0.0
2025-04-17 02:00:00,0.0,0.0,0.0,0.0,0.0,0.0
2025-04-17 03:00:00,0.0,0.0,0.0,0.0,0.0,0.0
2025-04-17 04:00:00,0.0,0.0,0.0,0.0,0.0,0.0
2025-04-17 05:00:00,1085.0,40.05,0.0,0.0,0.0,0.0
2025-04-17 06:00:00,14066.0,41.9,2.8,-0.2,3.0,2.8
2025-04-17 07:00:00,27977.0,50.31,110.2,32.5,77.6,110.2
2025-04-17 08:00:00,43410.0,55.21,366.3,221.5,144.8,366.3
2025-04-17 09:00:00,62080.0,60.29,587.5,402.2,185.3,587.5
2025-04-17 10:00:00,71450.0,57.65,726.7,468.1,258.5,726.7
2025-04-17 11:00:00,18484.0,57.4,677.3,289.4,388.0,677.3
2025-04-17 12:00:00,57770.0,60.57,548.7,137.5,411.2,548.7
2025-04-17 13:00:00,56170.0,60.86,601.8,180.4,421.4,601.8
2025-04-17 14:00:00,12702.0,59.16,698.7,340.9,357.7,698.7
2025-04-17 15:00:00,20551.0,51.28,598.2,322.2,276.0,598.2
2025-04-17 16:00:00,2651.0,51.34,475.0,283.1,191.9,475.0
2025-04-17 17:00:00,73.0,49.0,287.7,154.4,133.3,287.7
2025-04-17 18:00:00,0.0,0.0,80.0,24.9,55.1,80.0
2025-04-17 19:00:00,0.0,0.0,0.0,0.0,0.0,0.0
2025-04-17 20:00:00,0.0,0.0,0.0,0.0,0.0,0.0
2025-04-17 21:00:00,0.0,0.0,0.0,0.0,0.0,0.0
2025-04-17 22:00:00,0.0,0.0,0.0,0.0,0.0,0.0
2025-04-17 23:00:00,0.0,0.0,0.0,0.0,0.0,0.0
2025-04-18 00:00:00,0.0,0.0,0.0,0.0,0.0,0.0
2025-04-18 01:00:00,0.0,0.0,0.0,0.0,0.0,0.0
2025-04-18 02:00:00,0.0,0.0,0.0,0.0,0.0,0.0
2025-04-18 03:00:00,0.0,0.0,0.0,0.0,0.0,0.0
2025-04-18 04:00:00,0.0,0.0,0.0,0.0,0.0,0.0
2025-04-18 05:00:00,425.0,38.96,0.0,0.0,0.0,0.0
2025-04-18 06:00:00,6038.0,44.9,4.2,-0.2,4.4,4.2
2025-04-18 07:00:00,13541.0,44.66,100.5,25.3,75.2,100.5
2025-04-18 08:00:00,26784.0,54.51,203.2,53.9,149.2,203.2
2025-04-18 09:00:00,28179.0,55.620000000000005,462.5,233.0,229.5,462.5
2025-04-18 10:00:00,59740.0,58.3,386.8,78.2,308.6,386.8
2025-04-18 11:00:00,32226.0,54.77,700.8,318.5,382.4,700.8
2025-04-18 12:00:00,18435.0,61.33,654.7,230.7,424.0,654.7
2025-04-18 13:00:00,24545.0,65.28,845.7,473.5,372.2,845.7
2025-04-18 14:00:00,46030.0,66.38,808.2,497.6,310.6,808.2
2025-04-18 15:00:00,12790.0,58.71,697.5,464.4,233.1,697.5
2025-04-18 16:00:00,9167.0,51.2,485.0,296.5,188.5,485.0
2025-04-18 17:00:00,111.0,49.67,279.3,145.1,134.2,279.3
2025-04-18 18:00:00,0.0,0.0,54.3,8.6,45.7,54.3
2025-04-18 19:00:00,0.0,0.0,0.0,0.0,0.0,0.0
2025-04-18 20:00:00,0.0,0.0,0.0,0.0,0.0,0.0
2025-04-18 21:00:00,0.0,0.0,0.0,0.0,0.0,0.0
2025-04-18 22:00:00,0.0,0.0,0.0,0.0,0.0,0.0
2025-04-18 23:00:00,0.0,0.0,0.0,0.0,0.0,0.0
2025-04-19 00:00:00,0.0,0.0,0.0,0.0,0.0,0.0
2025-04-19 01:00:00,0.0,0.0,0.0,0.0,0.0,0.0
2025-04-19 02:00:00,0.0,0.0,0.0,0.0,0.0,0.0
2025-04-19 03:00:00,0.0,0.0,0.0,0.0,0.0,0.0
2025-04-19 04:00:00,0.0,0.0,0.0,0.0,0.0,0.0
2025-04-19 05:00:00,1657.0,41.5,0.0,0.0,0.0,0.0
2025-04-19 06:00:00,14792.0,41.99,5.2,-0.2,5.4,5.2
2025-04-19 07:00:00,34370.0,51.78,161.8,76.2,85.7,161.8
2025-04-19 08:00:00,51050.0,56.82,399.8,260.2,139.7,399.8
2025-04-19 09:00:00,32640.0,64.8,628.2,457.0,171.1,628.2
2025-04-19 10:00:00,28098.0,67.26,734.8,478.9,255.9,734.8
2025-04-19 11:00:00,45030.0,69.15,862.0,547.5,314.5,862.0
2025-04-19 12:00:00,68860.0,68.51,691.5,269.8,421.7,691.5
2025-04-19 13:00:00,54500.0,63.54,713.7,298.2,415.4,713.7
2025-04-19 14:00:00,46050.0,63.13,828.5,528.7,299.8,828.5
2025-04-19 15:00:00,25242.0,56.99,739.2,526.3,212.9,739.2
2025-04-19 16:00:00,10357.0,50.93,539.8,370.5,169.4,539.8
2025-04-19 17:00:00,245.0,49.28,300.7,169.1,131.5,300.7
2025-04-19 18:00:00,0.0,0.0,59.2,11.1,48.1,59.2
2025-04-19 19:00:00,0.0,0.0,0.0,0.0,0.0,0.0
2025-04-19 20:00:00,0.0,0.0,0.0,0.0,0.0,0.0
2025-04-19 21:00:00,0.0,0.0,0.0,0.0,0.0,0.0
2025-04-19 22:00:00,0.0,0.0,0.0,0.0,0.0,0.0
2025-04-19 23:00:00,0.0,0.0,0.0,0.0,0.0,0.0
2025-04-20 00:00:00,0.0,0.0,0.0,0.0,0.0,0.0
2025-04-20 01:00:00,0.0,0.0,0.0,0.0,0.0,0.0
2025-04-20 02:00:00,0.0,0.0,0.0,0.0,0.0,0.0
2025-04-20 03:00:00,0.0,0.0,0.0,0.0,0.0,0.0
2025-04-20 04:00:00,0.0,0.0,0.0,0.0,0.0,0.0
2025-04-20 05:00:00,1412.0,40.72,0.0,0.0,0.0,0.0
2025-04-20 06:00:00,14220.0,41.77,6.2,-0.2,6.4,6.2
2025-04-20 07:00:00,33750.0,51.03,154.7,69.3,85.4,154.7
2025-04-20 08:00:00,47430.0,56.89,411.3,273.0,138.4,411.3
2025-04-20 09:00:00,59710.0,63.13,643.8,477.6,166.2,643.8
2025-04-20 10:00:00,66090.0,70.18,838.0,632.5,205.5,838.0
2025-04-20 11:00:00,72910.0,68.21000000000001,939.2,666.3,272.9,939.2
2025-04-20 12:00:00,70120.0,68.23,885.7,524.9,360.7,885.7
2025-04-20 13:00:00,57780.0,73.73,969.2,661.1,308.1,969.2
2025-04-20 14:00:00,13261.0,64.22,914.8,661.7,253.2,914.8
2025-04-20 15:00:00,28827.0,59.32,590.0,311.9,278.1,590.0
2025-04-20 16:00:00,10988.0,52.08,507.7,327.3,180.4,507.7
2025-04-20 17:00:00,268.0,49.28,323.0,194.1,128.9,323.0
2025-04-20 18:00:00,0.0,0.0,67.2,15.8,51.4,67.2
2025-04-20 19:00:00,0.0,0.0,0.0,0.0,0.0,0.0
2025-04-20 20:00:00,0.0,0.0,0.0,0.0,0.0,0.0
2025-04-20 21:00:00,0.0,0.0,0.0,0.0,0.0,0.0
2025-04-20 22:00:00,0.0,0.0,0.0,0.0,0.0,0.0
2025-04-20 23:00:00,0.0,0.0,0.0,0.0,0.0,0.0
2025-04-21 00:00:00,0.0,0.0,0.0,0.0,0.0,0.0
2025-04-21 01:00:00,0.0,0.0,0.0,0.0,0.0,0.0
2025-04-21 02:00:00,0.0,0.0,0.0,0.0,0.0,0.0
2025-04-21 03:00:00,0.0,0.0,0.0,0.0,0.0,0.0
2025-04-21 04:00:00,0.0,0.0,0.0,0.0,0.0,0.0
2025-04-21 05:00:00,1511.0,40.25,0.0,0.0,0.0,0.0
2025-04-21 06:00:00,12796.0,41.41,6.8,-0.2,7.0,6.8
2025-04-21 07:00:00,36480.0,52.870000000000005,169.2,81.9,87.3,169.2
2025-04-21 08:00:00,54000.0,58.43,358.5,209.8,148.7,358.5
2025-04-21 09:00:00,66120.0,62.76,549.0,345.8,203.2,549.0
2025-04-21 10:00:00,73260.0,70.77,728.2,467.8,260.4,728.2
2025-04-21 11:00:00,73230.0,66.24,802.2,457.1,345.1,802.2
2025-04-21 12:00:00,43070.0,58.8,621.8,198.8,423.1,621.8
2025-04-21 13:00:00,11043.0,53.09,584.2,164.9,419.3,584.2
2025-04-21 14:00:00,3574.0,48.78,442.5,83.2,359.3,442.5
2025-04-21 15:00:00,1883.0,47.93,559.2,271.9,287.3,559.2
2025-04-21 16:00:00,1789.0,46.9,412.8,204.6,208.3,412.8
2025-04-21 17:00:00,329.0,46.07,325.8,197.3,128.5,325.8
2025-04-21 18:00:00,0.0,0.0,71.0,18.3,52.7,71.0
2025-04-21 19:00:00,0.0,0.0,0.0,0.0,0.0,0.0
2025-04-21 20:00:00,0.0,0.0,0.0,0.0,0.0,0.0
2025-04-21 21:00:00,0.0,0.0,0.0,0.0,0.0,0.0
2025-04-21 22:00:00,0.0,0.0,0.0,0.0,0.0,0.0
2025-04-21 23:00:00,0.0,0.0,0.0,0.0,0.0,0.0
2025-04-22 00:00:00,0.0,0.0,0.0,0.0,0.0,0.0
2025-04-22 01:00:00,0.0,0.0,0.0,0.0,0.0,0.0
2025-04-22 02:00:00,0.0,0.0,0.0,0.0,0.0,0.0
2025-04-22 03:00:00,0.0,0.0,0.0,0.0,0.0,0.0
2025-04-22 04:00:00,0.0,0.0,0.0,0.0,0.0,0.0
2025-04-22 05:00:00,2385.0,39.65,0.0,0.0,0.0,0.0
2025-04-22 06:00:00,11747.0,44.39,7.2,-0.2,7.3,7.2
2025-04-22 07:00:00,33490.0,49.74,154.5,68.3,86.2,154.5
2025-04-22 08:00:00,50780.0,56.65,376.3,230.8,145.6,376.3
2025-04-22 09:00:00,56360.0,62.21,547.0,342.4,204.6,547.0
2025-04-22 10:00:00,23741.0,65.66,733.8,475.7,258.2,733.8
2025-04-22 11:00:00,74550.0,72.12,841.2,514.8,326.3,841.2
2025-04-22 12:00:00,21064.0,59.52,882.2,519.8,362.4,882.2
2025-04-22 13:00:00,21985.0,56.85,455.5,75.6,379.9,455.5
2025-04-22 14:00:00,8992.0,48.58,711.7,359.9,351.8,711.7
2025-04-22 15:00:00,6856.0,48.84,623.3,358.2,265.1,623.3
2025-04-22 16:00:00,3437.0,48.17,549.3,383.6,165.8,549.3
2025-04-22 17:00:00,310.0,46.97,276.8,142.5,134.4,276.8
2025-04-22 18:00:00,0.0,0.0,75.3,21.3,54.1,75.3
2025-04-22 19:00:00,0.0,0.0,0.0,0.0,0.0,0.0
2025-04-22 20:00:00,0.0,0.0,0.0,0.0,0.0,0.0
2025-04-22 21:00:00,0.0,0.0,0.0,0.0,0.0,0.0
2025-04-22 22:00:00,0.0,0.0,0.0,0.0,0.0,0.0
2025-04-22 23:00:00,0.0,0.0,0.0,0.0,0.0,0.0
2025-04-23 00:00:00,0.0,0.0,0.0,0.0,0.0,0.0
2025-04-23 01:00:00,0.0,0.0,0.0,0.0,0.0,0.0
2025-04-23 02:00:00,0.0,0.0,0.0,0.0,0.0,0.0
2025-04-23 03:00:00,0.0,0.0,0.0,0.0,0.0,0.0
2025-04-23 04:00:00,0.0,0.0,0.0,0.0,0.0,0.0
2025-04-23 05:00:00,2513.0,39.96,0.0,0.0,0.0,0.0
2025-04-23 06:00:00,12701.0,44.42,6.8,-0.2,7.0,6.8
2025-04-23 07:00:00,18133.0,45.42,163.2,75.8,87.4,163.2
2025-04-23 08:00:00,50560.0,56.99,392.0,249.1,142.9,392.0
2025-04-23 09:00:00,61730.0,62.72,638.0,468.2,169.8,638.0
2025-04-23 10:00:00,60900.0,68.44,828.8,617.5,211.3,828.8
2025-04-23 11:00:00,74510.0,69.04,933.7,656.9,276.7,933.7
2025-04-23 12:00:00,66320.0,72.75,854.0,478.7,375.3,854.0
2025-04-23 13:00:00,2174.0,49.93,955.7,640.8,314.9,955.7
2025-04-23 14:00:00,7565.0,49.44,237.0,6.0,231.0,237.0
2025-04-23 15:00:00,7256.0,49.28,43.8,-0.2,44.0,43.8
2025-04-23 16:00:00,4342.0,48.58,99.5,3.6,95.9,99.5
2025-04-23 17:00:00,0.0,47.25,109.2,13.2,96.0,109.2
2025-04-23 18:00:00,0.0,0.0,41.7,3.5,38.1,41.7
2025-04-23 19:00:00,0.0,0.0,0.0,0.0,0.0,0.0
2025-04-23 20:00:00,0.0,0.0,0.0,0.0,0.0,0.0
2025-04-23 21:00:00,0.0,0.0,0.0,0.0,0.0,0.0
2025-04-23 22:00:00,0.0,0.0,0.0,0.0,0.0,0.0
2025-04-23 23:00:00,0.0,0.0,0.0,0.0,0.0,0.0
2025-04-24 00:00:00,0.0,0.0,0.0,0.0,0.0,0.0
2025-04-24 01:00:00,0.0,0.0,0.0,0.0,0.0,0.0
2025-04-24 02:00:00,0.0,0.0,0.0,0.0,0.0,0.0
2025-04-24 03:00:00,0.0,0.0,0.0,0.0,0.0,0.0
2025-04-24 04:00:00,0.0,0.0,0.0,0.0,0.0,0.0
2025-04-24 05:00:00,0.0,31.51,0.0,0.0,0.0,0.0
2025-04-24 06:00:00,17796.0,44.78,5.8,-0.3,6.1,5.8
2025-04-24 07:00:00,35810.0,50.68,160.8,73.2,87.6,160.8
2025-04-24 08:00:00,51110.0,56.05,395.0,252.2,142.8,395.0
2025-04-24 09:00:00,57660.0,62.03,602.8,419.2,183.7,602.8
2025-04-24 10:00:00,59200.0,66.14,770.0,529.0,241.0,770.0
2025-04-24 11:00:00,69070.0,64.08,860.0,543.0,317.0,860.0
2025-04-24 12:00:00,70910.0,64.35,935.7,600.6,335.1,935.7
2025-04-24 13:00:00,59430.0,68.69,927.7,597.7,329.9,927.7
2025-04-24 14:00:00,51550.0,67.38,810.0,502.5,307.5,810.0
2025-04-24 15:00:00,6807.0,54.23,376.5,87.5,289.0,376.5
2025-04-24 16:00:00,555.0,49.870000000000005,31.0,0.4,30.6,31.0
2025-04-24 17:00:00,0.0,47.04,7.0,0.1,6.9,7.0
2025-04-24 18:00:00,0.0,0.0,15.8,-0.3,16.1,15.8
2025-04-24 19:00:00,0.0,0.0,0.0,0.0,0.0,0.0
2025-04-24 20:00:00,0.0,0.0,0.0,0.0,0.0,0.0
2025-04-24 21:00:00,0.0,0.0,0.0,0.0,0.0,0.0
2025-04-24 22:00:00,0.0,0.0,0.0,0.0,0.0,0.0
2025-04-24 23:00:00,0.0,0.0,0.0,0.0,0.0,0.0
2025-04-25 00:00:00,0.0,0.0,0.0,0.0,0.0,0.0
2025-04-25 01:00:00,0.0,0.0,0.0,0.0,0.0,0.0
2025-04-25 02:00:00,0.0,0.0,0.0,0.0,0.0,0.0
2025-04-25 03:00:00,0.0,0.0,0.0,0.0,0.0,0.0
2025-04-25 04:00:00,0.0,0.0,0.0,0.0,0.0,0.0
2025-04-25 05:00:00,543.0,41.44,0.0,0.0,0.0,0.0
2025-04-25 06:00:00,17506.0,42.05,9.3,0.0,9.3,9.3
2025-04-25 07:00:00,37100.0,52.57,174.2,84.9,89.2,174.2
2025-04-25 08:00:00,50670.0,56.81,396.0,253.0,143.0,396.0
2025-04-25 09:00:00,66520.0,61.28,469.0,237.2,231.8,469.0
2025-04-25 10:00:00,65140.0,67.56,742.0,486.5,255.5,742.0
2025-04-25 11:00:00,19884.0,64.22,909.8,619.7,290.2,909.8
2025-04-25 12:00:00,22386.0,55.67,903.0,551.0,352.0,903.0
2025-04-25 13:00:00,61090.0,56.82,676.7,256.5,420.2,676.7
2025-04-25 14:00:00,45610.0,65.8,780.8,459.4,321.4,780.8
2025-04-25 15:00:00,5788.0,52.08,614.7,347.1,267.6,614.7
2025-04-25 16:00:00,4468.0,50.08,519.0,343.3,175.7,519.0
2025-04-25 17:00:00,0.0,48.34,238.3,101.5,136.8,238.3
2025-04-25 18:00:00,0.0,0.0,75.8,21.5,54.3,75.8
2025-04-25 19:00:00,0.0,0.0,0.0,0.0,0.0,0.0
2025-04-25 20:00:00,0.0,0.0,0.0,0.0,0.0,0.0
2025-04-25 21:00:00,0.0,0.0,0.0,0.0,0.0,0.0
2025-04-25 22:00:00,0.0,0.0,0.0,0.0,0.0,0.0
2025-04-25 23:00:00,0.0,0.0,0.0,0.0,0.0,0.0
2025-04-26 00:00:00,0.0,0.0,0.0,0.0,0.0,0.0
2025-04-26 01:00:00,0.0,0.0,0.0,0.0,0.0,0.0
2025-04-26 02:00:00,0.0,0.0,0.0,0.0,0.0,0.0
2025-04-26 03:00:00,0.0,0.0,0.0,0.0,0.0,0.0
2025-04-26 04:00:00,0.0,0.0,0.0,0.0,0.0,0.0
2025-04-26 05:00:00,1702.0,42.02,0.0,0.0,0.0,0.0
2025-04-26 06:00:00,7001.0,41.6,8.3,-0.1,8.5,8.3
2025-04-26 07:00:00,16269.0,46.38,117.5,35.0,82.5,117.5
2025-04-26 08:00:00,22670.0,51.74,215.8,60.9,154.9,215.8
2025-04-26 09:00:00,56530.0,57.11,517.7,300.0,217.6,517.7
2025-04-26 10:00:00,34060.0,55.620000000000005,690.3,409.9,280.5,690.3
2025-04-26 11:00:00,16674.0,53.46,539.7,143.7,395.9,539.7
2025-04-26 12:00:00,10855.0,51.27,520.2,117.3,402.9,520.2
2025-04-26 13:00:00,54970.0,63.18,661.5,240.1,421.4,661.5
2025-04-26 14:00:00,42280.0,61.75,865.7,588.5,277.2,865.7
2025-04-26 15:00:00,27622.0,57.14,761.2,560.7,200.5,761.2
2025-04-26 16:00:00,10803.0,50.66,544.0,377.0,167.0,544.0
2025-04-26 17:00:00,0.0,49.11,277.7,143.5,134.2,277.7
2025-04-26 18:00:00,0.0,0.0,5.0,-0.2,5.2,5.0
2025-04-26 19:00:00,0.0,0.0,0.0,0.0,0.0,0.0
2025-04-26 20:00:00,0.0,0.0,0.0,0.0,0.0,0.0
2025-04-26 21:00:00,0.0,0.0,0.0,0.0,0.0,0.0
2025-04-26 22:00:00,0.0,0.0,0.0,0.0,0.0,0.0
2025-04-26 23:00:00,0.0,0.0,0.0,0.0,0.0,0.0
